[
    {
        "key": "SOL_fascism:0",
        "original": "Solar Empire",
        "translation": "태양 제국",
        "stage": 1,
        "context": null
    },
    {
        "key": "SOL_fascism_DEF:0",
        "original": "The Solar Empire",
        "translation": "태양 제국",
        "stage": 1,
        "context": null
    },
    {
        "key": "SOL_communism:0",
        "original": "Socialist Republic of Equestria",
        "translation": "이퀘스트리아 사회주의 공화국",
        "stage": 1,
        "context": null
    },
    {
        "key": "SOL_communism_DEF:0",
        "original": "The Socialist Republic of Equestria",
        "translation": "이퀘스트리아 사회주의 공화국",
        "stage": 1,
        "context": null
    },
    {
        "key": "SOL_democratic:0",
        "original": "Equestria",
        "translation": "이퀘스트리아",
        "stage": 1,
        "context": null
    },
    {
        "key": "SOL_democratic_DEF:0",
        "original": "Equestria",
        "translation": "이퀘스트리아",
        "stage": 1,
        "context": null
    },
    {
        "key": "SOL_fascism_ADJ:0",
        "original": "Solar",
        "translation": "태양",
        "stage": 1,
        "context": null
    },
    {
        "key": "SOL_democratic_ADJ:0",
        "original": "Equestrian",
        "translation": "이퀘스트리아",
        "stage": 1,
        "context": null
    },
    {
        "key": "SOL_communism_ADJ:0",
        "original": "Equestrian",
        "translation": "이퀘스트리아",
        "stage": 1,
        "context": null
    },
    {
        "key": "MAN_neutrality:0",
        "original": "Conglomerate of East Coast",
        "translation": "동해 복합기업",
        "stage": 1,
        "context": null
    },
    {
        "key": "MAN_fascism:0",
        "original": "Land of the Rising Sun",
        "translation": "욱일국",
        "stage": 1,
        "context": null
    },
    {
        "key": "MAN_communism:0",
        "original": "State of East Equestria",
        "translation": "동이퀘스트리아 정부",
        "stage": 1,
        "context": null
    },
    {
        "key": "MAN_democratic:0",
        "original": "Republic of Eastern Equestria",
        "translation": "동이퀘스트리아 공화국",
        "stage": 1,
        "context": null
    },
    {
        "key": "MAN_neutrality_DEF:0",
        "original": "The Conglomerate of East Coast",
        "translation": "동해 복합기업",
        "stage": 1,
        "context": null
    },
    {
        "key": "MAN_fascism_DEF:0",
        "original": "The Land of the Rising Sun",
        "translation": "욱일국",
        "stage": 1,
        "context": null
    },
    {
        "key": "MAN_communism_DEF:0",
        "original": "The State of East Equestria",
        "translation": "동이퀘스트리아 정부",
        "stage": 1,
        "context": null
    },
    {
        "key": "MAN_democratic_DEF:0",
        "original": "The Republic of Eastern Equestria",
        "translation": "동이퀘스트리아 공화국",
        "stage": 1,
        "context": null
    },
    {
        "key": "MAN_fascism_ADJ:0",
        "original": "Manehattanite",
        "translation": "메인해튼",
        "stage": 1,
        "context": null
    },
    {
        "key": "MAN_democratic_ADJ:0",
        "original": "Manehattanite",
        "translation": "메인해튼",
        "stage": 1,
        "context": null
    },
    {
        "key": "MAN_neutrality_ADJ:0",
        "original": "Manehattanite",
        "translation": "메인해튼",
        "stage": 1,
        "context": null
    },
    {
        "key": "MAN_communism_ADJ:0",
        "original": "Manehattanite",
        "translation": "메인해튼",
        "stage": 1,
        "context": null
    }
]