[
    {
        "key": "CAN_fascism:0",
        "original": "Canterlot Commissariat",
        "translation": "",
        "stage": 0,
        "context": null
    },
    {
        "key": "CAN_fascism_DEF:0",
        "original": "The Changeling Commissariat of Canterlot",
        "translation": "",
        "stage": 0,
        "context": null
    },
    {
        "key": "CAN_fascism_ADJ:0",
        "original": "Canterlonian",
        "translation": "",
        "stage": 0,
        "context": null
    },
    {
        "key": "CAN_neutrality:0",
        "original": "Canterlot Commissariat",
        "translation": "",
        "stage": 0,
        "context": null
    },
    {
        "key": "CAN_neutrality_DEF:0",
        "original": "The Changeling Commissariat of Canterlot",
        "translation": "",
        "stage": 0,
        "context": null
    },
    {
        "key": "CAN_neutrality_ADJ:0",
        "original": "Canterlonian",
        "translation": "",
        "stage": 0,
        "context": null
    },
    {
        "key": "CAN_communism:0",
        "original": "Canterlot Collective",
        "translation": "",
        "stage": 0,
        "context": null
    },
    {
        "key": "CAN_communism_DEF:0",
        "original": "The Ponies' Collective of Canterlot",
        "translation": "",
        "stage": 0,
        "context": null
    },
    {
        "key": "CAN_communism_ADJ:0",
        "original": "Canterlonian",
        "translation": "",
        "stage": 0,
        "context": null
    },
    {
        "key": "CAN_democratic:0",
        "original": "Canterlot Commune",
        "translation": "",
        "stage": 0,
        "context": null
    },
    {
        "key": "CAN_democratic_DEF:0",
        "original": "The Municipal Commune of Canterlot",
        "translation": "",
        "stage": 0,
        "context": null
    },
    {
        "key": "CAN_democratic_ADJ:0",
        "original": "Canterlonian",
        "translation": "",
        "stage": 0,
        "context": null
    },
    {
        "key": "CAN_infantry_equipment_0:0",
        "original": "Karabiner 98k",
        "translation": "",
        "stage": 0,
        "context": null
    },
    {
        "key": "CAN_infantry_equipment_0_short:0",
        "original": "Karabiner 98k",
        "translation": "",
        "stage": 0,
        "context": null
    },
    {
        "key": "CAN_infantry_equipment_1:0",
        "original": "Gewehr 7",
        "translation": "",
        "stage": 0,
        "context": null
    },
    {
        "key": "CAN_infantry_equipment_1_short:0",
        "original": "Gewehr 7",
        "translation": "",
        "stage": 0,
        "context": null
    },
    {
        "key": "CAN_infantry_equipment_2:0",
        "original": "MP 10",
        "translation": "",
        "stage": 0,
        "context": null
    },
    {
        "key": "CAN_infantry_equipment_2_short:0",
        "original": "MP 10",
        "translation": "",
        "stage": 0,
        "context": null
    },
    {
        "key": "CAN_infantry_equipment_3:0",
        "original": "MP 13",
        "translation": "",
        "stage": 0,
        "context": null
    },
    {
        "key": "CAN_infantry_equipment_3_short:0",
        "original": "MP 13",
        "translation": "",
        "stage": 0,
        "context": null
    },
    {
        "key": "CAN_infantry_at:0",
        "original": "Panzerfaust 30",
        "translation": "",
        "stage": 0,
        "context": null
    },
    {
        "key": "CAN_infantry_at2:0",
        "original": "Panzerschreck",
        "translation": "",
        "stage": 0,
        "context": null
    },
    {
        "key": "CAN_support_weapons:0",
        "original": "MG 08 & leichter Minenwerfer",
        "translation": "",
        "stage": 0,
        "context": null
    },
    {
        "key": "CAN_support_weapons2:0",
        "original": "MG 34 & 5 cm Granatwerfer 36",
        "translation": "",
        "stage": 0,
        "context": null
    },
    {
        "key": "CAN_support_weapons3:0",
        "original": "MG 42 & 8 cm Granatwerfer 34",
        "translation": "",
        "stage": 0,
        "context": null
    },
    {
        "key": "CAN_support_weapons4:0",
        "original": "MG 45 & 12 cm Granatwerfer 42",
        "translation": "",
        "stage": 0,
        "context": null
    },
    {
        "key": "CAN_gw_tank_equipment:0",
        "original": "Leichttraktor",
        "translation": "",
        "stage": 0,
        "context": null
    },
    {
        "key": "CAN_gw_tank_equipment_short:0",
        "original": "Leichttraktor",
        "translation": "",
        "stage": 0,
        "context": null
    },
    {
        "key": "CAN_heavy_tank_artillery_equipment_2:0",
        "original": "Sturmtiger",
        "translation": "",
        "stage": 0,
        "context": null
    },
    {
        "key": "CAN_heavy_tank_artillery_equipment_2_short:0",
        "original": "Sturmtiger",
        "translation": "",
        "stage": 0,
        "context": null
    },
    {
        "key": "CAN_heavy_tank_artillery_equipment_3:0",
        "original": "Geschützwagen Tiger",
        "translation": "",
        "stage": 0,
        "context": null
    },
    {
        "key": "CAN_heavy_tank_artillery_equipment_3_short:0",
        "original": "GW Tiger",
        "translation": "",
        "stage": 0,
        "context": null
    },
    {
        "key": "CAN_heavy_tank_destroyer_equipment_2:0",
        "original": "Panzerjäger Tiger (CM)",
        "translation": "",
        "stage": 0,
        "context": null
    },
    {
        "key": "CAN_heavy_tank_destroyer_equipment_2_short:0",
        "original": "Elefant",
        "translation": "",
        "stage": 0,
        "context": null
    },
    {
        "key": "CAN_heavy_tank_destroyer_equipment_3:0",
        "original": "Panzerjäger Tiger Ausf. B",
        "translation": "",
        "stage": 0,
        "context": null
    },
    {
        "key": "CAN_heavy_tank_destroyer_equipment_3_short:0",
        "original": "Jagdtiger",
        "translation": "",
        "stage": 0,
        "context": null
    },
    {
        "key": "CAN_heavy_tank_equipment_1:0",
        "original": "Grosstraktor",
        "translation": "",
        "stage": 0,
        "context": null
    },
    {
        "key": "CAN_heavy_tank_equipment_1_short:0",
        "original": "Grosstraktor",
        "translation": "",
        "stage": 0,
        "context": null
    },
    {
        "key": "CAN_heavy_tank_equipment_2:0",
        "original": "Panzerkampfwagen VI Tiger",
        "translation": "",
        "stage": 0,
        "context": null
    },
    {
        "key": "CAN_heavy_tank_equipment_2_short:0",
        "original": "Tiger",
        "translation": "",
        "stage": 0,
        "context": null
    },
    {
        "key": "CAN_heavy_tank_equipment_3:0",
        "original": "Panzerkampfwagen Tiger Ausf. B",
        "translation": "",
        "stage": 0,
        "context": null
    },
    {
        "key": "CAN_heavy_tank_equipment_3_short:0",
        "original": "King Tiger",
        "translation": "",
        "stage": 0,
        "context": null
    },
    {
        "key": "CAN_light_tank_aa_equipment_1:0",
        "original": "Flakpanzer I",
        "translation": "",
        "stage": 0,
        "context": null
    },
    {
        "key": "CAN_light_tank_aa_equipment_1_short:0",
        "original": "FlakPz I",
        "translation": "",
        "stage": 0,
        "context": null
    },
    {
        "key": "CAN_light_tank_aa_equipment_2:0",
        "original": "Flakpanzer Luchs",
        "translation": "",
        "stage": 0,
        "context": null
    },
    {
        "key": "CAN_light_tank_aa_equipment_2_short:0",
        "original": "FlakPz Luchs",
        "translation": "",
        "stage": 0,
        "context": null
    },
    {
        "key": "CAN_light_tank_aa_equipment_3:0",
        "original": "Flakpanzer 1602",
        "translation": "",
        "stage": 0,
        "context": null
    },
    {
        "key": "CAN_light_tank_aa_equipment_3_short:0",
        "original": "FlakPz 1602",
        "translation": "",
        "stage": 0,
        "context": null
    },
    {
        "key": "CAN_light_tank_artillery_equipment_1:0",
        "original": "Sturmpanzer I Bison",
        "translation": "",
        "stage": 0,
        "context": null
    },
    {
        "key": "CAN_light_tank_artillery_equipment_1_short:0",
        "original": "Bison",
        "translation": "",
        "stage": 0,
        "context": null
    },
    {
        "key": "CAN_light_tank_artillery_equipment_2:0",
        "original": "Sd. Kfz. 124 Wespe",
        "translation": "",
        "stage": 0,
        "context": null
    },
    {
        "key": "CAN_light_tank_artillery_equipment_2_short:0",
        "original": "Wespe",
        "translation": "",
        "stage": 0,
        "context": null
    },
    {
        "key": "CAN_light_tank_artillery_equipment_3:0",
        "original": "Waffentrager Leopard",
        "translation": "",
        "stage": 0,
        "context": null
    },
    {
        "key": "CAN_light_tank_artillery_equipment_3_short:0",
        "original": "WT Leopard",
        "translation": "",
        "stage": 0,
        "context": null
    },
    {
        "key": "CAN_light_tank_destroyer_equipment_1:0",
        "original": "Panzerjager I",
        "translation": "",
        "stage": 0,
        "context": null
    },
    {
        "key": "CAN_light_tank_destroyer_equipment_1_short:0",
        "original": "Pzjager I",
        "translation": "",
        "stage": 0,
        "context": null
    },
    {
        "key": "CAN_light_tank_destroyer_equipment_2:0",
        "original": "7.5 cm PaK 40 auf Fahrgestell Marder II",
        "translation": "",
        "stage": 0,
        "context": null
    },
    {
        "key": "CAN_light_tank_destroyer_equipment_2_short:0",
        "original": "Marder II",
        "translation": "",
        "stage": 0,
        "context": null
    },
    {
        "key": "CAN_light_tank_destroyer_equipment_3:0",
        "original": "Sturmgeschuetz auf Leopard",
        "translation": "",
        "stage": 0,
        "context": null
    },
    {
        "key": "CAN_light_tank_destroyer_equipment_3_short:0",
        "original": "JagdLeopard",
        "translation": "",
        "stage": 0,
        "context": null
    },
    {
        "key": "CAN_light_tank_equipment_1:0",
        "original": "Panzerkampfwagen I",
        "translation": "",
        "stage": 0,
        "context": null
    },
    {
        "key": "CAN_light_tank_equipment_1_short:0",
        "original": "Panzer I",
        "translation": "",
        "stage": 0,
        "context": null
    },
    {
        "key": "CAN_light_tank_equipment_2:0",
        "original": "Panzerkampfwagen II",
        "translation": "",
        "stage": 0,
        "context": null
    },
    {
        "key": "CAN_light_tank_equipment_2_short:0",
        "original": "Panzer II",
        "translation": "",
        "stage": 0,
        "context": null
    },
    {
        "key": "CAN_light_tank_equipment_3:0",
        "original": "VK 16.02 Leopard",
        "translation": "",
        "stage": 0,
        "context": null
    },
    {
        "key": "CAN_light_tank_equipment_3_short:0",
        "original": "VK1602 Leopard",
        "translation": "",
        "stage": 0,
        "context": null
    },
    {
        "key": "CAN_medium_tank_aa_equipment_1:0",
        "original": "Flakpanzer III Möbelwagen",
        "translation": "",
        "stage": 0,
        "context": null
    },
    {
        "key": "CAN_medium_tank_aa_equipment_1_short:0",
        "original": "Möbelwagen",
        "translation": "",
        "stage": 0,
        "context": null
    },
    {
        "key": "CAN_medium_tank_aa_equipment_2:0",
        "original": "Flakpanzer IV Ostwind",
        "translation": "",
        "stage": 0,
        "context": null
    },
    {
        "key": "CAN_medium_tank_aa_equipment_2_short:0",
        "original": "Ostwind",
        "translation": "",
        "stage": 0,
        "context": null
    },
    {
        "key": "CAN_medium_tank_aa_equipment_3:0",
        "original": "Flakpanzer Coelian",
        "translation": "",
        "stage": 0,
        "context": null
    },
    {
        "key": "CAN_medium_tank_aa_equipment_3_short:0",
        "original": "Coelian",
        "translation": "",
        "stage": 0,
        "context": null
    },
    {
        "key": "CAN_medium_tank_artillery_equipment_1:0",
        "original": "Grille",
        "translation": "",
        "stage": 0,
        "context": null
    },
    {
        "key": "CAN_medium_tank_artillery_equipment_1_short:0",
        "original": "Grille",
        "translation": "",
        "stage": 0,
        "context": null
    },
    {
        "key": "CAN_medium_tank_artillery_equipment_2:0",
        "original": "Hummel",
        "translation": "",
        "stage": 0,
        "context": null
    },
    {
        "key": "CAN_medium_tank_artillery_equipment_2_short:0",
        "original": "Hummel",
        "translation": "",
        "stage": 0,
        "context": null
    },
    {
        "key": "CAN_medium_tank_artillery_equipment_3:0",
        "original": "Grille 12",
        "translation": "",
        "stage": 0,
        "context": null
    },
    {
        "key": "CAN_medium_tank_artillery_equipment_3_short:0",
        "original": "Grille 12",
        "translation": "",
        "stage": 0,
        "context": null
    },
    {
        "key": "CAN_medium_tank_destroyer_equipment_1:0",
        "original": "Sturmgeschütz III",
        "translation": "",
        "stage": 0,
        "context": null
    },
    {
        "key": "CAN_medium_tank_destroyer_equipment_1_short:0",
        "original": "StuG III",
        "translation": "",
        "stage": 0,
        "context": null
    },
    {
        "key": "CAN_medium_tank_destroyer_equipment_2:0",
        "original": "Jagdpanzer IV",
        "translation": "",
        "stage": 0,
        "context": null
    },
    {
        "key": "CAN_medium_tank_destroyer_equipment_2_short:0",
        "original": "Stug IV",
        "translation": "",
        "stage": 0,
        "context": null
    },
    {
        "key": "CAN_medium_tank_destroyer_equipment_3:0",
        "original": "Jagdpanther",
        "translation": "",
        "stage": 0,
        "context": null
    },
    {
        "key": "CAN_medium_tank_destroyer_equipment_3_short:0",
        "original": "Jagdpanther",
        "translation": "",
        "stage": 0,
        "context": null
    },
    {
        "key": "CAN_medium_tank_equipment_1:0",
        "original": "Panzerkampfwagen III",
        "translation": "",
        "stage": 0,
        "context": null
    },
    {
        "key": "CAN_medium_tank_equipment_1_short:0",
        "original": "Panzer III",
        "translation": "",
        "stage": 0,
        "context": null
    },
    {
        "key": "CAN_medium_tank_equipment_2:0",
        "original": "Panzerkampfwagen IV",
        "translation": "",
        "stage": 0,
        "context": null
    },
    {
        "key": "CAN_medium_tank_equipment_2_short:0",
        "original": "Panzer IV",
        "translation": "",
        "stage": 0,
        "context": null
    },
    {
        "key": "CAN_medium_tank_equipment_3:0",
        "original": "Panzerkampfwagen V Panther",
        "translation": "",
        "stage": 0,
        "context": null
    },
    {
        "key": "CAN_medium_tank_equipment_3_short:0",
        "original": "Panther",
        "translation": "",
        "stage": 0,
        "context": null
    },
    {
        "key": "CAN_modern_tank_destroyer_equipment_1:0",
        "original": "E-25 Standardpanzer",
        "translation": "",
        "stage": 0,
        "context": null
    },
    {
        "key": "CAN_modern_tank_destroyer_equipment_1_short:0",
        "original": "E-25",
        "translation": "",
        "stage": 0,
        "context": null
    },
    {
        "key": "CAN_modern_tank_equipment_1:0",
        "original": "Panther II ",
        "translation": "",
        "stage": 0,
        "context": null
    },
    {
        "key": "CAN_modern_tank_equipment_1_short:0",
        "original": "Panther II ",
        "translation": "",
        "stage": 0,
        "context": null
    },
    {
        "key": "CAN_motorized_equipment_1:0",
        "original": "Open Blitz",
        "translation": "",
        "stage": 0,
        "context": null
    },
    {
        "key": "CAN_mechanized_equipment_1:0",
        "original": "Sonderkraftfahrzeug 250",
        "translation": "",
        "stage": 0,
        "context": null
    },
    {
        "key": "CAN_mechanized_equipment_1_short:0",
        "original": "Sd.Kfz. 250",
        "translation": "",
        "stage": 0,
        "context": null
    },
    {
        "key": "CAN_mechanized_equipment_2:0",
        "original": "Sonderkraftfahrzeug 250 (Neu)",
        "translation": "",
        "stage": 0,
        "context": null
    },
    {
        "key": "CAN_mechanized_equipment_2_short:0",
        "original": "Sd.Kfz. 250 (Neu)",
        "translation": "",
        "stage": 0,
        "context": null
    },
    {
        "key": "CAN_mechanized_equipment_3:0",
        "original": "Sonderkraftfahrzeug 251",
        "translation": "",
        "stage": 0,
        "context": null
    },
    {
        "key": "CAN_mechanized_equipment_3_short:0",
        "original": "Sd.Kfz. 251",
        "translation": "",
        "stage": 0,
        "context": null
    },
    {
        "key": "CAN_super_heavy_tank_destroyer_equipment_1:0",
        "original": "SturmGeschütz auf Fahrgestell Maus",
        "translation": "",
        "stage": 0,
        "context": null
    },
    {
        "key": "CAN_super_heavy_tank_destroyer_equipment_1_short:0",
        "original": "Jagdmaus",
        "translation": "",
        "stage": 0,
        "context": null
    },
    {
        "key": "CAN_super_heavy_tank_equipment_1:0",
        "original": "Panzerkampfwagen VIII Maus",
        "translation": "",
        "stage": 0,
        "context": null
    },
    {
        "key": "CAN_super_heavy_tank_equipment_1_short:0",
        "original": "Maus",
        "translation": "",
        "stage": 0,
        "context": null
    },
    {
        "key": "CAN_fighter_equipment_0:0",
        "original": "Svarm Aircraft 51",
        "translation": "스파름 전투기 51",
        "stage": 1,
        "context": null
    },
    {
        "key": "CAN_fighter_equipment_0_short:0",
        "original": "Sv.51",
        "translation": "",
        "stage": 0,
        "context": null
    },
    {
        "key": "CAN_fighter_equipment_1:0",
        "original": "Svarm Aircraft 109E-4",
        "translation": "스파름 전투기 109E-4",
        "stage": 1,
        "context": null
    },
    {
        "key": "CAN_fighter_equipment_1_short:0",
        "original": "Sv.109E-4",
        "translation": "",
        "stage": 0,
        "context": null
    },
    {
        "key": "CAN_fighter_equipment_2:0",
        "original": "Svarm Aircraft 109G-6",
        "translation": "스밤 전투기 109G-6",
        "stage": 1,
        "context": null
    },
    {
        "key": "CAN_fighter_equipment_2_short:0",
        "original": "Sv.109G-6",
        "translation": "",
        "stage": 0,
        "context": null
    },
    {
        "key": "CAN_fighter_equipment_3:0",
        "original": "Svarm Aircraft 109K-4",
        "translation": "스파름 전투기 109K-4",
        "stage": 1,
        "context": null
    },
    {
        "key": "CAN_fighter_equipment_3_short:0",
        "original": "Sv.109K-4",
        "translation": "",
        "stage": 0,
        "context": null
    },
    {
        "key": "CAN_heavy_fighter_equipment_1:0",
        "original": "Svarm Aircraft 110",
        "translation": "스파름 전투기 110",
        "stage": 1,
        "context": null
    },
    {
        "key": "CAN_heavy_fighter_equipment_1_short:0",
        "original": "Sv.110",
        "translation": "",
        "stage": 0,
        "context": null
    },
    {
        "key": "CAN_heavy_fighter_equipment_2:0",
        "original": "Svarm Aircraft 410 'Hornisse'",
        "translation": "스파름 항공기 410 '호르니세'",
        "stage": 1,
        "context": null
    },
    {
        "key": "CAN_heavy_fighter_equipment_2_short:0",
        "original": "Sv.410 'Hornisse'",
        "translation": "",
        "stage": 0,
        "context": null
    },
    {
        "key": "CAN_heavy_fighter_equipment_3:0",
        "original": "United Wings Association 388",
        "translation": "",
        "stage": 0,
        "context": null
    },
    {
        "key": "CAN_heavy_fighter_equipment_3_short:0",
        "original": "UWA.388",
        "translation": "",
        "stage": 0,
        "context": null
    },
    {
        "key": "CAN_strat_bomber_equipment_1:0",
        "original": "Carapace Areonautics 19",
        "translation": "",
        "stage": 0,
        "context": null
    },
    {
        "key": "CAN_strat_bomber_equipment_1_short:0",
        "original": "Ca.19",
        "translation": "",
        "stage": 0,
        "context": null
    },
    {
        "key": "CAN_strat_bomber_equipment_2:0",
        "original": "Carapace Areonautics 177 'Greif'",
        "translation": "",
        "stage": 0,
        "context": null
    },
    {
        "key": "CAN_strat_bomber_equipment_2_short:0",
        "original": "Ca.177 'Greif'",
        "translation": "",
        "stage": 0,
        "context": null
    },
    {
        "key": "CAN_strat_bomber_equipment_3:0",
        "original": "Carapace Areonautics 400",
        "translation": "",
        "stage": 0,
        "context": null
    },
    {
        "key": "CAN_strat_bomber_equipment_3_short:0",
        "original": "Ca.400",
        "translation": "",
        "stage": 0,
        "context": null
    },
    {
        "key": "CAN_jet_fighter_equipment_1:0",
        "original": "Svarm Aircraft 262 'Schwalbe'",
        "translation": "스파름 전투기 262 '슈발베'",
        "stage": 1,
        "context": null
    },
    {
        "key": "CAN_jet_fighter_equipment_1_short:0",
        "original": "Sv.262 'Schwalbe'",
        "translation": "",
        "stage": 0,
        "context": null
    },
    {
        "key": "CAN_jet_fighter_equipment_2:0",
        "original": "Svarm Aircraft 329 A-0",
        "translation": "스파름 항공기 329 A-0",
        "stage": 1,
        "context": null
    },
    {
        "key": "CAN_jet_fighter_equipment_2_short:0",
        "original": "Sv.329",
        "translation": "",
        "stage": 0,
        "context": null
    },
    {
        "key": "CAN_jet_strat_bomber_equipment_1:0",
        "original": "Carapace Areonautics XVIII",
        "translation": "",
        "stage": 0,
        "context": null
    },
    {
        "key": "CAN_jet_strat_bomber_equipment_1_short:0",
        "original": "Ca.XVIII",
        "translation": "",
        "stage": 0,
        "context": null
    },
    {
        "key": "CAN_tac_bomber_equipment_0:0",
        "original": "United Wings Association 23",
        "translation": "",
        "stage": 0,
        "context": null
    },
    {
        "key": "CAN_tac_bomber_equipment_0_short:0",
        "original": "UWA.23",
        "translation": "",
        "stage": 0,
        "context": null
    },
    {
        "key": "CAN_tac_bomber_equipment_1:0",
        "original": "United Wings Association 111",
        "translation": "",
        "stage": 0,
        "context": null
    },
    {
        "key": "CAN_tac_bomber_equipment_1_short:0",
        "original": "UWA.111",
        "translation": "",
        "stage": 0,
        "context": null
    },
    {
        "key": "CAN_tac_bomber_equipment_2:0",
        "original": "Vespidae 88 A",
        "translation": "",
        "stage": 0,
        "context": null
    },
    {
        "key": "CAN_tac_bomber_equipment_2_short:0",
        "original": "Vs.88 A",
        "translation": "",
        "stage": 0,
        "context": null
    },
    {
        "key": "CAN_tac_bomber_equipment_3:0",
        "original": "Vespidae 188",
        "translation": "",
        "stage": 0,
        "context": null
    },
    {
        "key": "CAN_tac_bomber_equipment_3_short:0",
        "original": "Vs.188",
        "translation": "",
        "stage": 0,
        "context": null
    },
    {
        "key": "CAN_jet_tac_bomber_equipment_1:0",
        "original": "United Wings Association 132",
        "translation": "",
        "stage": 0,
        "context": null
    },
    {
        "key": "CAN_jet_tac_bomber_equipment_1_short:0",
        "original": "UWA.132",
        "translation": "",
        "stage": 0,
        "context": null
    },
    {
        "key": "CAN_jet_tac_bomber_equipment_2:0",
        "original": "United Wings Association 234 'Blitz'",
        "translation": "",
        "stage": 0,
        "context": null
    },
    {
        "key": "CAN_jet_tac_bomber_equipment_2_short:0",
        "original": "UWA.234 'Blitz'",
        "translation": "",
        "stage": 0,
        "context": null
    },
    {
        "key": "CAN_nav_bomber_equipment_1:0",
        "original": "Key Lake Armaments Bureau 22",
        "translation": "",
        "stage": 0,
        "context": null
    },
    {
        "key": "CAN_nav_bomber_equipment_1_short:0",
        "original": "KLAB.22",
        "translation": "",
        "stage": 0,
        "context": null
    },
    {
        "key": "CAN_nav_bomber_equipment_2:0",
        "original": "Key Lake Armaments Bureau 196",
        "translation": "",
        "stage": 0,
        "context": null
    },
    {
        "key": "CAN_nav_bomber_equipment_2_short:0",
        "original": "KLAB.196",
        "translation": "",
        "stage": 0,
        "context": null
    },
    {
        "key": "CAN_nav_bomber_equipment_3:0",
        "original": "Key Lake Armaments Bureau 300",
        "translation": "",
        "stage": 0,
        "context": null
    },
    {
        "key": "CAN_nav_bomber_equipment_3_short:0",
        "original": "KLAB.300",
        "translation": "",
        "stage": 0,
        "context": null
    },
    {
        "key": "CAN_CAS_equipment_1:0",
        "original": "Vespidae 87 'Stuka'",
        "translation": "",
        "stage": 0,
        "context": null
    },
    {
        "key": "CAN_CAS_equipment_1_short:0",
        "original": "Vs.87",
        "translation": "",
        "stage": 0,
        "context": null
    },
    {
        "key": "CAN_CAS_equipment_2:0",
        "original": "Vespidae 87 G 'Kanonenvogel'",
        "translation": "",
        "stage": 0,
        "context": null
    },
    {
        "key": "CAN_CAS_equipment_2_short:0",
        "original": "Vs.87 G 'Kanonenvogel'",
        "translation": "",
        "stage": 0,
        "context": null
    },
    {
        "key": "CAN_CAS_equipment_3:0",
        "original": "Vespidae 187",
        "translation": "",
        "stage": 0,
        "context": null
    },
    {
        "key": "CAN_CAS_equipment_3_short:0",
        "original": "Vs.187",
        "translation": "",
        "stage": 0,
        "context": null
    },
    {
        "key": "CAN_cv_nav_bomber_equipment_1:0",
        "original": "Key Lake Armaments Bureau 167",
        "translation": "",
        "stage": 0,
        "context": null
    },
    {
        "key": "CAN_cv_nav_bomber_equipment_1_short:0",
        "original": "KLAB.167",
        "translation": "",
        "stage": 0,
        "context": null
    },
    {
        "key": "CAN_cv_nav_bomber_equipment_2:0",
        "original": "Key Lake Armaments Bureau 195",
        "translation": "",
        "stage": 0,
        "context": null
    },
    {
        "key": "CAN_cv_nav_bomber_equipment_2_short:0",
        "original": "KLAB.195",
        "translation": "",
        "stage": 0,
        "context": null
    },
    {
        "key": "CAN_cv_nav_bomber_equipment_3:0",
        "original": "Key Lake Armaments Bureau 215",
        "translation": "",
        "stage": 0,
        "context": null
    },
    {
        "key": "CAN_cv_nav_bomber_equipment_3_short:0",
        "original": "KLAB.215",
        "translation": "",
        "stage": 0,
        "context": null
    },
    {
        "key": "CAN_cv_CAS_equipment_1:0",
        "original": "Vespidae 87 C 'Stuka'",
        "translation": "",
        "stage": 0,
        "context": null
    },
    {
        "key": "CAN_cv_CAS_equipment_1_short:0",
        "original": "Vs.87 C 'Stuka'",
        "translation": "",
        "stage": 0,
        "context": null
    },
    {
        "key": "CAN_cv_CAS_equipment_2:0",
        "original": "Vespidae 88 C",
        "translation": "",
        "stage": 0,
        "context": null
    },
    {
        "key": "CAN_cv_CAS_equipment_2_short:0",
        "original": "Vs.88 C",
        "translation": "",
        "stage": 0,
        "context": null
    },
    {
        "key": "CAN_cv_CAS_equipment_3:0",
        "original": "Vespidae 187 C",
        "translation": "",
        "stage": 0,
        "context": null
    },
    {
        "key": "CAN_cv_CAS_equipment_3_short:0",
        "original": "Vs.187 C",
        "translation": "",
        "stage": 0,
        "context": null
    },
    {
        "key": "CAN_cv_fighter_equipment_0:0",
        "original": "Key Lake Armaments Bureau 168",
        "translation": "",
        "stage": 0,
        "context": null
    },
    {
        "key": "CAN_cv_fighter_equipment_0_short:0",
        "original": "KLAB.168",
        "translation": "",
        "stage": 0,
        "context": null
    },
    {
        "key": "CAN_cv_fighter_equipment_1:0",
        "original": "Key Lake Armaments Bureau 197",
        "translation": "",
        "stage": 0,
        "context": null
    },
    {
        "key": "CAN_cv_fighter_equipment_1_short:0",
        "original": "KLAB.197",
        "translation": "",
        "stage": 0,
        "context": null
    },
    {
        "key": "CAN_cv_fighter_equipment_2:0",
        "original": "Svarm Aircraft 109 T",
        "translation": "스파름 함재기 109 T",
        "stage": 1,
        "context": null
    },
    {
        "key": "CAN_cv_fighter_equipment_2_short:0",
        "original": "Vs.109 T",
        "translation": "",
        "stage": 0,
        "context": null
    },
    {
        "key": "CAN_cv_fighter_equipment_3:0",
        "original": "Svarm Aircraft 155",
        "translation": "스파름 함재기 155",
        "stage": 1,
        "context": null
    },
    {
        "key": "CAN_cv_fighter_equipment_3_short:0",
        "original": "Sv.155",
        "translation": "",
        "stage": 0,
        "context": null
    }
]