[
    {
        "key": "PNG_neutrality:0",
        "original": "Kingdom of Pingland",
        "translation": "핑랜드 왕국",
        "stage": 1,
        "context": null
    },
    {
        "key": "PNG_fascism:0",
        "original": "Black and White Storm",
        "translation": "흑백의 폭풍",
        "stage": 1,
        "context": null
    },
    {
        "key": "PNG_communism:0",
        "original": "Democratic Republic of Pingland",
        "translation": "펭귄 인민 공화국",
        "stage": 1,
        "context": null
    },
    {
        "key": "PNG_democratic:0",
        "original": "Pinguin Republic",
        "translation": "핑랜드 공화국",
        "stage": 1,
        "context": null
    },
    {
        "key": "PNG_neutrality_DEF:0",
        "original": "Kingdom of Pingland",
        "translation": "핑랜드 왕국",
        "stage": 1,
        "context": null
    },
    {
        "key": "PNG_fascism_DEF:0",
        "original": "Black and White Storm",
        "translation": "흑백의 폭풍",
        "stage": 1,
        "context": null
    },
    {
        "key": "PNG_communism_DEF:0",
        "original": "Democratic Republic of Pingland",
        "translation": "펭귄 인민 공화국",
        "stage": 1,
        "context": null
    },
    {
        "key": "PNG_democratic_DEF:0",
        "original": "Pinguin Republic",
        "translation": "핑랜드 공화국",
        "stage": 1,
        "context": null
    },
    {
        "key": "PNG_fascism_ADJ:0",
        "original": "Pinglands",
        "translation": "핑랜드",
        "stage": 1,
        "context": null
    },
    {
        "key": "PNG_democratic_ADJ:0",
        "original": "Pinglands",
        "translation": "핑랜드",
        "stage": 1,
        "context": null
    },
    {
        "key": "PNG_neutrality_ADJ:0",
        "original": "Pinglands",
        "translation": "핑랜드",
        "stage": 1,
        "context": null
    },
    {
        "key": "PNG_communism_ADJ:0",
        "original": "Pinglands",
        "translation": "핑랜드",
        "stage": 1,
        "context": null
    }
]