[
    {
        "key": "MAN_infantry_equipment_0:0",
        "original": "Karabiner 98k",
        "translation": "",
        "stage": 0,
        "context": null
    },
    {
        "key": "MAN_infantry_equipment_0_short:0",
        "original": "Karabiner 98k",
        "translation": "",
        "stage": 0,
        "context": null
    },
    {
        "key": "MAN_infantry_equipment_1:0",
        "original": "Gewehr 7",
        "translation": "",
        "stage": 0,
        "context": null
    },
    {
        "key": "MAN_infantry_equipment_1_short:0",
        "original": "Gewehr 7",
        "translation": "",
        "stage": 0,
        "context": null
    },
    {
        "key": "MAN_infantry_equipment_2:0",
        "original": "MP 10",
        "translation": "",
        "stage": 0,
        "context": null
    },
    {
        "key": "MAN_infantry_equipment_2_short:0",
        "original": "MP 10",
        "translation": "",
        "stage": 0,
        "context": null
    },
    {
        "key": "MAN_infantry_equipment_3:0",
        "original": "MP 13",
        "translation": "",
        "stage": 0,
        "context": null
    },
    {
        "key": "MAN_infantry_equipment_3_short:0",
        "original": "MP 13",
        "translation": "",
        "stage": 0,
        "context": null
    },
    {
        "key": "MAN_infantry_at:0",
        "original": "Panzerfaust 30",
        "translation": "",
        "stage": 0,
        "context": null
    },
    {
        "key": "MAN_infantry_at2:0",
        "original": "Panzerschreck",
        "translation": "",
        "stage": 0,
        "context": null
    },
    {
        "key": "MAN_support_weapons:0",
        "original": "MG 08 & leichter Minenwerfer",
        "translation": "",
        "stage": 0,
        "context": null
    },
    {
        "key": "MAN_support_weapons2:0",
        "original": "MG 34 & 5 cm Granatwerfer 36",
        "translation": "",
        "stage": 0,
        "context": null
    },
    {
        "key": "MAN_support_weapons3:0",
        "original": "MG 42 & 8 cm Granatwerfer 34",
        "translation": "",
        "stage": 0,
        "context": null
    },
    {
        "key": "MAN_support_weapons4:0",
        "original": "MG 45 & 12 cm Granatwerfer 42",
        "translation": "",
        "stage": 0,
        "context": null
    },
    {
        "key": "MAN_gw_tank_equipment:0",
        "original": "Leichttraktor",
        "translation": "",
        "stage": 0,
        "context": null
    },
    {
        "key": "MAN_gw_tank_equipment_short:0",
        "original": "Leichttraktor",
        "translation": "",
        "stage": 0,
        "context": null
    },
    {
        "key": "MAN_heavy_tank_artillery_equipment_2:0",
        "original": "Sturmtiger",
        "translation": "",
        "stage": 0,
        "context": null
    },
    {
        "key": "MAN_heavy_tank_artillery_equipment_2_short:0",
        "original": "Sturmtiger",
        "translation": "",
        "stage": 0,
        "context": null
    },
    {
        "key": "MAN_heavy_tank_destroyer_equipment_1:0",
        "original": "Selbstfahrlafette auf VK3001(A) Sturer Emil",
        "translation": "",
        "stage": 0,
        "context": null
    },
    {
        "key": "MAN_heavy_tank_destroyer_equipment_1_short:0",
        "original": "Sturer Emil",
        "translation": "",
        "stage": 0,
        "context": null
    },
    {
        "key": "MAN_heavy_tank_destroyer_equipment_2:0",
        "original": "Panzerjäger Tiger (CM)",
        "translation": "",
        "stage": 0,
        "context": null
    },
    {
        "key": "MAN_heavy_tank_destroyer_equipment_2_short:0",
        "original": "Elefant",
        "translation": "",
        "stage": 0,
        "context": null
    },
    {
        "key": "MAN_heavy_tank_equipment_1:0",
        "original": "Grosstraktor",
        "translation": "",
        "stage": 0,
        "context": null
    },
    {
        "key": "MAN_heavy_tank_equipment_1_short:0",
        "original": "Grosstraktor",
        "translation": "",
        "stage": 0,
        "context": null
    },
    {
        "key": "MAN_heavy_tank_equipment_2:0",
        "original": "Panzerkampfwagen VI Tiger",
        "translation": "",
        "stage": 0,
        "context": null
    },
    {
        "key": "MAN_heavy_tank_equipment_2_short:0",
        "original": "Tiger",
        "translation": "",
        "stage": 0,
        "context": null
    },
    {
        "key": "MAN_heavy_tank_equipment_3:0",
        "original": "Panzerkampfwagen VI Ausf. B Tiger II",
        "translation": "",
        "stage": 0,
        "context": null
    },
    {
        "key": "MAN_heavy_tank_equipment_3_short:0",
        "original": "Tiger II",
        "translation": "",
        "stage": 0,
        "context": null
    },
    {
        "key": "MAN_light_tank_aa_equipment_2:0",
        "original": "Flakpanzer Luchs",
        "translation": "",
        "stage": 0,
        "context": null
    },
    {
        "key": "MAN_light_tank_aa_equipment_2_short:0",
        "original": "FlakPz Luchs",
        "translation": "",
        "stage": 0,
        "context": null
    },
    {
        "key": "MAN_light_tank_aa_equipment_3:0",
        "original": "Flakpanzer 1602",
        "translation": "",
        "stage": 0,
        "context": null
    },
    {
        "key": "MAN_light_tank_aa_equipment_3_short:0",
        "original": "FlakPz 1602",
        "translation": "",
        "stage": 0,
        "context": null
    },
    {
        "key": "MAN_light_tank_artillery_equipment_2:0",
        "original": "Sd. Kfz. 124 Wespe",
        "translation": "",
        "stage": 0,
        "context": null
    },
    {
        "key": "MAN_light_tank_artillery_equipment_2_short:0",
        "original": "Wespe",
        "translation": "",
        "stage": 0,
        "context": null
    },
    {
        "key": "MAN_light_tank_artillery_equipment_3:0",
        "original": "Waffentrager Leopard",
        "translation": "",
        "stage": 0,
        "context": null
    },
    {
        "key": "MAN_light_tank_artillery_equipment_3_short:0",
        "original": "WT Leopard",
        "translation": "",
        "stage": 0,
        "context": null
    },
    {
        "key": "MAN_light_tank_destroyer_equipment_3:0",
        "original": "Sturmgeschuetz auf Leopard",
        "translation": "",
        "stage": 0,
        "context": null
    },
    {
        "key": "MAN_light_tank_destroyer_equipment_3_short:0",
        "original": "JagdLeopard",
        "translation": "",
        "stage": 0,
        "context": null
    },
    {
        "key": "MAN_light_tank_equipment_1:0",
        "original": "Panzerkampfwagen I",
        "translation": "",
        "stage": 0,
        "context": null
    },
    {
        "key": "MAN_light_tank_equipment_1_short:0",
        "original": "Panzer I",
        "translation": "",
        "stage": 0,
        "context": null
    },
    {
        "key": "MAN_light_tank_equipment_2:0",
        "original": "Panzerkampfwagen II",
        "translation": "",
        "stage": 0,
        "context": null
    },
    {
        "key": "MAN_light_tank_equipment_2_short:0",
        "original": "Panzer II",
        "translation": "",
        "stage": 0,
        "context": null
    },
    {
        "key": "MAN_light_tank_equipment_3:0",
        "original": "VK 16.02 Leopard",
        "translation": "",
        "stage": 0,
        "context": null
    },
    {
        "key": "MAN_light_tank_equipment_3_short:0",
        "original": "VK1602 Leopard",
        "translation": "",
        "stage": 0,
        "context": null
    },
    {
        "key": "MAN_medium_tank_artillery_equipment_1:0",
        "original": "Grille",
        "translation": "",
        "stage": 0,
        "context": null
    },
    {
        "key": "MAN_medium_tank_artillery_equipment_1_short:0",
        "original": "Grille",
        "translation": "",
        "stage": 0,
        "context": null
    },
    {
        "key": "MAN_medium_tank_artillery_equipment_2:0",
        "original": "Hummel",
        "translation": "",
        "stage": 0,
        "context": null
    },
    {
        "key": "MAN_medium_tank_artillery_equipment_2_short:0",
        "original": "Hummel",
        "translation": "",
        "stage": 0,
        "context": null
    },
    {
        "key": "MAN_medium_tank_artillery_equipment_3:0",
        "original": "Grille 12",
        "translation": "",
        "stage": 0,
        "context": null
    },
    {
        "key": "MAN_medium_tank_artillery_equipment_3_short:0",
        "original": "Grille 12",
        "translation": "",
        "stage": 0,
        "context": null
    },
    {
        "key": "MAN_medium_tank_destroyer_equipment_1:0",
        "original": "Sturmgeschütz III",
        "translation": "",
        "stage": 0,
        "context": null
    },
    {
        "key": "MAN_medium_tank_destroyer_equipment_1_short:0",
        "original": "StuG III",
        "translation": "",
        "stage": 0,
        "context": null
    },
    {
        "key": "MAN_medium_tank_destroyer_equipment_2:0",
        "original": "Jagdpanzer IV",
        "translation": "",
        "stage": 0,
        "context": null
    },
    {
        "key": "MAN_medium_tank_destroyer_equipment_2_short:0",
        "original": "Stug IV",
        "translation": "",
        "stage": 0,
        "context": null
    },
    {
        "key": "MAN_medium_tank_destroyer_equipment_3:0",
        "original": "Jagdpanther",
        "translation": "",
        "stage": 0,
        "context": null
    },
    {
        "key": "MAN_medium_tank_destroyer_equipment_3_short:0",
        "original": "Jagdpanther",
        "translation": "",
        "stage": 0,
        "context": null
    },
    {
        "key": "MAN_medium_tank_equipment_1:0",
        "original": "Panzerkampfwagen III",
        "translation": "",
        "stage": 0,
        "context": null
    },
    {
        "key": "MAN_medium_tank_equipment_1_short:0",
        "original": "Panzer III",
        "translation": "",
        "stage": 0,
        "context": null
    },
    {
        "key": "MAN_medium_tank_equipment_2:0",
        "original": "Panzerkampfwagen IV",
        "translation": "",
        "stage": 0,
        "context": null
    },
    {
        "key": "MAN_medium_tank_equipment_2_short:0",
        "original": "Panzer IV",
        "translation": "",
        "stage": 0,
        "context": null
    },
    {
        "key": "MAN_medium_tank_equipment_3:0",
        "original": "Panzerkampfwagen V Panther",
        "translation": "",
        "stage": 0,
        "context": null
    },
    {
        "key": "MAN_medium_tank_equipment_3_short:0",
        "original": "Panther",
        "translation": "",
        "stage": 0,
        "context": null
    },
    {
        "key": "MAN_super_heavy_tank_equipment_1:0",
        "original": "Panzerkampfwagen VIII Maus",
        "translation": "",
        "stage": 0,
        "context": null
    },
    {
        "key": "MAN_super_heavy_tank_equipment_1_short:0",
        "original": "Maus",
        "translation": "",
        "stage": 0,
        "context": null
    },
    {
        "key": "MAN_gw_armored_car_equipment:0",
        "original": "OCA Sonderkraftfahrzeug 222",
        "translation": "",
        "stage": 0,
        "context": null
    },
    {
        "key": "MAN_gw_armored_car_equipment_short:0",
        "original": "Sd.Kfz. 222",
        "translation": "",
        "stage": 0,
        "context": null
    },
    {
        "key": "MAN_armored_car_equipment_1:0",
        "original": "OCA Sonderkraftfahrzeug 231 8-Rad",
        "translation": "",
        "stage": 0,
        "context": null
    },
    {
        "key": "MAN_armored_car_equipment_1_short:0",
        "original": "Sd.Kfz. 231",
        "translation": "",
        "stage": 0,
        "context": null
    },
    {
        "key": "MAN_armored_car_equipment_2:0",
        "original": "OCA Sonderkraftfahrzeug 234 \"Puma\"",
        "translation": "",
        "stage": 0,
        "context": null
    },
    {
        "key": "MAN_armored_car_equipment_2_short:0",
        "original": "Puma",
        "translation": "",
        "stage": 0,
        "context": null
    },
    {
        "key": "MAN_armored_car_at_equipment:0",
        "original": "OCA Sonderkraftfahrzeug 234/4 \"Pakwagen\"",
        "translation": "",
        "stage": 0,
        "context": null
    },
    {
        "key": "MAN_armored_car_at_equipment_short:0",
        "original": "Pakwagen",
        "translation": "",
        "stage": 0,
        "context": null
    }
]