[
    {
        "key": "GATHERING_STORM_NAME:0",
        "original": "The End of Harmony",
        "translation": "조화의 종말",
        "stage": 1,
        "context": null
    },
    {
        "key": "GATHERING_STORM_DESC:0",
        "original": "A new era has dawned. Fear and uncertainty spreads amongst ponies as the world around them changes rapidly in front of their very eyes. Equestrian leadership is concerned about their neighbours, Stalliongrad and Changelings alike. While the communists in Stalliongrad rapidly industrialise, Queen Chrysalis has managed to centralise her realm around her. Equestria, while concerned about these developments, faces plenty of internal conflicts and problems. A storm is brewing in Equestria, one that friendship alone might not be able to tame.",
        "translation": "",
        "stage": 0,
        "context": null
    },
    {
        "key": "OTHER_GATHERING_STORM_DESC:0",
        "original": "Choose a nation of your liking on the map.",
        "translation": "플레이를 원하는 국가를 지도상에서 선택하십시오.",
        "stage": 1,
        "context": null
    }
]