[
    {
        "key": "ERI_neutrality:0",
        "original": "House Erie",
        "translation": "에리에 가문",
        "stage": 1,
        "context": null
    },
    {
        "key": "ERI_fascism:0",
        "original": "House Erie",
        "translation": "에리에 가문",
        "stage": 1,
        "context": null
    },
    {
        "key": "ERI_communism:0",
        "original": "Commune of Erie",
        "translation": "에리에 코뮌",
        "stage": 1,
        "context": null
    },
    {
        "key": "ERI_democratic:0",
        "original": "House Erie",
        "translation": "에리에 가문",
        "stage": 1,
        "context": null
    },
    {
        "key": "ERI_neutrality_DEF:0",
        "original": "House of Erie",
        "translation": "에리에 가문",
        "stage": 1,
        "context": null
    },
    {
        "key": "ERI_fascism_DEF:0",
        "original": "House of Erie",
        "translation": "에리에 가문",
        "stage": 1,
        "context": null
    },
    {
        "key": "ERI_communism_DEF:0",
        "original": "The Commune of Erie",
        "translation": "에리에 코뮌",
        "stage": 1,
        "context": null
    },
    {
        "key": "ERI_democratic_DEF:0",
        "original": "House of Erie",
        "translation": "에리에 가문",
        "stage": 1,
        "context": null
    },
    {
        "key": "ERI_fascism_ADJ:0",
        "original": "Erie",
        "translation": "에리에",
        "stage": 1,
        "context": null
    },
    {
        "key": "ERI_democratic_ADJ:0",
        "original": "Erie",
        "translation": "에리에",
        "stage": 1,
        "context": null
    },
    {
        "key": "ERI_neutrality_ADJ:0",
        "original": "Erie",
        "translation": "에리에",
        "stage": 1,
        "context": null
    },
    {
        "key": "ERI_communism_ADJ:0",
        "original": "Erie",
        "translation": "에리에",
        "stage": 1,
        "context": null
    },
    {
        "key": "VIN_neutrality:0",
        "original": "Duchy of Vinovia",
        "translation": "비노비아 공국",
        "stage": 1,
        "context": null
    },
    {
        "key": "VIN_fascism:0",
        "original": "Duchy of Vinovia",
        "translation": "비노비아 공국",
        "stage": 1,
        "context": null
    },
    {
        "key": "VIN_communism:0",
        "original": "Vinovian People's Front",
        "translation": "비노비아 인민전선",
        "stage": 1,
        "context": null
    },
    {
        "key": "VIN_democratic:0",
        "original": "Duchy of Vinovia",
        "translation": "비노비아 공국",
        "stage": 1,
        "context": null
    },
    {
        "key": "VIN_neutrality_DEF:0",
        "original": "The Duchy of Vinovia",
        "translation": "비노비아 공국",
        "stage": 1,
        "context": null
    },
    {
        "key": "VIN_fascism_DEF:0",
        "original": "The Duchy of Vinovia",
        "translation": "비노비아 공국",
        "stage": 1,
        "context": null
    },
    {
        "key": "VIN_communism_DEF:0",
        "original": "The Vinovian People's Front",
        "translation": "비노비아 인민전선",
        "stage": 1,
        "context": null
    },
    {
        "key": "VIN_democratic_DEF:0",
        "original": "Duchy of Vinovia",
        "translation": "비노비아 공국",
        "stage": 1,
        "context": null
    },
    {
        "key": "VIN_fascism_ADJ:0",
        "original": "Vinovian",
        "translation": "비노비아",
        "stage": 1,
        "context": null
    },
    {
        "key": "VIN_democratic_ADJ:0",
        "original": "Vinovian",
        "translation": "비노비아",
        "stage": 1,
        "context": null
    },
    {
        "key": "VIN_neutrality_ADJ:0",
        "original": "Vinovian",
        "translation": "비노비아",
        "stage": 1,
        "context": null
    },
    {
        "key": "VIN_communism_ADJ:0",
        "original": "Vinovian",
        "translation": "비노비아",
        "stage": 1,
        "context": null
    },
    {
        "key": "ANG_neutrality:0",
        "original": "Barony of Angriver",
        "translation": "앵그리버 남국",
        "stage": 1,
        "context": null
    },
    {
        "key": "ANG_fascism:0",
        "original": "Barony of Angriver",
        "translation": "앵그리버 남국",
        "stage": 1,
        "context": null
    },
    {
        "key": "ANG_communism:0",
        "original": "Republic of Angriver",
        "translation": "앵그리버 사회주의 공화국",
        "stage": 1,
        "context": null
    },
    {
        "key": "ANG_democratic:0",
        "original": "Barony of Angriver",
        "translation": "앵그리버 남국",
        "stage": 1,
        "context": null
    },
    {
        "key": "ANG_neutrality_DEF:0",
        "original": "The Barony of Angriver",
        "translation": "앵그리버 남국",
        "stage": 1,
        "context": null
    },
    {
        "key": "ANG_fascism_DEF:0",
        "original": "The Barony of Angriver",
        "translation": "앵그리버 남국",
        "stage": 1,
        "context": null
    },
    {
        "key": "ANG_communism_DEF:0",
        "original": "The Republic of Angriver",
        "translation": "앵그리버 사회주의 공화국",
        "stage": 1,
        "context": null
    },
    {
        "key": "ANG_democratic_DEF:0",
        "original": "The Barony of Angriver",
        "translation": "앵그리버 남국",
        "stage": 1,
        "context": null
    },
    {
        "key": "ANG_fascism_ADJ:0",
        "original": "Angriver",
        "translation": "앵그리버",
        "stage": 1,
        "context": null
    },
    {
        "key": "ANG_democratic_ADJ:0",
        "original": "Angriver",
        "translation": "앵그리버",
        "stage": 1,
        "context": null
    },
    {
        "key": "ANG_neutrality_ADJ:0",
        "original": "Angriver",
        "translation": "앵그리버",
        "stage": 1,
        "context": null
    },
    {
        "key": "ANG_communism_ADJ:0",
        "original": "Angriver",
        "translation": "앵그리버",
        "stage": 1,
        "context": null
    },
    {
        "key": "BAN_neutrality:0",
        "original": "County of Blackhollow",
        "translation": "블랙할로우 백국",
        "stage": 1,
        "context": null
    },
    {
        "key": "BAN_fascism:0",
        "original": "Blackrock's Bandits",
        "translation": "블랙록 도적단",
        "stage": 1,
        "context": null
    },
    {
        "key": "BAN_communism:0",
        "original": "Our Blackhollow",
        "translation": "블랙할로우 공동통치령",
        "stage": 1,
        "context": null
    },
    {
        "key": "BAN_democratic:0",
        "original": "County of Blackhollow",
        "translation": "블랙할로우 백국",
        "stage": 1,
        "context": null
    },
    {
        "key": "BAN_neutrality_DEF:0",
        "original": "The County of Blackhollow",
        "translation": "블랙할로우 백국",
        "stage": 1,
        "context": null
    },
    {
        "key": "BAN_fascism_DEF:0",
        "original": "The Bandits of Blackhollow",
        "translation": "블랙록 도적단",
        "stage": 1,
        "context": null
    },
    {
        "key": "BAN_communism_DEF:0",
        "original": "The State of Our Blackhollow",
        "translation": "블랙할로우 공동통치령",
        "stage": 1,
        "context": null
    },
    {
        "key": "BAN_democratic_DEF:0",
        "original": "The County of Blackhollow",
        "translation": "블랙할로우 백국",
        "stage": 1,
        "context": null
    },
    {
        "key": "BAN_fascism_ADJ:0",
        "original": "Blackhollower",
        "translation": "블랙할로우",
        "stage": 1,
        "context": null
    },
    {
        "key": "BAN_democratic_ADJ:0",
        "original": "Blackhollower",
        "translation": "블랙할로우",
        "stage": 1,
        "context": null
    },
    {
        "key": "BAN_neutrality_ADJ:0",
        "original": "Blackhollower",
        "translation": "블랙할로우",
        "stage": 1,
        "context": null
    },
    {
        "key": "BAN_communism_ADJ:0",
        "original": "Blackhollower",
        "translation": "블랙할로우",
        "stage": 1,
        "context": null
    }
]