[
    {
        "key": "available_political_advisor:0",
        "original": "§YAvailable§! as §YPolitical Advisor§!:\\n",
        "translation": "",
        "stage": 0,
        "context": null
    },
    {
        "key": "available_chief_of_army:0",
        "original": "§YAvailable§! as §YChief of Army§!:\\n",
        "translation": "",
        "stage": 0,
        "context": null
    },
    {
        "key": "available_chief_of_navy:0",
        "original": "§YAvailable§! as §YChief of Navy§!:\\n",
        "translation": "",
        "stage": 0,
        "context": null
    },
    {
        "key": "available_chief_of_airforce:0",
        "original": "§YAvailable§! as §YChief of Airforce§!:\\n",
        "translation": "",
        "stage": 0,
        "context": null
    },
    {
        "key": "available_military_high_command:0",
        "original": "§YAvailable§! as §YMilitary High Command§!:\\n",
        "translation": "",
        "stage": 0,
        "context": null
    },
    {
        "key": "available_theorist:0",
        "original": "§YAvailable§! as §YTheorist§!:\\n",
        "translation": "",
        "stage": 0,
        "context": null
    },
    {
        "key": "available_designer:0",
        "original": "§YAvailable§! as §YDesign Company§!:\\n",
        "translation": "",
        "stage": 0,
        "context": null
    },
    {
        "key": "available_industrial_concern:0",
        "original": "§YAvailable§! as §YIndustrial Concern§!:\\n",
        "translation": "Available as §YIndustrial Concern§!:\\n",
        "stage": 1,
        "context": null
    }
]