[
    {
        "key": "support_equipment_desc:0",
        "original": "A true modern soldier needs more than merely a helmet and a gun: First aid kits, shovels, rucksacks, tents, binoculars, radios and more, all to ensure maximum combat effectiveness and adaptability.",
        "translation": "",
        "stage": 0,
        "context": null
    },
    {
        "key": "support_equipment_1_desc:0",
        "original": "A true modern soldier needs more than merely a helmet and a gun: First aid kits, shovels, rucksacks, tents, binoculars, radios and more, all to ensure maximum combat effectiveness and adaptability.",
        "translation": "",
        "stage": 0,
        "context": null
    },
    {
        "key": "CZE_heavy_tank_equipment_1:0",
        "original": "HT vz. 34",
        "translation": "",
        "stage": 0,
        "context": null
    },
    {
        "key": "CZE_heavy_tank_equipment_1_short:0",
        "original": "HT vz. 34",
        "translation": "",
        "stage": 0,
        "context": null
    },
    {
        "key": "CZE_heavy_tank_equipment_2:0",
        "original": "HT vz. 41",
        "translation": "",
        "stage": 0,
        "context": null
    },
    {
        "key": "CZE_heavy_tank_equipment_2_short:0",
        "original": "HT vz. 41",
        "translation": "",
        "stage": 0,
        "context": null
    },
    {
        "key": "CZE_heavy_tank_equipment_3:0",
        "original": "HT vz. 43",
        "translation": "",
        "stage": 0,
        "context": null
    },
    {
        "key": "CZE_heavy_tank_equipment_3_short:0",
        "original": "HT vz. 43",
        "translation": "",
        "stage": 0,
        "context": null
    },
    {
        "key": "HUN_heavy_tank_equipment_2:0",
        "original": "44M Tas",
        "translation": "",
        "stage": 0,
        "context": null
    },
    {
        "key": "HUN_heavy_tank_equipment_2_short:0",
        "original": "44M Tas",
        "translation": "",
        "stage": 0,
        "context": null
    },
    {
        "key": "HUN_heavy_tank_destroyer_equipment_2_short:0",
        "original": "Rohamlöveg",
        "translation": "",
        "stage": 0,
        "context": null
    },
    {
        "key": "ROM_light_tank_equipment_1:0",
        "original": "Renault R-35",
        "translation": "",
        "stage": 0,
        "context": null
    },
    {
        "key": "ROM_light_tank_equipment_1_short:0",
        "original": "R-35",
        "translation": "",
        "stage": 0,
        "context": null
    },
    {
        "key": "ROM_light_tank_equipment_2:0",
        "original": "R-1",
        "translation": "",
        "stage": 0,
        "context": null
    },
    {
        "key": "ROM_light_tank_equipment_2_short:0",
        "original": "R-1",
        "translation": "",
        "stage": 0,
        "context": null
    },
    {
        "key": "ROM_medium_tank_equipment_1:0",
        "original": "LT vz. 38 T-38",
        "translation": "",
        "stage": 0,
        "context": null
    },
    {
        "key": "ROM_medium_tank_equipment_1_short:0",
        "original": "T-38",
        "translation": "",
        "stage": 0,
        "context": null
    },
    {
        "key": "ROM_medium_tank_equipment_3:0",
        "original": "R-4/T-5",
        "translation": "",
        "stage": 0,
        "context": null
    },
    {
        "key": "ROM_medium_tank_equipment_3_short:0",
        "original": "R-4/T-5",
        "translation": "",
        "stage": 0,
        "context": null
    },
    {
        "key": "gw_tank_equipment:0",
        "original": "Early Tank",
        "translation": "",
        "stage": 0,
        "context": null
    },
    {
        "key": "gw_tank_equipment_short:0",
        "original": "Early Tank",
        "translation": "",
        "stage": 0,
        "context": null
    },
    {
        "key": "gw_tank_equipment_desc:0",
        "original": "Inspired by the tales of Griffonian Knights with their heavy armour and equally heavy weaponry, the first tanks were created in 996 during their revolution by Stalliongrad ponies. Slow, mechanically unreliable, and poorly armoured, these rushed conversions of agricultural equipment were nonetheless effective against lightly armed infantry, and thus copied and imitated widely.",
        "translation": "",
        "stage": 0,
        "context": null
    },
    {
        "key": "light_tank_equipment_desc:0",
        "original": "Light tanks are small, agile tanks which are able to both scout and fight lightly armored opponents. Their thin armour makes them vulnerable, however.",
        "translation": "",
        "stage": 0,
        "context": null
    },
    {
        "key": "light_tank_equipment_1:0",
        "original": "Light Tank Mk. I",
        "translation": "",
        "stage": 0,
        "context": null
    },
    {
        "key": "light_tank_equipment_1_desc:0",
        "original": "Light tanks are small, agile tanks which are able to both scout and fight lightly armored opponents. Their thin armour makes them vulnerable, however.",
        "translation": "",
        "stage": 0,
        "context": null
    },
    {
        "key": "light_tank_equipment_2_desc:0",
        "original": "Light tanks are small, agile tanks which are able to both scout and fight lightly armored opponents. Their thin armour makes them vulnerable, however.",
        "translation": "",
        "stage": 0,
        "context": null
    },
    {
        "key": "light_tank_equipment_3_desc:0",
        "original": "Light tanks are small, agile tanks which are able to both scout and fight lightly armored opponents. Their thin armour makes them vulnerable, however.",
        "translation": "",
        "stage": 0,
        "context": null
    },
    {
        "key": "heavy_tank_equipment_desc:0",
        "original": "Heavy tanks are large, armored monsters which are designed to destroy enemy tanks and fortifications. However, they get stuck in mud easily and are very expensive to manufacture.",
        "translation": "",
        "stage": 0,
        "context": null
    },
    {
        "key": "heavy_tank_equipment_1_desc:0",
        "original": "Heavy tanks are large, armored monsters which are designed to destroy enemy tanks and fortifications. However, they get stuck in mud easily and are very expensive to manufacture.",
        "translation": "",
        "stage": 0,
        "context": null
    },
    {
        "key": "heavy_tank_equipment_2_desc:0",
        "original": "Heavy tanks are large, armored monsters which are designed to destroy enemy tanks and fortifications. However, they get stuck in mud easily and are very expensive to manufacture.",
        "translation": "",
        "stage": 0,
        "context": null
    },
    {
        "key": "heavy_tank_equipment_3_desc:0",
        "original": "Heavy tanks are large, armored monsters which are designed to destroy enemy tanks and fortifications. However, they get stuck in mud easily and are very expensive to manufacture.",
        "translation": "",
        "stage": 0,
        "context": null
    },
    {
        "key": "modern_tank_equipment_desc:0",
        "original": "Modern tanks combine the positive aspects of different tank classes without sharing their flaws. Main battle tanks are very adaptable and can assume any role on the battlefield.",
        "translation": "",
        "stage": 0,
        "context": null
    },
    {
        "key": "modern_tank_equipment_1_desc:0",
        "original": "Modern tanks combine the positive aspects of different tank classes without sharing their flaws. Main battle tanks have light but protective composite armour, powerful engines and strong firepower. They are thus very adaptable and can assume any role on the battlefield.",
        "translation": "",
        "stage": 0,
        "context": null
    },
    {
        "key": "FRA_artillery_equipment_1_short:0",
        "original": "Canon de 75 modèle 1897",
        "translation": "",
        "stage": 0,
        "context": null
    },
    {
        "key": "artillery_equipment_1_desc:0",
        "original": "Rifled field guns made entirely out of metal and firing explosive ammunition are vastly more powerful than the cast cannons of old.",
        "translation": "",
        "stage": 0,
        "context": null
    },
    {
        "key": "infantry_equipment_0:0",
        "original": "Breech-Loaded Rifles",
        "translation": "약실-장전식 소총",
        "stage": 1,
        "context": null
    },
    {
        "key": "infantry_equipment_0_short:0",
        "original": "Basic Rifles",
        "translation": "기본 소총",
        "stage": 1,
        "context": null
    },
    {
        "key": "infantry_equipment_0_desc:0",
        "original": "Muskets of old have been largely replaced by breech-loaded rifled firearms, which use smokeless powder and can be reloaded quickly and easily. In addition soldiers use sidearms such as pistols and bayonets as well as state-issued helmets and uniforms.",
        "translation": "오래된 머스킷 총의 대부분이 무연 화약을 사용하며 빠르고 쉽게 재장전할 수 있는 약실-장전식 총으로 대체되었습니다. 게다가, 군인들은 권총과 총검과 같은 보조 무기뿐만 아니라 국가에서 보급하는 헬멧과 제복을 사용하게 되었습니다.",
        "stage": 1,
        "context": null
    },
    {
        "key": "infantry_equipment_1:0",
        "original": "Bolt-Action Rifles",
        "translation": "볼트-액션식 소총",
        "stage": 1,
        "context": null
    },
    {
        "key": "infantry_equipment_1_desc:0",
        "original": "Bolt-action rifles are replacing older designs thanks to their higher rate of fire. Grenades are seeing wider use and helmet designs constantly evolve.",
        "translation": "볼트-액션 소총은 더 높아진 발사 속도 덕분에 과거의 총기들을 대체하고 있습니다. 수류탄은 더 널리 사용되고 있으며 헬멧 디자인은 끊임없이 진화하고 있습니다.",
        "stage": 1,
        "context": null
    },
    {
        "key": "infantry_equipment_2:0",
        "original": "Submachine Guns",
        "translation": "",
        "stage": 0,
        "context": null
    },
    {
        "key": "infantry_equipment_2_desc:0",
        "original": "Machine guns proved to be powerful weapons, but they lacked mobility. Submachine guns however allow soldiers to maintain high rates of fire even on the move. Meanwhile new anti-tank weapons help overcome armoured opponents.",
        "translation": "",
        "stage": 0,
        "context": null
    },
    {
        "key": "infantry_equipment_3:0",
        "original": "Assault Rifles",
        "translation": "",
        "stage": 0,
        "context": null
    },
    {
        "key": "infantry_equipment_3_desc:0",
        "original": "Assault rifles combine the range and accuracy of rifles with the firepower of submachine guns. These selective-fire weapons have detachable magazines and intermediate cartridges. Anti-tank weapons continually evolve, allowing even infantry to destroy tanks with relative ease.",
        "translation": "",
        "stage": 0,
        "context": null
    },
    {
        "key": "gw_armored_car_equipment:0",
        "original": "Basic Armored Car",
        "translation": "",
        "stage": 0,
        "context": null
    },
    {
        "key": "armored_car_equipment_1:0",
        "original": "Improved Armored Car",
        "translation": "",
        "stage": 0,
        "context": null
    },
    {
        "key": "armored_car_equipment_2:0",
        "original": "Advanced Armored Car",
        "translation": "",
        "stage": 0,
        "context": null
    },
    {
        "key": "JAP_infantry_equipment_0:0",
        "original": "Arisaka Type 38",
        "translation": "",
        "stage": 0,
        "context": null
    },
    {
        "key": "JAP_infantry_equipment_0_short:0",
        "original": "Arisaka Type 38",
        "translation": "",
        "stage": 0,
        "context": null
    },
    {
        "key": "JAP_infantry_equipment_1:0",
        "original": "Arisaka Type 99",
        "translation": "",
        "stage": 0,
        "context": null
    },
    {
        "key": "JAP_infantry_equipment_1_short:0",
        "original": "Arisaka Type 99",
        "translation": "",
        "stage": 0,
        "context": null
    },
    {
        "key": "ROM_infantry_equipment_0:0",
        "original": "Mannlicher M1895",
        "translation": "",
        "stage": 0,
        "context": null
    },
    {
        "key": "ROM_infantry_equipment_0_short:0",
        "original": "Mannlicher M1895",
        "translation": "",
        "stage": 0,
        "context": null
    },
    {
        "key": "REQUESTED_MANPOWER_DETAILS:0",
        "original": "Next $NUM|Y$ of ponypower will arrive in $HR|Y$ hours.\\nFull ponypower reinforcement roughly in $D|Y$ days.",
        "translation": "",
        "stage": 0,
        "context": null
    },
    {
        "key": "NOT_ENOUGH_MANPOWER_TO_REINFORCE:0",
        "original": "Not enough ponypower to reinforce.",
        "translation": "",
        "stage": 0,
        "context": null
    },
    {
        "key": "MANPOWER_REINFORCEMENT_NOT_POSSIBLE:0",
        "original": "§RPonypower reinforcement is not possible at the current location.§!",
        "translation": "",
        "stage": 0,
        "context": null
    }
]