[
    {
        "key": "fighter_equipment_0:0",
        "original": "Early Fighter",
        "translation": "",
        "stage": 0,
        "context": null
    },
    {
        "key": "fighter_equipment_0_desc:0",
        "original": "The past century was a gallant age of airships and Pegasi and Griffon 'sky knights'. The biplane was thus viewed with much skepticism by the old guard, and it was not until a token garrison of Hippogriff fighter wings inflicted heavy casualties on the Storm King's air fleet in 1005 that even critics finally conceded that the era of airships had ended.",
        "translation": "The past century was a gallant age of airships and Pegasi and Griffon ‘sky knights’. The biplane was thus viewed with much skepticism by the old guard, and it was not until a token garrison of Equestrian fighter wings inflicted heavy casualties on the Storm King's invasion fleet in 1005 that even critics finally conceded that the airship era had ended.",
        "stage": 1,
        "context": null
    },
    {
        "key": "fighter_equipment_0_short:0",
        "original": "Early Fighter",
        "translation": "",
        "stage": 0,
        "context": null
    },
    {
        "key": "cv_fighter_equipment_0:0",
        "original": "Carrier Fighter",
        "translation": "",
        "stage": 0,
        "context": null
    },
    {
        "key": "cv_fighter_equipment_0_desc:0",
        "original": "Used to the long range and flying time of the airship, militaries searched for ways to extend the range of the powerful, but limited fighter craft. Just as airships were once hubs for griffons and pegasi soldiers, aircraft carriers became new hubs for these aircraft, much to the delight of unemployed airship crews seeking new homes.",
        "translation": "",
        "stage": 0,
        "context": null
    },
    {
        "key": "cv_fighter_equipment_1_desc:0",
        "original": "A basic fighter modified to launch from and land on aircraft carriers.",
        "translation": "",
        "stage": 0,
        "context": null
    },
    {
        "key": "cv_cas:1",
        "original": "Close Air Support",
        "translation": "",
        "stage": 0,
        "context": null
    },
    {
        "key": "cv_nav_bomber:0",
        "original": "Naval Bomber",
        "translation": "",
        "stage": 0,
        "context": null
    },
    {
        "key": "tac_bomber_equipment_0:0",
        "original": "Early Bomber",
        "translation": "",
        "stage": 0,
        "context": null
    },
    {
        "key": "tac_bomber_equipment_0_desc:0",
        "original": "Airship bombing was long a favoured tactic of militaries and sky pirates, softening targets and starting fires before landing troops. With airships obsolete thanks to aircraft and AA cannons, the military has cautiously embraced plane bombers, though with much bemoaning the lower ordnance capacity.",
        "translation": "",
        "stage": 0,
        "context": null
    },
    {
        "key": "tac_bomber_equipment_0_short:0",
        "original": "Early Bomber",
        "translation": "",
        "stage": 0,
        "context": null
    },
    {
        "key": "scout_plane_equipment_1_desc:0",
        "original": "Gathering intelligence on enemy troop movements and providing reports of enemy naval deployments has been an important purpose of airplanes throughout the various wars nations have fought. Even in peacetime, knowledge of civilian politics and technology level is invaluable.",
        "translation": "",
        "stage": 0,
        "context": null
    },
    {
        "key": "strat_bomber_equipment_1_desc:0",
        "original": "Despite the flight capacity of many races, attacks deep behind enemy lines were previously impossible, as fliers could not carry full combat gear long distances safely, and sluggish airships met swift responses. Strategic bombers have changed this, able to deliver swift, long range destruction anywhere, anytime.",
        "translation": "",
        "stage": 0,
        "context": null
    },
    {
        "key": "heavy_fighter_equipment_2_desc:0",
        "original": "War has taught us that our heavy fighter design is vulnerable to more nimble fighters, but quite good at the interception of enemy bombers due to heavy armament. This next design will focus on increased attack capability against enemy aircraft and even ground targets. Its speed and range will be improved as well.",
        "translation": "",
        "stage": 0,
        "context": null
    },
    {
        "key": "transport_plane_equipment_desc:0",
        "original": "Delivers paratroopers or supplies to their destination.",
        "translation": "",
        "stage": 0,
        "context": null
    },
    {
        "key": "transport_plane_equipment_1_desc:0",
        "original": "To landbound races, the ubiquity of air transport amongst flying races may seem odd. However, kitted out fliers cannot travel long distances without exhaustion. Modern fliers travel most of the distance by plane, jump out, and safely glide to the LZ.",
        "translation": "",
        "stage": 0,
        "context": null
    },
    {
        "key": "ENG_CAS_equipment_1:0",
        "original": "Fairey Battle",
        "translation": "",
        "stage": 0,
        "context": null
    },
    {
        "key": "ENG_CAS_equipment_1_short:0",
        "original": "Fairey Battle",
        "translation": "",
        "stage": 0,
        "context": null
    },
    {
        "key": "ENG_CAS_equipment_2:0",
        "original": "Vultee Vengeance",
        "translation": "",
        "stage": 0,
        "context": null
    },
    {
        "key": "ENG_CAS_equipment_2_short:0",
        "original": "Vultee Vengeance",
        "translation": "",
        "stage": 0,
        "context": null
    },
    {
        "key": "ENG_CAS_equipment_3:0",
        "original": "Hawker Tempest FB",
        "translation": "",
        "stage": 0,
        "context": null
    },
    {
        "key": "ENG_CAS_equipment_3_short:0",
        "original": "Hawker Tempest FB",
        "translation": "",
        "stage": 0,
        "context": null
    },
    {
        "key": "ENG_cv_CAS_equipment_1_short:0",
        "original": "Hawker Osprey",
        "translation": "",
        "stage": 0,
        "context": null
    },
    {
        "key": "ENG_cv_CAS_equipment_2:0",
        "original": "Fairey Barracuda",
        "translation": "",
        "stage": 0,
        "context": null
    },
    {
        "key": "ENG_cv_CAS_equipment_2_short:0",
        "original": "Fairey Barracuda",
        "translation": "",
        "stage": 0,
        "context": null
    },
    {
        "key": "ENG_cv_CAS_equipment_3:0",
        "original": "Fairey Firefly",
        "translation": "",
        "stage": 0,
        "context": null
    },
    {
        "key": "ENG_cv_CAS_equipment_3_short:0",
        "original": "Fairey Firefly",
        "translation": "",
        "stage": 0,
        "context": null
    },
    {
        "key": "ENG_cv_fighter_equipment_0_short:0",
        "original": "Hawker Nimrod",
        "translation": "",
        "stage": 0,
        "context": null
    },
    {
        "key": "ENG_cv_fighter_equipment_1:0",
        "original": "Hawker Sea Hurricane",
        "translation": "",
        "stage": 0,
        "context": null
    },
    {
        "key": "ENG_cv_fighter_equipment_1_short:0",
        "original": "Hawker Sea Hurricane",
        "translation": "",
        "stage": 0,
        "context": null
    },
    {
        "key": "ENG_cv_fighter_equipment_2:0",
        "original": "Supermarine Seafire",
        "translation": "",
        "stage": 0,
        "context": null
    },
    {
        "key": "ENG_cv_fighter_equipment_2_short:0",
        "original": "Supermarine Seafire",
        "translation": "",
        "stage": 0,
        "context": null
    },
    {
        "key": "ENG_cv_fighter_equipment_3:0",
        "original": "Hawker Sea Fury",
        "translation": "",
        "stage": 0,
        "context": null
    },
    {
        "key": "ENG_cv_fighter_equipment_3_short:0",
        "original": "Hawker Sea Fury",
        "translation": "",
        "stage": 0,
        "context": null
    },
    {
        "key": "ENG_cv_nav_bomber_equipment_1_short:0",
        "original": "Blackburn Shark",
        "translation": "",
        "stage": 0,
        "context": null
    },
    {
        "key": "ENG_cv_nav_bomber_equipment_2_short:0",
        "original": "Blackbuen Roc",
        "translation": "",
        "stage": 0,
        "context": null
    },
    {
        "key": "ENG_cv_nav_bomber_equipment_3_short:0",
        "original": "Blackburn Firebrand",
        "translation": "",
        "stage": 0,
        "context": null
    },
    {
        "key": "ENG_fighter_equipment_0_short:0",
        "original": "Gloster Gladiator",
        "translation": "",
        "stage": 0,
        "context": null
    },
    {
        "key": "ENG_fighter_equipment_1:0",
        "original": "Hawker Hurricane Mk I",
        "translation": "",
        "stage": 0,
        "context": null
    },
    {
        "key": "ENG_fighter_equipment_1_short:0",
        "original": "Hawker Hurricane",
        "translation": "",
        "stage": 0,
        "context": null
    },
    {
        "key": "ENG_fighter_equipment_2:0",
        "original": "Supermarine Spitfire Mk IV",
        "translation": "",
        "stage": 0,
        "context": null
    },
    {
        "key": "ENG_fighter_equipment_2_short:0",
        "original": "Supermarine Spitfire",
        "translation": "",
        "stage": 0,
        "context": null
    },
    {
        "key": "ENG_fighter_equipment_3:0",
        "original": "Supermarine Spitfire Mk.IX",
        "translation": "",
        "stage": 0,
        "context": null
    },
    {
        "key": "ENG_fighter_equipment_3_short:0",
        "original": "Spitfire Mk.IX",
        "translation": "",
        "stage": 0,
        "context": null
    },
    {
        "key": "ENG_heavy_fighter_equipment_1:0",
        "original": "Bristol Blenheim Mk I",
        "translation": "",
        "stage": 0,
        "context": null
    },
    {
        "key": "ENG_heavy_fighter_equipment_1_short:0",
        "original": "Bristol Blenheim",
        "translation": "",
        "stage": 0,
        "context": null
    },
    {
        "key": "ENG_heavy_fighter_equipment_2:0",
        "original": "De Havilland Mosquito FB",
        "translation": "",
        "stage": 0,
        "context": null
    },
    {
        "key": "ENG_heavy_fighter_equipment_2_short:0",
        "original": "De Havilland Mosquito FB",
        "translation": "",
        "stage": 0,
        "context": null
    },
    {
        "key": "ENG_heavy_fighter_equipment_3:0",
        "original": "De Havilland Hornet",
        "translation": "",
        "stage": 0,
        "context": null
    },
    {
        "key": "ENG_heavy_fighter_equipment_3_short:0",
        "original": "De Havilland Hornet",
        "translation": "",
        "stage": 0,
        "context": null
    },
    {
        "key": "ENG_jet_fighter_equipment_1_short:0",
        "original": "Gloster Meteor",
        "translation": "",
        "stage": 0,
        "context": null
    },
    {
        "key": "ENG_jet_fighter_equipment_2:0",
        "original": "de Havilland Hunter",
        "translation": "",
        "stage": 0,
        "context": null
    },
    {
        "key": "ENG_jet_fighter_equipment_2_short:0",
        "original": "De Havilland Vampire",
        "translation": "",
        "stage": 0,
        "context": null
    },
    {
        "key": "ENG_jet_strat_bomber_equipment_1_short:0",
        "original": "Vickers Valiant",
        "translation": "",
        "stage": 0,
        "context": null
    },
    {
        "key": "ENG_jet_tac_bomber_equipment_1_short:0",
        "original": "De Havilland Venom",
        "translation": "",
        "stage": 0,
        "context": null
    },
    {
        "key": "ENG_jet_tac_bomber_equipment_2_short:0",
        "original": "English Electric Canberra",
        "translation": "",
        "stage": 0,
        "context": null
    },
    {
        "key": "ENG_nav_bomber_equipment_1_short:0",
        "original": "Fairey Swordfish",
        "translation": "",
        "stage": 0,
        "context": null
    },
    {
        "key": "ENG_nav_bomber_equipment_2_short:0",
        "original": "Fairey Albacore",
        "translation": "",
        "stage": 0,
        "context": null
    },
    {
        "key": "ENG_nav_bomber_equipment_3:0",
        "original": "Grumman Avenger",
        "translation": "",
        "stage": 0,
        "context": null
    },
    {
        "key": "ENG_nav_bomber_equipment_3_short:0",
        "original": "Grumman Avenger",
        "translation": "",
        "stage": 0,
        "context": null
    },
    {
        "key": "ENG_strat_bomber_equipment_1_short:0",
        "original": "Handley Page Halifax",
        "translation": "",
        "stage": 0,
        "context": null
    },
    {
        "key": "ENG_strat_bomber_equipment_2_short:0",
        "original": "Avro Lancaster",
        "translation": "",
        "stage": 0,
        "context": null
    },
    {
        "key": "ENG_strat_bomber_equipment_3_short:0",
        "original": "Avro Lincoln",
        "translation": "",
        "stage": 0,
        "context": null
    },
    {
        "key": "ENG_tac_bomber_equipment_0_short:0",
        "original": "Armstrong Whitworth Whitley",
        "translation": "",
        "stage": 0,
        "context": null
    },
    {
        "key": "ENG_tac_bomber_equipment_1_short:0",
        "original": "Vickers Wellington",
        "translation": "",
        "stage": 0,
        "context": null
    },
    {
        "key": "ENG_tac_bomber_equipment_2_short:0",
        "original": "Bristol Beaufort",
        "translation": "",
        "stage": 0,
        "context": null
    },
    {
        "key": "ENG_tac_bomber_equipment_3_short:0",
        "original": "De Havilland Mosquito B",
        "translation": "",
        "stage": 0,
        "context": null
    },
    {
        "key": "AST_CAS_equipment_1:0",
        "original": "Fairey Battle",
        "translation": "",
        "stage": 0,
        "context": null
    },
    {
        "key": "AST_CAS_equipment_1_short:0",
        "original": "Battle",
        "translation": "",
        "stage": 0,
        "context": null
    },
    {
        "key": "AST_CAS_equipment_2:0",
        "original": "CAC Wirraway",
        "translation": "",
        "stage": 0,
        "context": null
    },
    {
        "key": "AST_CAS_equipment_2_short:0",
        "original": "CAC Wirraway",
        "translation": "",
        "stage": 0,
        "context": null
    },
    {
        "key": "AST_CAS_equipment_3:0",
        "original": "Bristol Beaufighter",
        "translation": "",
        "stage": 0,
        "context": null
    },
    {
        "key": "AST_CAS_equipment_3_short:0",
        "original": "Beaufighter",
        "translation": "",
        "stage": 0,
        "context": null
    },
    {
        "key": "AST_cv_CAS_equipment_3:0",
        "original": "Fairey Firefly",
        "translation": "",
        "stage": 0,
        "context": null
    },
    {
        "key": "AST_cv_CAS_equipment_3_short:0",
        "original": "Firefly",
        "translation": "",
        "stage": 0,
        "context": null
    },
    {
        "key": "AST_cv_fighter_equipment_2:0",
        "original": "Supermarine Seafire",
        "translation": "",
        "stage": 0,
        "context": null
    },
    {
        "key": "AST_cv_fighter_equipment_2_short:0",
        "original": "Seafire",
        "translation": "",
        "stage": 0,
        "context": null
    },
    {
        "key": "AST_cv_fighter_equipment_3:0",
        "original": "Supermarine Sea Fury",
        "translation": "",
        "stage": 0,
        "context": null
    },
    {
        "key": "AST_cv_fighter_equipment_3_short:0",
        "original": "Sea Fury",
        "translation": "",
        "stage": 0,
        "context": null
    },
    {
        "key": "AST_fighter_equipment_0:0",
        "original": "Hawker Demon",
        "translation": "",
        "stage": 0,
        "context": null
    },
    {
        "key": "AST_fighter_equipment_0_short:0",
        "original": "Demon",
        "translation": "",
        "stage": 0,
        "context": null
    },
    {
        "key": "AST_fighter_equipment_1:0",
        "original": "Brewster Buffalo",
        "translation": "",
        "stage": 0,
        "context": null
    },
    {
        "key": "AST_fighter_equipment_1_short:0",
        "original": "Buffalo",
        "translation": "",
        "stage": 0,
        "context": null
    },
    {
        "key": "AST_fighter_equipment_2:0",
        "original": "Curtiss Kittyhawk",
        "translation": "",
        "stage": 0,
        "context": null
    },
    {
        "key": "AST_fighter_equipment_2_short:0",
        "original": "Kittyhawk",
        "translation": "",
        "stage": 0,
        "context": null
    },
    {
        "key": "AST_fighter_equipment_3:0",
        "original": "Supermarine Spitfire",
        "translation": "",
        "stage": 0,
        "context": null
    },
    {
        "key": "AST_fighter_equipment_3_short:0",
        "original": "Spitfire",
        "translation": "",
        "stage": 0,
        "context": null
    },
    {
        "key": "AST_strat_bomber_equipment_3:0",
        "original": "Consolidated B-24 Liberator",
        "translation": "",
        "stage": 0,
        "context": null
    },
    {
        "key": "AST_strat_bomber_equipment_3_short:0",
        "original": "B-24 Liberator",
        "translation": "",
        "stage": 0,
        "context": null
    },
    {
        "key": "AST_tac_bomber_equipment_1:0",
        "original": "Lockheed Hudson",
        "translation": "",
        "stage": 0,
        "context": null
    },
    {
        "key": "AST_tac_bomber_equipment_1_short:0",
        "original": "Hudson",
        "translation": "",
        "stage": 0,
        "context": null
    },
    {
        "key": "AST_tac_bomber_equipment_2:0",
        "original": "Vickers Wellington",
        "translation": "",
        "stage": 0,
        "context": null
    },
    {
        "key": "AST_tac_bomber_equipment_2_short:0",
        "original": "Wellington",
        "translation": "",
        "stage": 0,
        "context": null
    },
    {
        "key": "AST_tac_bomber_equipment_3:0",
        "original": "North American B-25 Mitchell",
        "translation": "",
        "stage": 0,
        "context": null
    },
    {
        "key": "AST_tac_bomber_equipment_3_short:0",
        "original": "B-25 Mitchell",
        "translation": "",
        "stage": 0,
        "context": null
    },
    {
        "key": "NZL_jet_fighter_equipment_2:0",
        "original": "de Havilland Hunter",
        "translation": "",
        "stage": 0,
        "context": null
    },
    {
        "key": "NZL_jet_fighter_equipment_2_short:0",
        "original": "Hunter",
        "translation": "",
        "stage": 0,
        "context": null
    },
    {
        "key": "RAJ_jet_fighter_equipment_2:0",
        "original": "de Havilland Hunter",
        "translation": "",
        "stage": 0,
        "context": null
    },
    {
        "key": "RAJ_jet_fighter_equipment_2_short:0",
        "original": "Hunter",
        "translation": "",
        "stage": 0,
        "context": null
    },
    {
        "key": "SAF_jet_fighter_equipment_2:0",
        "original": "de Havilland Hunter",
        "translation": "",
        "stage": 0,
        "context": null
    },
    {
        "key": "SAF_jet_fighter_equipment_2_short:0",
        "original": "Hunter",
        "translation": "",
        "stage": 0,
        "context": null
    },
    {
        "key": "CHI_fighter_equipment_1:0",
        "original": "CAMCO P40",
        "translation": "",
        "stage": 0,
        "context": null
    },
    {
        "key": "CHI_fighter_equipment_1_short:0",
        "original": "P40",
        "translation": "",
        "stage": 0,
        "context": null
    },
    {
        "key": "CZE_CAS_equipment_2:0",
        "original": "Letov S-28",
        "translation": "",
        "stage": 0,
        "context": null
    },
    {
        "key": "CZE_CAS_equipment_2_short:0",
        "original": "S-28",
        "translation": "",
        "stage": 0,
        "context": null
    },
    {
        "key": "GER_CAS_equipment_1_short:0",
        "original": "Ju 87 'Stuka'",
        "translation": "",
        "stage": 0,
        "context": null
    },
    {
        "key": "GER_CAS_equipment_3:0",
        "original": "Henschel Hs 129",
        "translation": "",
        "stage": 0,
        "context": null
    },
    {
        "key": "GER_CAS_equipment_3_short:0",
        "original": "Henschel Hs 129",
        "translation": "",
        "stage": 0,
        "context": null
    },
    {
        "key": "GER_cv_CAS_equipment_1:0",
        "original": "Junkers Ju 87 C",
        "translation": "",
        "stage": 0,
        "context": null
    },
    {
        "key": "GER_cv_CAS_equipment_1_short:0",
        "original": "Fieseler Fi 167",
        "translation": "",
        "stage": 0,
        "context": null
    },
    {
        "key": "GER_cv_CAS_equipment_2:0",
        "original": "Fieseler Fi 167",
        "translation": "",
        "stage": 0,
        "context": null
    },
    {
        "key": "GER_cv_CAS_equipment_2_short:0",
        "original": "Ju 87 C/Tr",
        "translation": "",
        "stage": 0,
        "context": null
    },
    {
        "key": "GER_cv_fighter_equipment_0:0",
        "original": "Heinkel He 51 T",
        "translation": "",
        "stage": 0,
        "context": null
    },
    {
        "key": "GER_cv_fighter_equipment_0_short:0",
        "original": "He 51 T",
        "translation": "",
        "stage": 0,
        "context": null
    },
    {
        "key": "GER_cv_fighter_equipment_1:0",
        "original": "Bf 109 T",
        "translation": "",
        "stage": 0,
        "context": null
    },
    {
        "key": "GER_cv_fighter_equipment_1_short:0",
        "original": "Bf 109 T",
        "translation": "",
        "stage": 0,
        "context": null
    },
    {
        "key": "GER_cv_fighter_equipment_2:0",
        "original": "Messerschmitt Bf 109 G-2/Tr",
        "translation": "",
        "stage": 0,
        "context": null
    },
    {
        "key": "GER_cv_fighter_equipment_2_short:0",
        "original": "Bf 109 G-2/Tr",
        "translation": "",
        "stage": 0,
        "context": null
    },
    {
        "key": "GER_cv_fighter_equipment_3:0",
        "original": "Messerschmitt Me 155",
        "translation": "",
        "stage": 0,
        "context": null
    },
    {
        "key": "GER_cv_fighter_equipment_3_short:0",
        "original": "Me 155",
        "translation": "",
        "stage": 0,
        "context": null
    },
    {
        "key": "HUN_CAS_equipment_1:0",
        "original": "Weiss WM-21 Sólyom",
        "translation": "",
        "stage": 0,
        "context": null
    },
    {
        "key": "HUN_CAS_equipment_1_short:0",
        "original": "WM-21",
        "translation": "",
        "stage": 0,
        "context": null
    },
    {
        "key": "HUN_fighter_equipment_2:0",
        "original": "Weiss WM-23 Ezustnyil",
        "translation": "",
        "stage": 0,
        "context": null
    },
    {
        "key": "HUN_fighter_equipment_2_short:0",
        "original": "WM-23",
        "translation": "",
        "stage": 0,
        "context": null
    },
    {
        "key": "HUN_fighter_equipment_3:0",
        "original": "MÁVAG Héja",
        "translation": "",
        "stage": 0,
        "context": null
    },
    {
        "key": "HUN_fighter_equipment_3_short:0",
        "original": "Héja",
        "translation": "",
        "stage": 0,
        "context": null
    },
    {
        "key": "HUN_heavy_fighter_equipment_2:0",
        "original": "DRR Me 201Ca-1",
        "translation": "",
        "stage": 0,
        "context": null
    },
    {
        "key": "HUN_heavy_fighter_equipment_2_short:0",
        "original": "Me 210Ca-1",
        "translation": "",
        "stage": 0,
        "context": null
    },
    {
        "key": "ITA_cv_CAS_equipment_2:0",
        "original": "Fiat G.50bis A/N 'Freccia'",
        "translation": "",
        "stage": 0,
        "context": null
    },
    {
        "key": "ITA_cv_CAS_equipment_2_short:0",
        "original": "G.50bis A/N",
        "translation": "",
        "stage": 0,
        "context": null
    },
    {
        "key": "ITA_cv_fighter_equipment_1:0",
        "original": "Fiat CR.42bis",
        "translation": "",
        "stage": 0,
        "context": null
    },
    {
        "key": "ITA_cv_fighter_equipment_1_short:0",
        "original": "Fiat CR.42bis",
        "translation": "",
        "stage": 0,
        "context": null
    },
    {
        "key": "ITA_cv_fighter_equipment_2:0",
        "original": "Reggiane Re.2001 OR",
        "translation": "",
        "stage": 0,
        "context": null
    },
    {
        "key": "ITA_cv_fighter_equipment_2_short:0",
        "original": "Re.2001 OR",
        "translation": "",
        "stage": 0,
        "context": null
    },
    {
        "key": "ITA_nav_bomber_equipment_1:0",
        "original": "SAIMAN 200",
        "translation": "",
        "stage": 0,
        "context": null
    },
    {
        "key": "ITA_nav_bomber_equipment_1_short:0",
        "original": "SAIMAN 200",
        "translation": "",
        "stage": 0,
        "context": null
    },
    {
        "key": "ITA_nav_bomber_equipment_2:0",
        "original": "Savoia-Marchetti SM.79 Sparviero",
        "translation": "",
        "stage": 0,
        "context": null
    },
    {
        "key": "ITA_nav_bomber_equipment_2_short:0",
        "original": "SM.79 Sparviero",
        "translation": "",
        "stage": 0,
        "context": null
    },
    {
        "key": "ITA_transport_plane_equipment_1:0",
        "original": "Caproni Fv.133",
        "translation": "",
        "stage": 0,
        "context": null
    },
    {
        "key": "JAP_CAS_equipment_1_short:0",
        "original": "Kawasaki Ki-32",
        "translation": "",
        "stage": 0,
        "context": null
    },
    {
        "key": "JAP_CAS_equipment_2_short:0",
        "original": "Mitsubishi Ki-51",
        "translation": "",
        "stage": 0,
        "context": null
    },
    {
        "key": "JAP_CAS_equipment_3_short:0",
        "original": "Kawasaki Ki-66",
        "translation": "",
        "stage": 0,
        "context": null
    },
    {
        "key": "JAP_cv_CAS_equipment_1_short:0",
        "original": "Aichi D1A2",
        "translation": "",
        "stage": 0,
        "context": null
    },
    {
        "key": "JAP_cv_CAS_equipment_2_short:0",
        "original": "Aichi D3A",
        "translation": "",
        "stage": 0,
        "context": null
    },
    {
        "key": "JAP_cv_CAS_equipment_3_short:0",
        "original": "Yokosuka D4Y Suisei",
        "translation": "",
        "stage": 0,
        "context": null
    },
    {
        "key": "JAP_cv_fighter_equipment_0_short:0",
        "original": "Nakajima A4N",
        "translation": "",
        "stage": 0,
        "context": null
    },
    {
        "key": "JAP_cv_fighter_equipment_1_short:0",
        "original": "Mitsubishi A5M",
        "translation": "",
        "stage": 0,
        "context": null
    },
    {
        "key": "JAP_cv_fighter_equipment_2:0",
        "original": "Mitsubishi A6M2 Reisen",
        "translation": "",
        "stage": 0,
        "context": null
    },
    {
        "key": "JAP_cv_fighter_equipment_2_short:0",
        "original": "Mitsubishi A6M2 Reisen",
        "translation": "",
        "stage": 0,
        "context": null
    },
    {
        "key": "JAP_cv_fighter_equipment_3_short:0",
        "original": "Mitsubishi A7M Reppu",
        "translation": "",
        "stage": 0,
        "context": null
    },
    {
        "key": "JAP_cv_nav_bomber_equipment_1_short:0",
        "original": "Nakajima B5N",
        "translation": "",
        "stage": 0,
        "context": null
    },
    {
        "key": "JAP_cv_nav_bomber_equipment_2_short:0",
        "original": "Nakajima B6N",
        "translation": "",
        "stage": 0,
        "context": null
    },
    {
        "key": "JAP_cv_nav_bomber_equipment_3_short:0",
        "original": "Aichi B7A",
        "translation": "",
        "stage": 0,
        "context": null
    },
    {
        "key": "JAP_fighter_equipment_0:0",
        "original": "Kawasaki Ki-10",
        "translation": "",
        "stage": 0,
        "context": null
    },
    {
        "key": "JAP_fighter_equipment_0_short:0",
        "original": "Kawasaki Ki-10",
        "translation": "",
        "stage": 0,
        "context": null
    },
    {
        "key": "JAP_fighter_equipment_1_short:0",
        "original": "Nakajima Ki-27",
        "translation": "",
        "stage": 0,
        "context": null
    },
    {
        "key": "JAP_fighter_equipment_2_short:0",
        "original": "Nakajima Ki-43 Hayabusa",
        "translation": "",
        "stage": 0,
        "context": null
    },
    {
        "key": "JAP_fighter_equipment_3_short:0",
        "original": "Nakajima Ki-84 Hayate",
        "translation": "",
        "stage": 0,
        "context": null
    },
    {
        "key": "JAP_heavy_fighter_equipment_1_short:0",
        "original": "Kawasaki Ki-38",
        "translation": "",
        "stage": 0,
        "context": null
    },
    {
        "key": "JAP_heavy_fighter_equipment_2_short:0",
        "original": "Kawasaki Ki-45 Toryu",
        "translation": "",
        "stage": 0,
        "context": null
    },
    {
        "key": "JAP_heavy_fighter_equipment_3_short:0",
        "original": "Kawasaki Ki-102",
        "translation": "",
        "stage": 0,
        "context": null
    },
    {
        "key": "JAP_jet_fighter_equipment_1_short:0",
        "original": "Nakajima Kikka",
        "translation": "",
        "stage": 0,
        "context": null
    },
    {
        "key": "JAP_jet_fighter_equipment_2_short:0",
        "original": "Kyushu J7W Shinden-Kai",
        "translation": "",
        "stage": 0,
        "context": null
    },
    {
        "key": "JAP_nav_bomber_equipment_1:0",
        "original": "Nakajima B5N",
        "translation": "",
        "stage": 0,
        "context": null
    },
    {
        "key": "JAP_nav_bomber_equipment_1_short:0",
        "original": "Nakajima B5N",
        "translation": "",
        "stage": 0,
        "context": null
    },
    {
        "key": "JAP_nav_bomber_equipment_2:0",
        "original": "Nakajima A6M2-N",
        "translation": "",
        "stage": 0,
        "context": null
    },
    {
        "key": "JAP_nav_bomber_equipment_2_short:0",
        "original": "A6M2-N",
        "translation": "",
        "stage": 0,
        "context": null
    },
    {
        "key": "JAP_nav_bomber_equipment_3:0",
        "original": "Aichi B7A",
        "translation": "",
        "stage": 0,
        "context": null
    },
    {
        "key": "JAP_nav_bomber_equipment_3_short:0",
        "original": "Aichi B7A",
        "translation": "",
        "stage": 0,
        "context": null
    },
    {
        "key": "JAP_strat_bomber_equipment_1_short:0",
        "original": "Mitsubishi Ki-20",
        "translation": "",
        "stage": 0,
        "context": null
    },
    {
        "key": "JAP_strat_bomber_equipment_2_short:0",
        "original": "Nakajima Ki-49 Donryu",
        "translation": "",
        "stage": 0,
        "context": null
    },
    {
        "key": "JAP_strat_bomber_equipment_3_short:0",
        "original": "Nakajima G8N Renzan",
        "translation": "",
        "stage": 0,
        "context": null
    },
    {
        "key": "JAP_tac_bomber_equipment_0_short:0",
        "original": "Mitsubishi G3M Rikko",
        "translation": "",
        "stage": 0,
        "context": null
    },
    {
        "key": "JAP_tac_bomber_equipment_1_short:0",
        "original": "Mitsubishi Ki-21",
        "translation": "",
        "stage": 0,
        "context": null
    },
    {
        "key": "JAP_tac_bomber_equipment_2:0",
        "original": "Mitsubishi G4M",
        "translation": "",
        "stage": 0,
        "context": null
    },
    {
        "key": "JAP_tac_bomber_equipment_2_short:0",
        "original": "G4M",
        "translation": "",
        "stage": 0,
        "context": null
    },
    {
        "key": "JAP_tac_bomber_equipment_3:0",
        "original": "Yokosuka P1Y Ginga",
        "translation": "",
        "stage": 0,
        "context": null
    },
    {
        "key": "JAP_tac_bomber_equipment_3_short:0",
        "original": "P1Y Ginga",
        "translation": "",
        "stage": 0,
        "context": null
    },
    {
        "key": "ROM_fighter_equipment_0:0",
        "original": "IAR 14",
        "translation": "",
        "stage": 0,
        "context": null
    },
    {
        "key": "ROM_fighter_equipment_0_short:0",
        "original": "IAR 14",
        "translation": "",
        "stage": 0,
        "context": null
    },
    {
        "key": "ROM_fighter_equipment_1:0",
        "original": "IAR P.24E",
        "translation": "",
        "stage": 0,
        "context": null
    },
    {
        "key": "ROM_fighter_equipment_1_short:0",
        "original": "IAR P.24E",
        "translation": "",
        "stage": 0,
        "context": null
    },
    {
        "key": "ROM_nav_bomber_equipment_1:0",
        "original": "Savoia-Marchetti S.55",
        "translation": "",
        "stage": 0,
        "context": null
    },
    {
        "key": "ROM_nav_bomber_equipment_1_short:0",
        "original": "SM.S.55",
        "translation": "",
        "stage": 0,
        "context": null
    },
    {
        "key": "ROM_nav_bomber_equipment_2:0",
        "original": "Heinkel He.114B",
        "translation": "",
        "stage": 0,
        "context": null
    },
    {
        "key": "ROM_nav_bomber_equipment_2_short:0",
        "original": "He.114B",
        "translation": "",
        "stage": 0,
        "context": null
    },
    {
        "key": "ROM_tac_bomber_equipment_0:0",
        "original": "IAR Potez 25TOE",
        "translation": "",
        "stage": 0,
        "context": null
    },
    {
        "key": "ROM_tac_bomber_equipment_0_short:0",
        "original": "IAR Potez 25TOE",
        "translation": "",
        "stage": 0,
        "context": null
    },
    {
        "key": "ROM_tac_bomber_equipment_1:0",
        "original": "IAR PZL 37 Łoś",
        "translation": "",
        "stage": 0,
        "context": null
    },
    {
        "key": "ROM_tac_bomber_equipment_1_short:0",
        "original": "IAR PZL.37",
        "translation": "",
        "stage": 0,
        "context": null
    },
    {
        "key": "ROM_tac_bomber_equipment_2:0",
        "original": "Potez 633",
        "translation": "",
        "stage": 0,
        "context": null
    },
    {
        "key": "ROM_tac_bomber_equipment_2_short:0",
        "original": "Potez 633",
        "translation": "",
        "stage": 0,
        "context": null
    },
    {
        "key": "ROM_tac_bomber_equipment_3:0",
        "original": "IAR 79",
        "translation": "",
        "stage": 0,
        "context": null
    },
    {
        "key": "ROM_tac_bomber_equipment_3_short:0",
        "original": "IAR 79",
        "translation": "",
        "stage": 0,
        "context": null
    },
    {
        "key": "SOV_cv_fighter_equipment_1:0",
        "original": "Polikarpov I-153Sh",
        "translation": "",
        "stage": 0,
        "context": null
    },
    {
        "key": "SOV_cv_fighter_equipment_1_short:0",
        "original": "I-153Sh",
        "translation": "",
        "stage": 0,
        "context": null
    },
    {
        "key": "USA_CAS_equipment_1_short:0",
        "original": "Northrop A-17",
        "translation": "",
        "stage": 0,
        "context": null
    },
    {
        "key": "USA_CAS_equipment_2:0",
        "original": "Douglas A-20 Havoc",
        "translation": "",
        "stage": 0,
        "context": null
    },
    {
        "key": "USA_CAS_equipment_2_short:0",
        "original": "A-20 Havoc",
        "translation": "",
        "stage": 0,
        "context": null
    },
    {
        "key": "USA_CAS_equipment_3:0",
        "original": "Curtiss SB2C Helldiver",
        "translation": "",
        "stage": 0,
        "context": null
    },
    {
        "key": "USA_CAS_equipment_3_short:0",
        "original": "A-26 Invader",
        "translation": "",
        "stage": 0,
        "context": null
    },
    {
        "key": "USA_cv_CAS_equipment_1:0",
        "original": "Curtiss SBC Helldiver",
        "translation": "",
        "stage": 0,
        "context": null
    },
    {
        "key": "USA_cv_CAS_equipment_1_short:0",
        "original": "SBC Helldiver",
        "translation": "",
        "stage": 0,
        "context": null
    },
    {
        "key": "USA_cv_CAS_equipment_3:0",
        "original": "Curtiss SB2Cs Helldiver",
        "translation": "",
        "stage": 0,
        "context": null
    },
    {
        "key": "USA_cv_CAS_equipment_3_short:0",
        "original": "SB2Cs Helldiver",
        "translation": "",
        "stage": 0,
        "context": null
    },
    {
        "key": "USA_cv_fighter_equipment_0:0",
        "original": "Grumman F3F",
        "translation": "",
        "stage": 0,
        "context": null
    },
    {
        "key": "USA_cv_fighter_equipment_0_short:0",
        "original": "Grumman F3F",
        "translation": "",
        "stage": 0,
        "context": null
    },
    {
        "key": "USA_cv_fighter_equipment_1:0",
        "original": "Grumman F4F Wildcat",
        "translation": "",
        "stage": 0,
        "context": null
    },
    {
        "key": "USA_cv_fighter_equipment_1_short:0",
        "original": "Grumman F4F Wildcat",
        "translation": "",
        "stage": 0,
        "context": null
    },
    {
        "key": "USA_cv_fighter_equipment_2:0",
        "original": "Grumman F6F Hellcat",
        "translation": "",
        "stage": 0,
        "context": null
    },
    {
        "key": "USA_cv_fighter_equipment_2_short:0",
        "original": "Grumman F6F Hellcat",
        "translation": "",
        "stage": 0,
        "context": null
    },
    {
        "key": "USA_cv_fighter_equipment_3:0",
        "original": "Vought F4U Corsair",
        "translation": "",
        "stage": 0,
        "context": null
    },
    {
        "key": "USA_cv_fighter_equipment_3_short:0",
        "original": "Vought F4U Corsair",
        "translation": "",
        "stage": 0,
        "context": null
    },
    {
        "key": "USA_cv_nav_bomber_equipment_2_short:0",
        "original": "Grumman TBF-1C Avenger",
        "translation": "",
        "stage": 0,
        "context": null
    },
    {
        "key": "USA_cv_nav_bomber_equipment_3:0",
        "original": "Consolidated TBY Sea Wolf",
        "translation": "",
        "stage": 0,
        "context": null
    },
    {
        "key": "USA_cv_nav_bomber_equipment_3_short:0",
        "original": "Consolidated TBY Sea Wolf",
        "translation": "",
        "stage": 0,
        "context": null
    },
    {
        "key": "USA_fighter_equipment_0:0",
        "original": "Boeing P-26 Peashooter",
        "translation": "",
        "stage": 0,
        "context": null
    },
    {
        "key": "USA_fighter_equipment_0_short:0",
        "original": "P-26 Peashooter",
        "translation": "",
        "stage": 0,
        "context": null
    },
    {
        "key": "USA_fighter_equipment_1:0",
        "original": "Curtiss P-36 Hawk",
        "translation": "",
        "stage": 0,
        "context": null
    },
    {
        "key": "USA_fighter_equipment_1_short:0",
        "original": "P-36 Hawk",
        "translation": "",
        "stage": 0,
        "context": null
    },
    {
        "key": "USA_fighter_equipment_2:0",
        "original": "Curtiss P-40 Warhawk",
        "translation": "",
        "stage": 0,
        "context": null
    },
    {
        "key": "USA_fighter_equipment_2_short:0",
        "original": "P-40 Warhawk",
        "translation": "",
        "stage": 0,
        "context": null
    },
    {
        "key": "USA_heavy_fighter_equipment_3:0",
        "original": "Northrop P-61 Black Widow",
        "translation": "",
        "stage": 0,
        "context": null
    },
    {
        "key": "USA_heavy_fighter_equipment_3_short:0",
        "original": "P-61 Black Widow",
        "translation": "",
        "stage": 0,
        "context": null
    },
    {
        "key": "USA_nav_bomber_equipment_1:0",
        "original": "Douglas TBD Devastator",
        "translation": "",
        "stage": 0,
        "context": null
    },
    {
        "key": "USA_nav_bomber_equipment_1_short:0",
        "original": "TBD Devastator",
        "translation": "",
        "stage": 0,
        "context": null
    },
    {
        "key": "USA_nav_bomber_equipment_2:1",
        "original": "Grumman TBF Avenger",
        "translation": "",
        "stage": 0,
        "context": null
    },
    {
        "key": "USA_nav_bomber_equipment_2_short:1",
        "original": "TBF Avenger",
        "translation": "",
        "stage": 0,
        "context": null
    },
    {
        "key": "USA_nav_bomber_equipment_3:0",
        "original": "Consolidated TBY Sea Wolf",
        "translation": "",
        "stage": 0,
        "context": null
    },
    {
        "key": "USA_nav_bomber_equipment_3_short:0",
        "original": "BTD Destroyer",
        "translation": "",
        "stage": 0,
        "context": null
    },
    {
        "key": "USA_tac_bomber_equipment_0:0",
        "original": "Martin B-10",
        "translation": "",
        "stage": 0,
        "context": null
    },
    {
        "key": "USA_tac_bomber_equipment_0_short:0",
        "original": "Martin B-10",
        "translation": "",
        "stage": 0,
        "context": null
    },
    {
        "key": "USA_tac_bomber_equipment_1:0",
        "original": "Boeing B-18 Bolo",
        "translation": "",
        "stage": 0,
        "context": null
    },
    {
        "key": "USA_tac_bomber_equipment_1_short:0",
        "original": "B-18 Bolo",
        "translation": "",
        "stage": 0,
        "context": null
    },
    {
        "key": "USA_tac_bomber_equipment_3:0",
        "original": "North American B-28 Dragon",
        "translation": "",
        "stage": 0,
        "context": null
    },
    {
        "key": "USA_tac_bomber_equipment_3_short:0",
        "original": "B-28 Dragon",
        "translation": "",
        "stage": 0,
        "context": null
    },
    {
        "key": "YUG_CAS_equipment_1:0",
        "original": "Ikarus Orkan",
        "translation": "",
        "stage": 0,
        "context": null
    },
    {
        "key": "YUG_CAS_equipment_1_short:0",
        "original": "Ikarus Orkan",
        "translation": "",
        "stage": 0,
        "context": null
    },
    {
        "key": "YUG_tac_bomber_equipment_0:0",
        "original": "DFA-Breguet Br. 19 A2",
        "translation": "",
        "stage": 0,
        "context": null
    },
    {
        "key": "YUG_tac_bomber_equipment_0_short:0",
        "original": "Br. 19 A2",
        "translation": "",
        "stage": 0,
        "context": null
    },
    {
        "key": "YUG_tac_bomber_equipment_1:0",
        "original": "DFA-Dornier Do-17Ka ",
        "translation": "",
        "stage": 0,
        "context": null
    },
    {
        "key": "YUG_tac_bomber_equipment_1_short:0",
        "original": "Do-17 Ka",
        "translation": "",
        "stage": 0,
        "context": null
    },
    {
        "key": "YUG_tac_bomber_equipment_2:0",
        "original": "DFA-Bristol Blenheim",
        "translation": "",
        "stage": 0,
        "context": null
    },
    {
        "key": "YUG_tac_bomber_equipment_2_short:0",
        "original": "Blenheim",
        "translation": "",
        "stage": 0,
        "context": null
    }
]