[
    {
        "key": "europe:0",
        "original": "Equus",
        "translation": "에쿠스",
        "stage": 1,
        "context": null
    },
    {
        "key": "europe_adj:0",
        "original": "Equus",
        "translation": "에쿠스",
        "stage": 1,
        "context": null
    },
    {
        "key": "asia:0",
        "original": "Griffonia",
        "translation": "그리포니아",
        "stage": 1,
        "context": null
    },
    {
        "key": "asia_adj:0",
        "original": "Griffonian",
        "translation": "그리포니아",
        "stage": 1,
        "context": null
    },
    {
        "key": "africa:0",
        "original": "Zebrica",
        "translation": "제브리카",
        "stage": 1,
        "context": null
    },
    {
        "key": "africa_adj:0",
        "original": "Zebrican",
        "translation": "제브리카",
        "stage": 1,
        "context": null
    },
    {
        "key": "north_america:0",
        "original": "TBA",
        "translation": "",
        "stage": 0,
        "context": null
    },
    {
        "key": "south_america:0",
        "original": "TBA",
        "translation": "",
        "stage": 0,
        "context": null
    },
    {
        "key": "australia:0",
        "original": "TBA",
        "translation": "",
        "stage": 0,
        "context": null
    },
    {
        "key": "middle_east:0",
        "original": "TBA",
        "translation": "",
        "stage": 0,
        "context": null
    }
]