[
    {
        "key": "STRATEGICREGION_1:1",
        "original": "Zebrica",
        "translation": "제브리카",
        "stage": 1,
        "context": null
    },
    {
        "key": "STRATEGICREGION_2:1",
        "original": "Celestial Shores",
        "translation": "셀레스티아 해안",
        "stage": 1,
        "context": null
    },
    {
        "key": "STRATEGICREGION_3:1",
        "original": "Eclipse Gulf",
        "translation": "루나 만",
        "stage": 1,
        "context": null
    },
    {
        "key": "STRATEGICREGION_4:0",
        "original": "South Luna Ocean",
        "translation": "남루나양",
        "stage": 1,
        "context": null
    },
    {
        "key": "STRATEGICREGION_5:0",
        "original": "Stargulf",
        "translation": "성 만",
        "stage": 1,
        "context": null
    },
    {
        "key": "STRATEGICREGION_6:0",
        "original": "Southern Waters",
        "translation": "남해",
        "stage": 1,
        "context": null
    },
    {
        "key": "STRATEGICREGION_7:0",
        "original": "Fire Sea",
        "translation": "화해",
        "stage": 1,
        "context": null
    },
    {
        "key": "STRATEGICREGION_8:0",
        "original": "Warm Shores",
        "translation": "온난 해안",
        "stage": 1,
        "context": null
    },
    {
        "key": "STRATEGICREGION_9:0",
        "original": "North Celestial Sea",
        "translation": "북셀레스티아해",
        "stage": 1,
        "context": null
    },
    {
        "key": "STRATEGICREGION_10:0",
        "original": "Rocky Sea",
        "translation": "로키해",
        "stage": 1,
        "context": null
    },
    {
        "key": "STRATEGICREGION_11:0",
        "original": "Into the Unknown",
        "translation": "미지를 향해",
        "stage": 1,
        "context": null
    },
    {
        "key": "STRATEGICREGION_12:0",
        "original": "Frozen North",
        "translation": "프로즌 노스",
        "stage": 1,
        "context": null
    },
    {
        "key": "STRATEGICREGION_13:0",
        "original": "Dreki Approaches",
        "translation": "드레키 권역",
        "stage": 1,
        "context": null
    },
    {
        "key": "STRATEGICREGION_14:0",
        "original": "Eastern Fire Sea",
        "translation": "동화해",
        "stage": 1,
        "context": null
    },
    {
        "key": "STRATEGICREGION_16:0",
        "original": "Western Ocean",
        "translation": "서양",
        "stage": 1,
        "context": null
    },
    {
        "key": "STRATEGICREGION_17:0",
        "original": "Pegasi Gulf",
        "translation": "페가시 만",
        "stage": 1,
        "context": null
    },
    {
        "key": "STRATEGICREGION_18:0",
        "original": "Luna Bay",
        "translation": "루나 만",
        "stage": 1,
        "context": null
    },
    {
        "key": "STRATEGICREGION_19:0",
        "original": "Frusna Havet",
        "translation": "프루스나 하벳",
        "stage": 1,
        "context": null
    },
    {
        "key": "STRATEGICREGION_20:0",
        "original": "Rich Sea",
        "translation": "부유해",
        "stage": 1,
        "context": null
    },
    {
        "key": "STRATEGICREGION_21:0",
        "original": "Luna Ocean",
        "translation": "루나양",
        "stage": 1,
        "context": null
    },
    {
        "key": "STRATEGICREGION_22:0",
        "original": "Celestial Sea",
        "translation": "셀레스티아해",
        "stage": 1,
        "context": null
    },
    {
        "key": "STRATEGICREGION_23:0",
        "original": "Ice",
        "translation": "얼음",
        "stage": 1,
        "context": null
    },
    {
        "key": "STRATEGICREGION_24:0",
        "original": "More Ice",
        "translation": "많은 얼음",
        "stage": 1,
        "context": null
    },
    {
        "key": "STRATEGICREGION_25:0",
        "original": "Even More Ice",
        "translation": "더 많은 얼음",
        "stage": 1,
        "context": null
    },
    {
        "key": "STRATEGICREGION_26:0",
        "original": "Too Much Ice",
        "translation": "너무 많은 얼음",
        "stage": 1,
        "context": null
    },
    {
        "key": "STRATEGICREGION_27:0",
        "original": "White Gulf",
        "translation": "화이트 만",
        "stage": 1,
        "context": null
    },
    {
        "key": "STRATEGICREGION_28:0",
        "original": "Mare Nostrum",
        "translation": "마레 노스트룸",
        "stage": 1,
        "context": null
    },
    {
        "key": "STRATEGICREGION_29:0",
        "original": "Sun Sea",
        "translation": "그리폰 스퀘어",
        "stage": 1,
        "context": null
    },
    {
        "key": "STRATEGICREGION_30:0",
        "original": "Dragon's Lair",
        "translation": "드래곤 서식지",
        "stage": 1,
        "context": null
    },
    {
        "key": "STRATEGICREGION_31:2",
        "original": "Southern Colonies",
        "translation": "남부 식민지",
        "stage": 1,
        "context": null
    },
    {
        "key": "STRATEGICREGION_32:1",
        "original": "Forbidden Jungle",
        "translation": "금지된 정글",
        "stage": 1,
        "context": null
    },
    {
        "key": "STRATEGICREGION_33:0",
        "original": "Southern Colonies",
        "translation": "남부 식민지",
        "stage": 1,
        "context": null
    },
    {
        "key": "STRATEGICREGION_34:0",
        "original": "Dragon Badlands",
        "translation": "드래곤 황무지",
        "stage": 1,
        "context": null
    },
    {
        "key": "STRATEGICREGION_35:0",
        "original": "Hayseed Swamps",
        "translation": "헤이시드 늪지",
        "stage": 1,
        "context": null
    },
    {
        "key": "STRATEGICREGION_36:2",
        "original": "Mild West",
        "translation": "마일드 웨스트",
        "stage": 1,
        "context": null
    },
    {
        "key": "STRATEGICREGION_37:0",
        "original": "South Trotsas",
        "translation": "남트롯사스",
        "stage": 1,
        "context": null
    },
    {
        "key": "STRATEGICREGION_38:0",
        "original": "North Trotsas",
        "translation": "북트롯사스",
        "stage": 1,
        "context": null
    },
    {
        "key": "STRATEGICREGION_39:0",
        "original": "Minefields",
        "translation": "마인필즈",
        "stage": 1,
        "context": null
    },
    {
        "key": "STRATEGICREGION_40:0",
        "original": "Hoof Coast",
        "translation": "후핑턴 연안",
        "stage": 1,
        "context": null
    },
    {
        "key": "STRATEGICREGION_41:0",
        "original": "Central Equestria",
        "translation": "중앙 이퀘스트리아",
        "stage": 1,
        "context": null
    },
    {
        "key": "STRATEGICREGION_42:0",
        "original": "Sunny Shore",
        "translation": "필리델피아 연안",
        "stage": 1,
        "context": null
    },
    {
        "key": "STRATEGICREGION_43:0",
        "original": "Dragon Forests",
        "translation": "드래곤 숲",
        "stage": 1,
        "context": null
    },
    {
        "key": "STRATEGICREGION_44:0",
        "original": "Foal Region",
        "translation": "노새 리전",
        "stage": 1,
        "context": null
    },
    {
        "key": "STRATEGICREGION_45:0",
        "original": "Celestial Coast",
        "translation": "셀레스티아 연안",
        "stage": 1,
        "context": null
    },
    {
        "key": "STRATEGICREGION_46:0",
        "original": "North Celestial Coast",
        "translation": "북셀레스티아 연안",
        "stage": 1,
        "context": null
    },
    {
        "key": "STRATEGICREGION_47:0",
        "original": "Petershoof",
        "translation": "상트페테르후프",
        "stage": 1,
        "context": null
    },
    {
        "key": "STRATEGICREGION_48:0",
        "original": "Dodge Junction",
        "translation": "닷지 정션",
        "stage": 1,
        "context": null
    },
    {
        "key": "STRATEGICREGION_49:0",
        "original": "Aetherlands",
        "translation": "에테르랜드",
        "stage": 1,
        "context": null
    },
    {
        "key": "STRATEGICREGION_50:0",
        "original": "Las Pegasus",
        "translation": "라스 페가수스",
        "stage": 1,
        "context": null
    },
    {
        "key": "STRATEGICREGION_51:0",
        "original": "Mead Lake",
        "translation": "미드 호",
        "stage": 1,
        "context": null
    },
    {
        "key": "STRATEGICREGION_52:0",
        "original": "Coltfoalnia",
        "translation": "콜트포니아",
        "stage": 1,
        "context": null
    },
    {
        "key": "STRATEGICREGION_53:0",
        "original": "Vanhoover",
        "translation": "밴후버",
        "stage": 1,
        "context": null
    },
    {
        "key": "STRATEGICREGION_54:0",
        "original": "Rocky region",
        "translation": "로키 리전",
        "stage": 1,
        "context": null
    },
    {
        "key": "STRATEGICREGION_55:0",
        "original": "Midwest Pastures",
        "translation": "중서부 목초지",
        "stage": 1,
        "context": null
    },
    {
        "key": "STRATEGICREGION_56:0",
        "original": "Interfluv",
        "translation": "인터플루브",
        "stage": 1,
        "context": null
    },
    {
        "key": "STRATEGICREGION_57:0",
        "original": "Meadowlands",
        "translation": "붉은 여명",
        "stage": 1,
        "context": null
    },
    {
        "key": "STRATEGICREGION_58:0",
        "original": "Midplains",
        "translation": "중앙 초원",
        "stage": 1,
        "context": null
    },
    {
        "key": "STRATEGICREGION_59:0",
        "original": "Ruby Mountains",
        "translation": "스모키 산맥",
        "stage": 1,
        "context": null
    },
    {
        "key": "STRATEGICREGION_60:0",
        "original": "Unicorn Valley",
        "translation": "유니콘 계곡",
        "stage": 1,
        "context": null
    },
    {
        "key": "STRATEGICREGION_61:0",
        "original": "Lush Central Plain",
        "translation": "중앙 ",
        "stage": 1,
        "context": null
    },
    {
        "key": "STRATEGICREGION_62:0",
        "original": "Starswirl Valley",
        "translation": "스타스월 계곡",
        "stage": 1,
        "context": null
    },
    {
        "key": "STRATEGICREGION_63:0",
        "original": "Neighagra",
        "translation": "네이아가라",
        "stage": 1,
        "context": null
    },
    {
        "key": "STRATEGICREGION_64:0",
        "original": "Oleander Valley",
        "translation": "올레안데르 계곡",
        "stage": 1,
        "context": null
    },
    {
        "key": "STRATEGICREGION_65:0",
        "original": "Severyana",
        "translation": "스탈리온그라드",
        "stage": 1,
        "context": null
    },
    {
        "key": "STRATEGICREGION_66:0",
        "original": "Far Equestrian North",
        "translation": "이퀘스트리아 북쪽 경계",
        "stage": 1,
        "context": null
    },
    {
        "key": "STRATEGICREGION_67:0",
        "original": "Cranberry",
        "translation": "크랜베리",
        "stage": 1,
        "context": null
    },
    {
        "key": "STRATEGICREGION_68:0",
        "original": "Baicall",
        "translation": "베이콜",
        "stage": 1,
        "context": null
    },
    {
        "key": "STRATEGICREGION_69:1",
        "original": "Zakatnie Lands",
        "translation": "북이퀘스트리아",
        "stage": 1,
        "context": null
    },
    {
        "key": "STRATEGICREGION_70:0",
        "original": "Rainbow Falls",
        "translation": "무지개 폭포",
        "stage": 1,
        "context": null
    },
    {
        "key": "STRATEGICREGION_71:0",
        "original": "Crystal Heart",
        "translation": "크리스탈 하트",
        "stage": 1,
        "context": null
    },
    {
        "key": "STRATEGICREGION_72:0",
        "original": "Crystal Range",
        "translation": "크리스탈 산맥",
        "stage": 1,
        "context": null
    },
    {
        "key": "STRATEGICREGION_73:0",
        "original": "Yaket Range",
        "translation": "야켓 목장",
        "stage": 1,
        "context": null
    },
    {
        "key": "STRATEGICREGION_74:0",
        "original": "Stonefields",
        "translation": "스톤필즈",
        "stage": 1,
        "context": null
    },
    {
        "key": "STRATEGICREGION_75:0",
        "original": "Solar Plain",
        "translation": "태양 평원",
        "stage": 1,
        "context": null
    },
    {
        "key": "STRATEGICREGION_76:0",
        "original": "Whinnysota",
        "translation": "위니아폴리스",
        "stage": 1,
        "context": null
    },
    {
        "key": "STRATEGICREGION_77:0",
        "original": "Raspberry Field",
        "translation": "라즈베리 평원",
        "stage": 1,
        "context": null
    },
    {
        "key": "STRATEGICREGION_78:0",
        "original": "Manehattan Hills",
        "translation": "메인해튼 언덕",
        "stage": 1,
        "context": null
    },
    {
        "key": "STRATEGICREGION_79:0",
        "original": "Starswirl Plain",
        "translation": "스타스월 평원",
        "stage": 1,
        "context": null
    },
    {
        "key": "STRATEGICREGION_80:0",
        "original": "Deepfall Forest",
        "translation": "딥폴 숲",
        "stage": 1,
        "context": null
    },
    {
        "key": "STRATEGICREGION_81:0",
        "original": "Flower Wreath",
        "translation": "플라워 레스",
        "stage": 1,
        "context": null
    },
    {
        "key": "STRATEGICREGION_82:0",
        "original": "Magical lands",
        "translation": "마법의 땅",
        "stage": 1,
        "context": null
    },
    {
        "key": "STRATEGICREGION_83:0",
        "original": "Whitebell",
        "translation": "화이트벨",
        "stage": 1,
        "context": null
    },
    {
        "key": "STRATEGICREGION_84:0",
        "original": "Featherfall Dale",
        "translation": "페더폴 계곡",
        "stage": 1,
        "context": null
    },
    {
        "key": "STRATEGICREGION_85:0",
        "original": "Diamond",
        "translation": "다이아몬드",
        "stage": 1,
        "context": null
    },
    {
        "key": "STRATEGICREGION_86:0",
        "original": "Flanks",
        "translation": "플랑크스",
        "stage": 1,
        "context": null
    },
    {
        "key": "STRATEGICREGION_87:0",
        "original": "Ostwind",
        "translation": "오스트윈드",
        "stage": 1,
        "context": null
    },
    {
        "key": "STRATEGICREGION_88:0",
        "original": "Blueberry Lands",
        "translation": "블루베리 지대",
        "stage": 1,
        "context": null
    },
    {
        "key": "STRATEGICREGION_89:0",
        "original": "White Range",
        "translation": "스노위 산맥",
        "stage": 1,
        "context": null
    },
    {
        "key": "STRATEGICREGION_90:0",
        "original": "Olenia",
        "translation": "올레니아",
        "stage": 1,
        "context": null
    },
    {
        "key": "STRATEGICREGION_91:0",
        "original": "Cervus Dale",
        "translation": "세르부스 계곡",
        "stage": 1,
        "context": null
    },
    {
        "key": "STRATEGICREGION_92:0",
        "original": "Golden Region",
        "translation": "황금 리전",
        "stage": 1,
        "context": null
    },
    {
        "key": "STRATEGICREGION_93:0",
        "original": "Coast of Light",
        "translation": "빛의 해안",
        "stage": 1,
        "context": null
    },
    {
        "key": "STRATEGICREGION_94:0",
        "original": "Olenian Mountains",
        "translation": "올레니아 산맥",
        "stage": 1,
        "context": null
    },
    {
        "key": "STRATEGICREGION_95:0",
        "original": "Mondkin Mountains",
        "translation": "몬드킨 산맥",
        "stage": 1,
        "context": null
    },
    {
        "key": "STRATEGICREGION_96:0",
        "original": "Great Mountain Ranges",
        "translation": "그레이트 산맥 목장",
        "stage": 1,
        "context": null
    },
    {
        "key": "STRATEGICREGION_97:0",
        "original": "Västkusten",
        "translation": "배스트쿠스텐",
        "stage": 1,
        "context": null
    },
    {
        "key": "STRATEGICREGION_98:0",
        "original": "Nordbergen",
        "translation": "노르드베르겐",
        "stage": 1,
        "context": null
    },
    {
        "key": "STRATEGICREGION_99:0",
        "original": "Morkaberg",
        "translation": "모카베르크",
        "stage": 1,
        "context": null
    },
    {
        "key": "STRATEGICREGION_100:0",
        "original": "Changeling Forest",
        "translation": "체인질링 숲",
        "stage": 1,
        "context": null
    },
    {
        "key": "STRATEGICREGION_101:0",
        "original": "Chrysalis Coast",
        "translation": "크리살리스 ",
        "stage": 1,
        "context": null
    },
    {
        "key": "STRATEGICREGION_102:0",
        "original": "Central Yakistan",
        "translation": "중앙 야키스탄",
        "stage": 1,
        "context": null
    },
    {
        "key": "STRATEGICREGION_103:0",
        "original": "Greater Yakistan Valley",
        "translation": "대 야키스탄 계곡",
        "stage": 1,
        "context": null
    },
    {
        "key": "STRATEGICREGION_104:0",
        "original": "Modnihendi",
        "translation": "모드니헨디",
        "stage": 1,
        "context": null
    },
    {
        "key": "STRATEGICREGION_105:0",
        "original": "Beak Mountains",
        "translation": "빅 산맥",
        "stage": 1,
        "context": null
    },
    {
        "key": "STRATEGICREGION_106:0",
        "original": "Griffon Colony",
        "translation": "그리폰 식민지",
        "stage": 1,
        "context": null
    },
    {
        "key": "STRATEGICREGION_107:0",
        "original": "Unknown Shore",
        "translation": "미지 해안",
        "stage": 1,
        "context": null
    },
    {
        "key": "STRATEGICREGION_108:0",
        "original": "Penguinlands",
        "translation": "펭귄란트",
        "stage": 1,
        "context": null
    },
    {
        "key": "STRATEGICREGION_109:0",
        "original": "Polarland",
        "translation": "폴라란트",
        "stage": 1,
        "context": null
    },
    {
        "key": "STRATEGICREGION_110:0",
        "original": "Key Lake",
        "translation": "열쇠 호",
        "stage": 1,
        "context": null
    },
    {
        "key": "STRATEGICREGION_111:0",
        "original": "Saddening Shore",
        "translation": "슬픔 해변",
        "stage": 1,
        "context": null
    },
    {
        "key": "STRATEGICREGION_112:2",
        "original": "Mirelands",
        "translation": "마이어랜드",
        "stage": 1,
        "context": null
    },
    {
        "key": "STRATEGICREGION_113:0",
        "original": "Borderlands",
        "translation": "국경지대",
        "stage": 1,
        "context": null
    },
    {
        "key": "STRATEGICREGION_114:0",
        "original": "Central Mountain Region",
        "translation": "중앙 산맥 리전",
        "stage": 1,
        "context": null
    },
    {
        "key": "STRATEGICREGION_115:0",
        "original": "Northest Yak Territory",
        "translation": "야크 북부 영토",
        "stage": 1,
        "context": null
    },
    {
        "key": "STRATEGICREGION_116:1",
        "original": "Snowy Mountains",
        "translation": "베어 산맥",
        "stage": 1,
        "context": null
    },
    {
        "key": "STRATEGICREGION_117:0",
        "original": "Lake Kingsmere",
        "translation": "킹스메어 호",
        "stage": 1,
        "context": null
    },
    {
        "key": "STRATEGICREGION_118:0",
        "original": "Mountains of Emptiness",
        "translation": "공백 산맥",
        "stage": 1,
        "context": null
    },
    {
        "key": "STRATEGICREGION_119:0",
        "original": "Beak Region",
        "translation": "빅 리전",
        "stage": 1,
        "context": null
    },
    {
        "key": "STRATEGICREGION_120:0",
        "original": "Sorrow Forest",
        "translation": "슬픔의 숲",
        "stage": 1,
        "context": null
    },
    {
        "key": "STRATEGICREGION_121:0",
        "original": "Bright valleys",
        "translation": "브라이트 계곡",
        "stage": 1,
        "context": null
    },
    {
        "key": "STRATEGICREGION_122:0",
        "original": "Greneclyf",
        "translation": "그레네클리프",
        "stage": 1,
        "context": null
    },
    {
        "key": "STRATEGICREGION_123:0",
        "original": "Dim Gardens",
        "translation": "딤 가든",
        "stage": 1,
        "context": null
    },
    {
        "key": "STRATEGICREGION_124:0",
        "original": "East Celestial Sea",
        "translation": "동셀레스티아해",
        "stage": 1,
        "context": null
    },
    {
        "key": "STRATEGICREGION_125:0",
        "original": "Lionway",
        "translation": "라이언웨이",
        "stage": 1,
        "context": null
    },
    {
        "key": "STRATEGICREGION_126:0",
        "original": "Eagleheart",
        "translation": "이글하트",
        "stage": 1,
        "context": null
    },
    {
        "key": "STRATEGICREGION_127:1",
        "original": "Unexplored West",
        "translation": "서부 미탐사지역",
        "stage": 1,
        "context": null
    },
    {
        "key": "STRATEGICREGION_128:0",
        "original": "Open Ocean",
        "translation": "개방양",
        "stage": 1,
        "context": null
    },
    {
        "key": "STRATEGICREGION_129:0",
        "original": "Scorpio Sea",
        "translation": "스콜피오해",
        "stage": 1,
        "context": null
    },
    {
        "key": "STRATEGICREGION_130:0",
        "original": "Starry Sea",
        "translation": "스태리해",
        "stage": 1,
        "context": null
    },
    {
        "key": "STRATEGICREGION_131:0",
        "original": "Grey Sea",
        "translation": "회해",
        "stage": 1,
        "context": null
    },
    {
        "key": "STRATEGICREGION_132:2",
        "original": "Where Dragons Don't Go",
        "translation": "드래곤이 가지 않는 곳",
        "stage": 1,
        "context": null
    },
    {
        "key": "STRATEGICREGION_133:0",
        "original": "Horn Sea",
        "translation": "혼 해",
        "stage": 1,
        "context": null
    },
    {
        "key": "STRATEGICREGION_134:0",
        "original": "Beak Pass",
        "translation": "부릿길",
        "stage": 1,
        "context": null
    },
    {
        "key": "STRATEGICREGION_135:0",
        "original": "North",
        "translation": "북쪽",
        "stage": 1,
        "context": null
    },
    {
        "key": "STRATEGICREGION_136:0",
        "original": "Griffon Kingdom",
        "translation": "그리폰 왕국",
        "stage": 1,
        "context": null
    },
    {
        "key": "STRATEGICREGION_137:0",
        "original": "Second Continent",
        "translation": "두 번째 대륙",
        "stage": 1,
        "context": null
    },
    {
        "key": "STRATEGICREGION_138:0",
        "original": "East",
        "translation": "동쪽",
        "stage": 1,
        "context": null
    },
    {
        "key": "STRATEGICREGION_139:0",
        "original": "Interco",
        "translation": "인터코",
        "stage": 1,
        "context": null
    },
    {
        "key": "STRATEGICREGION_140:0",
        "original": "World Ocean",
        "translation": "세계양",
        "stage": 1,
        "context": null
    },
    {
        "key": "STRATEGICREGION_141:0",
        "original": "Ayy",
        "translation": "아이",
        "stage": 1,
        "context": null
    },
    {
        "key": "STRATEGICREGION_142:0",
        "original": "Lmao",
        "translation": "엘마오",
        "stage": 1,
        "context": null
    },
    {
        "key": "STRATEGICREGION_143:0",
        "original": "Kekerino",
        "translation": "케케리노",
        "stage": 1,
        "context": null
    },
    {
        "key": "STRATEGICREGION_144:0",
        "original": "Deep Ocean",
        "translation": "대심양",
        "stage": 1,
        "context": null
    },
    {
        "key": "STRATEGICREGION_145:0",
        "original": "Ocean of the North",
        "translation": "북양",
        "stage": 1,
        "context": null
    },
    {
        "key": "STRATEGICREGION_146:0",
        "original": "Wt",
        "translation": "WT",
        "stage": 1,
        "context": null
    },
    {
        "key": "STRATEGICREGION_147:0",
        "original": "Sds",
        "translation": "SDS",
        "stage": 1,
        "context": null
    },
    {
        "key": "STRATEGICREGION_148:0",
        "original": "Far South",
        "translation": "극남 방면",
        "stage": 1,
        "context": null
    },
    {
        "key": "STRATEGICREGION_149:0",
        "original": "Griffon Coast",
        "translation": "태양해",
        "stage": 1,
        "context": null
    },
    {
        "key": "STRATEGICREGION_150:0",
        "original": "Sky Bay",
        "translation": "하늘 만",
        "stage": 1,
        "context": null
    },
    {
        "key": "STRATEGICREGION_151:0",
        "original": "South Griffon Coast",
        "translation": "남태양해",
        "stage": 1,
        "context": null
    },
    {
        "key": "STRATEGICREGION_152:0",
        "original": "Freeside Gulf",
        "translation": "프리사이드 만",
        "stage": 1,
        "context": null
    },
    {
        "key": "STRATEGICREGION_153:0",
        "original": "Cross Island",
        "translation": "십자가 산",
        "stage": 1,
        "context": null
    },
    {
        "key": "STRATEGICREGION_154:0",
        "original": "Aquileia",
        "translation": "아퀼레이아",
        "stage": 1,
        "context": null
    },
    {
        "key": "STRATEGICREGION_155:0",
        "original": "West Griffonia",
        "translation": "서그리포니아",
        "stage": 1,
        "context": null
    },
    {
        "key": "STRATEGICREGION_156:0",
        "original": "Skyfall",
        "translation": "스카이폴",
        "stage": 1,
        "context": null
    },
    {
        "key": "STRATEGICREGION_157:1",
        "original": "Central Plain",
        "translation": "중앙 평원",
        "stage": 1,
        "context": null
    },
    {
        "key": "STRATEGICREGION_158:0",
        "original": "Vedina",
        "translation": "베디나",
        "stage": 1,
        "context": null
    },
    {
        "key": "STRATEGICREGION_159:0",
        "original": "Cloudbury",
        "translation": "클라우드힐즈",
        "stage": 1,
        "context": null
    },
    {
        "key": "STRATEGICREGION_160:0",
        "original": "Skyriver",
        "translation": "스카이리버",
        "stage": 1,
        "context": null
    },
    {
        "key": "STRATEGICREGION_161:1",
        "original": "Rimefront",
        "translation": "라임프론트",
        "stage": 1,
        "context": null
    },
    {
        "key": "STRATEGICREGION_162:0",
        "original": "Skynavia",
        "translation": "스카이나비아",
        "stage": 1,
        "context": null
    },
    {
        "key": "STRATEGICREGION_163:0",
        "original": "Cubria",
        "translation": "쿠브리아",
        "stage": 1,
        "context": null
    },
    {
        "key": "STRATEGICREGION_164:0",
        "original": "Herzland",
        "translation": "헤르츠란트",
        "stage": 1,
        "context": null
    },
    {
        "key": "STRATEGICREGION_165:0",
        "original": "Vinovia",
        "translation": "비노비아",
        "stage": 1,
        "context": null
    },
    {
        "key": "STRATEGICREGION_166:0",
        "original": "Pomovarra",
        "translation": "포모바라",
        "stage": 1,
        "context": null
    },
    {
        "key": "STRATEGICREGION_167:0",
        "original": "Wingbardy",
        "translation": "윙바르디",
        "stage": 1,
        "context": null
    },
    {
        "key": "STRATEGICREGION_168:0",
        "original": "Falcor",
        "translation": "팔코어",
        "stage": 1,
        "context": null
    },
    {
        "key": "STRATEGICREGION_169:0",
        "original": "The Colony",
        "translation": "식민지",
        "stage": 1,
        "context": null
    },
    {
        "key": "STRATEGICREGION_170:0",
        "original": "Talouse",
        "translation": "포니바운드",
        "stage": 1,
        "context": null
    },
    {
        "key": "STRATEGICREGION_171:0",
        "original": "Piumont",
        "translation": "프랑시스트리아",
        "stage": 1,
        "context": null
    },
    {
        "key": "STRATEGICREGION_172:0",
        "original": "Tarrin",
        "translation": "타린",
        "stage": 1,
        "context": null
    },
    {
        "key": "STRATEGICREGION_173:0",
        "original": "Verenia",
        "translation": "베레니아",
        "stage": 1,
        "context": null
    },
    {
        "key": "STRATEGICREGION_174:0",
        "original": "Scheißwald",
        "translation": "앵그리버",
        "stage": 1,
        "context": null
    },
    {
        "key": "STRATEGICREGION_175:0",
        "original": "Griffonstone",
        "translation": "그리폰스톤",
        "stage": 1,
        "context": null
    },
    {
        "key": "STRATEGICREGION_176:0",
        "original": "Soarplain",
        "translation": "소어 평원",
        "stage": 1,
        "context": null
    },
    {
        "key": "STRATEGICREGION_177:0",
        "original": "Kainourgio Spiti",
        "translation": "아스테리온",
        "stage": 1,
        "context": null
    },
    {
        "key": "STRATEGICREGION_178:0",
        "original": "Midoria",
        "translation": "미도리아",
        "stage": 1,
        "context": null
    },
    {
        "key": "STRATEGICREGION_179:0",
        "original": "Makomo",
        "translation": "마코모",
        "stage": 1,
        "context": null
    },
    {
        "key": "STRATEGICREGION_180:0",
        "original": "Scarlet Island",
        "translation": "스칼렛 섬",
        "stage": 1,
        "context": null
    },
    {
        "key": "STRATEGICREGION_181:0",
        "original": "Blackhollow",
        "translation": "블랙할로우",
        "stage": 1,
        "context": null
    },
    {
        "key": "STRATEGICREGION_182:0",
        "original": "Prywhen",
        "translation": "프라이웬",
        "stage": 1,
        "context": null
    },
    {
        "key": "STRATEGICREGION_183:0",
        "original": "Zaphzian Plains",
        "translation": "남그리피아",
        "stage": 1,
        "context": null
    },
    {
        "key": "STRATEGICREGION_184:0",
        "original": "Osnovy",
        "translation": "북그리피아",
        "stage": 1,
        "context": null
    },
    {
        "key": "STRATEGICREGION_185:0",
        "original": "Lushi",
        "translation": "루시",
        "stage": 1,
        "context": null
    },
    {
        "key": "STRATEGICREGION_186:0",
        "original": "Upper Griffking Valley",
        "translation": "리버 계곡",
        "stage": 1,
        "context": null
    },
    {
        "key": "STRATEGICREGION_187:0",
        "original": "Vartai",
        "translation": "헬소드",
        "stage": 1,
        "context": null
    },
    {
        "key": "STRATEGICREGION_188:0",
        "original": "Strawberry",
        "translation": "스트로베리",
        "stage": 1,
        "context": null
    },
    {
        "key": "STRATEGICREGION_189:0",
        "original": "Windy Peaks",
        "translation": "바람봉",
        "stage": 1,
        "context": null
    },
    {
        "key": "STRATEGICREGION_190:0",
        "original": "Whitetail Mountains",
        "translation": "화살봉",
        "stage": 1,
        "context": null
    },
    {
        "key": "STRATEGICREGION_191:0",
        "original": "Bronze Mountains",
        "translation": "왕관 산맥",
        "stage": 1,
        "context": null
    },
    {
        "key": "STRATEGICREGION_192:0",
        "original": "Despoina",
        "translation": "데스포니아",
        "stage": 1,
        "context": null
    },
    {
        "key": "STRATEGICREGION_193:0",
        "original": "Eygsic Forest",
        "translation": "샤프 숲",
        "stage": 1,
        "context": null
    },
    {
        "key": "STRATEGICREGION_194:0",
        "original": "Firtrees",
        "translation": "피르 숲",
        "stage": 1,
        "context": null
    },
    {
        "key": "STRATEGICREGION_195:0",
        "original": "Watertowns",
        "translation": "워터타운",
        "stage": 1,
        "context": null
    },
    {
        "key": "STRATEGICREGION_196:0",
        "original": "Farbrook",
        "translation": "파브룩",
        "stage": 1,
        "context": null
    },
    {
        "key": "STRATEGICREGION_197:0",
        "original": "Hold Lands",
        "translation": "홀드 랜드",
        "stage": 1,
        "context": null
    },
    {
        "key": "STRATEGICREGION_198:0",
        "original": "Dread Peninsula",
        "translation": "공포 반도",
        "stage": 1,
        "context": null
    },
    {
        "key": "STRATEGICREGION_199:0",
        "original": "Coast of Gryphus",
        "translation": "서그리푸스",
        "stage": 1,
        "context": null
    },
    {
        "key": "STRATEGICREGION_200:0",
        "original": "Gryphussian Highlands",
        "translation": "동그리푸스",
        "stage": 1,
        "context": null
    },
    {
        "key": "STRATEGICREGION_201:0",
        "original": "Barrad",
        "translation": "배러드",
        "stage": 1,
        "context": null
    },
    {
        "key": "STRATEGICREGION_202:0",
        "original": "Forgotten Coast",
        "translation": "유우시",
        "stage": 1,
        "context": null
    },
    {
        "key": "STRATEGICREGION_203:0",
        "original": "Cliffside",
        "translation": "클리프사이드",
        "stage": 1,
        "context": null
    },
    {
        "key": "STRATEGICREGION_204:0",
        "original": "River Valleys",
        "translation": "리버 중심지",
        "stage": 1,
        "context": null
    },
    {
        "key": "STRATEGICREGION_205:0",
        "original": "Sondersune",
        "translation": "손더선",
        "stage": 1,
        "context": null
    },
    {
        "key": "STRATEGICREGION_206:0",
        "original": "Icebrand",
        "translation": "아이스브랜드",
        "stage": 1,
        "context": null
    },
    {
        "key": "STRATEGICREGION_207:0",
        "original": "Bakara",
        "translation": "바카라",
        "stage": 1,
        "context": null
    },
    {
        "key": "STRATEGICREGION_208:0",
        "original": "Firepaw",
        "translation": "파이어포우",
        "stage": 1,
        "context": null
    },
    {
        "key": "STRATEGICREGION_209:0",
        "original": "Fedrange",
        "translation": "페드레인지",
        "stage": 1,
        "context": null
    },
    {
        "key": "STRATEGICREGION_210:0",
        "original": "Mediolano",
        "translation": "친구해",
        "stage": 1,
        "context": null
    }
]