[
    {
        "key": "CRY_SOL_use_heretics_as_test_subjects:0",
        "original": "Use Heretics as Test Subjects",
        "translation": "이단들을 실험체로 사용하기",
        "stage": 1,
        "context": null
    },
    {
        "key": "CRY_SOL_use_heretics_as_test_subjects_desc:0",
        "original": "The Grand Inquisitor has realised how wasteful the killing of heretics is. Instead, it would be much more beneficial to give them over to our scientists, so that the sinners can redeem themselves for their sins by helping us test and experiment.",
        "translation": "대이단심문관은 이단을 그냥 죽이는 것은 낭비라는 것을 깨달았습니다. 놈들은 과학을 위해 더 유용하게 사용될 수 있을 것입니다. 또한 죄인들은 과학 발전을 위해 사용됨으로서 자신의 죄를 더는 것이니 상부상조가 될 것입니다.",
        "stage": 0,
        "context": null
    },
    {
        "key": "CRY_SOL_military_of_the_inquisition_tt:0",
        "original": "Spawns an elite §YOrder Militant Division§! with full Ponypower and 30% equipment\\n",
        "translation": "",
        "stage": 0,
        "context": null
    },
    {
        "key": "CRY_SOL_magic_tech_share_name:0",
        "original": "Inquisitorial R&D",
        "translation": "",
        "stage": 0,
        "context": null
    },
    {
        "key": "evil_Twilight_desc:0",
        "original": "Freed from her former delusions, Sunrise Sparkle is now the Empress' most obedient and competent underling. Anything her mind becomes set upon, is done in the name of her Empress. From creating an improved spell matrix to cleansing, Sunrise Sparkle is the Empress' will made manifest. She obeys, she does not question.",
        "translation": "과거의 몽상으로부터 해방된 선라이즈 스파클은 여제의 가장 순종적이며 유능한 신하가 되었습니다. 발전된 주문 개발과 청소 작업 등 수많은 일들이 여제의 이름 하에 그녀에게서 행해집니다. 선라이즈 스파클은 여제의 의지의 실행자이며 복종하고, 어떠한 의구심도 가지지 않을 것입니다.",
        "stage": 1,
        "context": null
    },
    {
        "key": "CRY_SOL_new_management:0",
        "original": "Under New Management",
        "translation": "새로운 지배",
        "stage": 1,
        "context": null
    },
    {
        "key": "CRY_SOL_new_management_desc:0",
        "original": "Our nation has been reborn. No more will the potential of the Crystal Ponies be wasted under Cadance. We are now part of something greater, proud and happy to obey our new Empress.",
        "translation": "우리 국가는 재탄생 했다. 더이상 크리스탈 포니들의 잠재력이 케이던스 치하때처럼 썩어갈 일은 없을 것이다. 우리는 이제 위대한 여제 폐하의 일부가 되었으니, 이 얼마나 기쁘고 자랑스러운 일인가",
        "stage": 1,
        "context": null
    },
    {
        "key": "CRY_SOL_show_them_the_light:0",
        "original": "Show Them the Light",
        "translation": "빛을 보아라",
        "stage": 1,
        "context": null
    },
    {
        "key": "CRY_SOL_show_them_the_light_desc:0",
        "original": "Our ponies must be shown the glory and spirit of the new order. All within our reach will come to praise the light and obey the Empress, as it should be!",
        "translation": "",
        "stage": 0,
        "context": null
    },
    {
        "key": "CRY_SOL_figurehead_cadence:0",
        "original": "[This.GetFigureheadCadenceFocusName]",
        "translation": "",
        "stage": -1,
        "context": null
    },
    {
        "key": "CRY_SOL_figurehead_cadence_desc:0",
        "original": "[This.GetFigureheadCadenceFocusDesc]",
        "translation": "",
        "stage": -1,
        "context": null
    },
    {
        "key": "CRY_SOL_figurehead_cadence_flurry:0",
        "original": "Use Flurry as a Figurehead",
        "translation": "플러리를 얼굴마담으로 내세우기",
        "stage": 1,
        "context": null
    },
    {
        "key": "CRY_SOL_figurehead_cadence_cadence:0",
        "original": "Use Cadance as a Figurehead",
        "translation": "케이던스를 얼굴마담으로 내세우기",
        "stage": 1,
        "context": null
    },
    {
        "key": "CRY_SOL_figurehead_cadence_cadence_desc:0",
        "original": "The old Princess, currently under house arrest, still acts as a strong unifying figurehead for our ponies. While not ideal, the Grand Inquisitor believes it will strongly help us stabilise our Province, at least until a more suitable solution is found.",
        "translation": "",
        "stage": 0,
        "context": null
    },
    {
        "key": "CRY_SOL_figurehead_cadence_flurry_desc:0",
        "original": "The daughted of the old Princess can be easily used as a unifying figurehead for our ponies. While not ideal, the Grand Inquisitor believes it will strongly help us stabilise our Province, at least until a more suitable solution is found.",
        "translation": "",
        "stage": 0,
        "context": null
    },
    {
        "key": "CRY_SOL_quick_transition:0",
        "original": "Quick and Smooth Transition",
        "translation": "",
        "stage": 0,
        "context": null
    },
    {
        "key": "CRY_SOL_quick_transition_desc:0",
        "original": "Our Transition from old to new has so far gone ahead smoothly, and will continue to do so. Without any major problems occurring, our ponies would see no reason to protest against a new regime and order. The Inquisitor is most pleased.",
        "translation": "",
        "stage": 0,
        "context": null
    },
    {
        "key": "CRY_SOL_loyal_military:0",
        "original": "A Loyal Military",
        "translation": "",
        "stage": 0,
        "context": null
    },
    {
        "key": "CRY_SOL_loyal_military_desc:0",
        "original": "To defend ourselves and serve our Empress dutifully, we must ensure the absolute loyalty of the Military. Every soldier, officer and general must know who they serve and what they are fighting for: For the Light and Harmony!",
        "translation": "",
        "stage": 0,
        "context": null
    },
    {
        "key": "CRY_SOL_its_still_harmony:0",
        "original": "It's Still Harmony",
        "translation": "",
        "stage": 0,
        "context": null
    },
    {
        "key": "CRY_SOL_its_still_harmony_desc:0",
        "original": "The rule of the Empress has so far brought us much strength, confidence and stability. As a result, more and more ponies begin to see this as truly the new, modern version of Harmony. A Harmony that protects, a Harmony that will not crumble.",
        "translation": "",
        "stage": 0,
        "context": null
    },
    {
        "key": "CRY_SOL_inquisitor_commisars:0",
        "original": "Inquisitor-Commissars",
        "translation": "",
        "stage": 0,
        "context": null
    },
    {
        "key": "CRY_SOL_inquisitor_commisars_desc:0",
        "original": "To further cement loyalty and peak fighting spirit among our military units, the Grand Inquisitor plans to implement her own Inquisitor-Commissars to keep the soldiers in check. Desertion and treacherous thoughts, she explains, cannot be allowed to persist.",
        "translation": "",
        "stage": 0,
        "context": null
    },
    {
        "key": "CRY_SOL_solar_advisors:0",
        "original": "Imperial Advisors",
        "translation": "",
        "stage": 0,
        "context": null
    },
    {
        "key": "CRY_SOL_solar_advisors_desc:0",
        "original": "The Grand Inquisitor's strong ties to the Empress are once again paying off, as the Empress has approved to send us a row of Imperial advisors. These will surely bolster our potential overall. The Empress once again shows us her wisdom! Hail!",
        "translation": "",
        "stage": 0,
        "context": null
    },
    {
        "key": "CRY_SOL_a_cause_to_fight_for:0",
        "original": "A Cause to Fight For",
        "translation": "",
        "stage": 0,
        "context": null
    },
    {
        "key": "CRY_SOL_a_cause_to_fight_for_desc:0",
        "original": "More and more ponies flock to the Empress and her comforting embrace. Our new ideals of Harmony are truly a unifying factor for our nation, as more and more of us make sacrifices to contribute to our grand project of Harmony.",
        "translation": "",
        "stage": 0,
        "context": null
    },
    {
        "key": "CRY_SOL_all_will_work_for_the_light:0",
        "original": "All Will Work For the Light",
        "translation": "",
        "stage": 0,
        "context": null
    },
    {
        "key": "CRY_SOL_all_will_work_for_the_light_desc:0",
        "original": "The new Harmony has attracted many, understandably so, and the Empress welcomes all followers. However, those who wish to live in Harmony must work to build and maintain it. Each pony must make sacrifices, small and large alike, so that we can all live in the light of Peace and Harmony.",
        "translation": "",
        "stage": 0,
        "context": null
    },
    {
        "key": "CRY_SOL_meticulous_planning:0",
        "original": "Meticulous Planning",
        "translation": "",
        "stage": 0,
        "context": null
    },
    {
        "key": "CRY_SOL_meticulous_planning_desc:0",
        "original": "The Grand Inquisitor was never a friend of spontaneous decisions. As such, she finds it to be of utmost importance to have a proper, fleshed out plan for whatever problem and or situation we might be confronted with. That way, she argues, we would never be unprepared, come what may.",
        "translation": "",
        "stage": 0,
        "context": null
    },
    {
        "key": "CRY_SOL_burn_them_all:0",
        "original": "Burn the Sinners",
        "translation": "",
        "stage": 0,
        "context": null
    },
    {
        "key": "CRY_SOL_burn_them_all_desc:0",
        "original": "A new age has come! An Age of the Light and Glory! The Grand Inquisitor Sunrise Sparkle has arrived to rid us of heresy and bring us closer to the Empress' glory, closer to the Sun!",
        "translation": "",
        "stage": 0,
        "context": null
    },
    {
        "key": "CRY_SOL_accept_the_converts:0",
        "original": "Accept the Converts",
        "translation": "",
        "stage": 0,
        "context": null
    },
    {
        "key": "CRY_SOL_accept_the_converts_desc:0",
        "original": "There are many ponies who have quickly found themselves in acceptance of our new Order. The Grand Inquisitor is most pleased of this, as this reinforces the Empress' rule.",
        "translation": "",
        "stage": 0,
        "context": null
    },
    {
        "key": "CRY_SOL_help_from_the_empire:0",
        "original": "Help From the Empire",
        "translation": "",
        "stage": 0,
        "context": null
    },
    {
        "key": "CRY_SOL_help_from_the_empire_desc:0",
        "original": "Experts and advisors from the Empire have arrived to aid us in our progress and securing the Province. We have only to thank the Empress' wisdom for this act of kindness!",
        "translation": "",
        "stage": 0,
        "context": null
    },
    {
        "key": "CRY_SOL_round_up_the_subversives:0",
        "original": "Round Up The Subversives",
        "translation": "",
        "stage": 0,
        "context": null
    },
    {
        "key": "CRY_SOL_round_up_the_subversives_desc:0",
        "original": "These are trying times, the Grand Inquisitor says. Traitors are among us, they walk the same streets as us, live in the same houses as us. There is no time to waste; the heretics must be destroyed!",
        "translation": "",
        "stage": 0,
        "context": null
    },
    {
        "key": "CRY_SOL_public_executions:0",
        "original": "Make an Example",
        "translation": "",
        "stage": 0,
        "context": null
    },
    {
        "key": "CRY_SOL_public_executions_desc:0",
        "original": "The Inquisition is largely successful at rounding up traitors and heretics, however we fail to set an example to all the other ponies. We cannot allow additional future recruitment of these infidels. It is time to make the punishment of these criminals public, so that everypony can see what happens to ponies like them.",
        "translation": "",
        "stage": 0,
        "context": null
    },
    {
        "key": "CRY_SOL_mandatory_enlightenment:0",
        "original": "Mandatory Enlightenment",
        "translation": "",
        "stage": 0,
        "context": null
    },
    {
        "key": "CRY_SOL_mandatory_enlightenment_desc:0",
        "original": "The Empress brings us Light. Light brings us joy, and joy brings with it Harmony. This is what we must teach the people, this is what must be memorised by all citizens. Those who refuse this truth are undeniably traitors and heretics, and will be dealt with accordingly.",
        "translation": "",
        "stage": 0,
        "context": null
    },
    {
        "key": "CRY_SOL_solar_cult:0",
        "original": "Crystal Solar Cult",
        "translation": "",
        "stage": 0,
        "context": null
    },
    {
        "key": "CRY_SOL_solar_cult_desc:0",
        "original": "We shall follow the example of our southern brothers and sisters in faith and open our own Solar Cult. The ponies will flock to our temples from far and wide to hear of the great deeds of the Empress and to hear the truth about Harmony - whether they like it or not.",
        "translation": "",
        "stage": 0,
        "context": null
    },
    {
        "key": "CRY_SOL_our_task_given_by_the_sun:0",
        "original": "Our Task Given By The Sun",
        "translation": "",
        "stage": 0,
        "context": null
    },
    {
        "key": "CRY_SOL_our_task_given_by_the_sun_desc:0",
        "original": "We stand ready to obey the Empress' command. We pledge our lives to our faith, to our Goddess, she who is the Sun reincarnate. We shall fight on, come what may. No matter the sacrifice, the Sun smiles upon all of us; her faithful little ponies.",
        "translation": "",
        "stage": 0,
        "context": null
    },
    {
        "key": "CRY_SOL_take_over_the_administration:0",
        "original": "Take Over the Administration",
        "translation": "",
        "stage": 0,
        "context": null
    },
    {
        "key": "CRY_SOL_take_over_the_administration_desc:0",
        "original": "The old administrative system has clearly outrun its use and has become a hindrance to us. The Grand Inquisitor and her Inquisitors will henceforth see to it that all of the Crystal Province is governed and administrated properly, just as the Empress would have it done.",
        "translation": "",
        "stage": 0,
        "context": null
    },
    {
        "key": "CRY_SOL_inquisitors:0",
        "original": "Inquisitors in Government",
        "translation": "",
        "stage": 0,
        "context": null
    },
    {
        "key": "CRY_SOL_inquisitors_desc:0",
        "original": "With the takeover of the administration by the Inquisition, our ponies have become a lot more faithful and productive. This, if anything, is only an incentive to continue on with this trend by increasing the Inquisitorial presence in our government.",
        "translation": "",
        "stage": 0,
        "context": null
    },
    {
        "key": "CRY_SOL_light_in_schools:0",
        "original": "Light in Schools",
        "translation": "",
        "stage": 0,
        "context": null
    },
    {
        "key": "CRY_SOL_light_in_schools_desc:0",
        "original": "Who should be told of the wonders and greatness of the Empress if not our young? All schools will henceforth receive their curriculum directly from an Inquisitorial office, and Grand Inquisitor Sparkle will make sure our young generation is a faithful one.",
        "translation": "",
        "stage": 0,
        "context": null
    },
    {
        "key": "CRY_SOL_unrestricted_progress:0",
        "original": "Unrestricted Progress",
        "translation": "",
        "stage": 0,
        "context": null
    },
    {
        "key": "CRY_SOL_unrestricted_progress_desc:0",
        "original": "By removing any obstacles on our path to enlightenment, our scientific advances will know no boundaries, with new weapons and technologies being developed for the glory of the Sun!",
        "translation": "",
        "stage": 0,
        "context": null
    },
    {
        "key": "CRY_SOL_military_of_the_inquisition:0",
        "original": "Inquisitorial Military",
        "translation": "",
        "stage": 0,
        "context": null
    },
    {
        "key": "CRY_SOL_military_of_the_inquisition_desc:0",
        "original": "Traitors and heretics to the Empress can be found anywhere, but especially so in the military. The Grand Inquisitor has decided to merge the military with the Inquisition, in order to keep fighting spirit high, while also hunting down potential deserters or non-believers.",
        "translation": "",
        "stage": 0,
        "context": null
    },
    {
        "key": "CRY_SOL_zeal:0",
        "original": "Zeal",
        "translation": "",
        "stage": 0,
        "context": null
    },
    {
        "key": "CRY_SOL_zeal_desc:0",
        "original": "We have become more than simple soldiers. Our faith in the Empress has shown us what true Harmony is, and that every one of us must do their bit to aid in the continued existence of Harmony. Come what may, we will never surrender, never bow! Glory to the Sun!",
        "translation": "",
        "stage": 0,
        "context": null
    },
    {
        "key": "CRY_SOL_sacrifice:0",
        "original": "Sacrifice",
        "translation": "",
        "stage": 0,
        "context": null
    },
    {
        "key": "CRY_SOL_sacrifice_desc:0",
        "original": "As proud, obedient and faithful subjects of our Empress, our service is limited only by death. Our purpose is servitude, our reward is Harmony in life and in death. Let the bullets fly and bodies drop, the Sun's glory will live on!",
        "translation": "",
        "stage": 0,
        "context": null
    },
    {
        "key": "CRY_SOL_a_model_province:0",
        "original": "A Model Province",
        "translation": "",
        "stage": 0,
        "context": null
    },
    {
        "key": "CRY_SOL_a_model_province_desc:0",
        "original": "Through reform and hard work, we have managed to please not only our Grand Inquisitor but also her Imperial Majesty herself. Truly, we have achieved Harmony, and we are now truly part of something greater than ourselves.",
        "translation": "",
        "stage": 0,
        "context": null
    },
    {
        "key": "CRY_SOL_cadence_idea:0",
        "original": "Princess Mi Amore Cadenza",
        "translation": "",
        "stage": 0,
        "context": null
    },
    {
        "key": "CRY_SOL_cadence_idea_desc:0",
        "original": "The Princess of old still remains a big unifying factor for the Crystal Ponies. Cadance remains useful, for now.",
        "translation": "",
        "stage": 0,
        "context": null
    },
    {
        "key": "CRY_SOL_flurry_idea:0",
        "original": "Princess Flurry Heart",
        "translation": "",
        "stage": 0,
        "context": null
    },
    {
        "key": "CRY_SOL_flurry_idea_desc:0",
        "original": "The daughter of the late Crystal Princess is beloved by the Crystal Ponies, and reassures the populace that things might remain as they were, to some extent.",
        "translation": "",
        "stage": 0,
        "context": null
    },
    {
        "key": "CRY_SOL_loyal_military_idea:0",
        "original": "Loyal Military",
        "translation": "",
        "stage": 0,
        "context": null
    },
    {
        "key": "CRY_SOL_loyal_military_idea_desc:0",
        "original": "The military's allegiance to the Empress is being assured by the Inquisition.",
        "translation": "",
        "stage": 0,
        "context": null
    },
    {
        "key": "CRY_SOL_solar_harmony_idea:0",
        "original": "Solar Harmony",
        "translation": "",
        "stage": 0,
        "context": null
    },
    {
        "key": "CRY_SOL_solar_harmony_idea_desc:0",
        "original": "Many ponies are beginning to see the Empress' rule as the start of a new form of Harmony.",
        "translation": "",
        "stage": 0,
        "context": null
    },
    {
        "key": "CRY_SOL_solar_harmony_idea1:0",
        "original": "Solar Harmony",
        "translation": "",
        "stage": 0,
        "context": null
    },
    {
        "key": "CRY_SOL_solar_harmony_idea1_desc:0",
        "original": "The Crystal Ponies have accepted their place under the Sun, pledging their support to the new order.",
        "translation": "",
        "stage": 0,
        "context": null
    },
    {
        "key": "CRY_SOL_solar_harmony_idea2:0",
        "original": "Solar Harmony",
        "translation": "",
        "stage": 0,
        "context": null
    },
    {
        "key": "CRY_SOL_solar_harmony_idea2_desc:0",
        "original": "The Crystal Province stands fully behind the Empress and the Grand Inquisitor, devoted to the new ideal of Harmony in Order.",
        "translation": "",
        "stage": 0,
        "context": null
    },
    {
        "key": "CRY_SOL_inquisitor_commisars_idea:0",
        "original": "Inquisitorial Commissars",
        "translation": "",
        "stage": 0,
        "context": null
    },
    {
        "key": "CRY_SOL_inquisitor_commisars_idea_desc:0",
        "original": "Special political officers of the Inquisition ensure high fighting spirit and integrity of the military.",
        "translation": "",
        "stage": 0,
        "context": null
    },
    {
        "key": "CRY_SOL_solar_advisors_idea:0",
        "original": "Solar Advisors",
        "translation": "",
        "stage": 0,
        "context": null
    },
    {
        "key": "CRY_SOL_solar_advisors_idea_desc:0",
        "original": "Scientists and advisors from the Empire are greatly helping research and political establishment.",
        "translation": "",
        "stage": 0,
        "context": null
    },
    {
        "key": "CRY_SOL_round_up_the_subversives_idea:0",
        "original": "Roundups on the Streets",
        "translation": "",
        "stage": 0,
        "context": null
    },
    {
        "key": "CRY_SOL_round_up_the_subversives_idea_desc:0",
        "original": "Non-believers and traitors are publicly shot by members of the Inquisition.",
        "translation": "",
        "stage": 0,
        "context": null
    },
    {
        "key": "CRY_SOL_public_executions_idea:0",
        "original": "Making an Example",
        "translation": "",
        "stage": 0,
        "context": null
    },
    {
        "key": "CRY_SOL_public_executions_idea_desc:0",
        "original": "The Inquisition is holding regular, mandatory public executions by flame. This has left quite the impression on the remaining populace.",
        "translation": "",
        "stage": 0,
        "context": null
    },
    {
        "key": "CRY_SOL_mandatory_enlightenment_idea:0",
        "original": "Forced Enlightenment",
        "translation": "",
        "stage": 0,
        "context": null
    },
    {
        "key": "CRY_SOL_mandatory_enlightenment_idea_desc:0",
        "original": "The ideas of a new Harmony are being enforced by the Inquisition. Our Sun will shine forever.",
        "translation": "",
        "stage": 0,
        "context": null
    },
    {
        "key": "CRY_SOL_solar_cult_idea:0",
        "original": "Solar Cult",
        "translation": "",
        "stage": 0,
        "context": null
    },
    {
        "key": "CRY_SOL_solar_cult_idea_desc:0",
        "original": "The Empress is being praised and worshipped as an almighty and all-knowing goddess. Lux perpetua luceat eis.",
        "translation": "",
        "stage": 0,
        "context": null
    },
    {
        "key": "CRY_SOL_inquisitors_idea:0",
        "original": "Inquisitorial Administration",
        "translation": "",
        "stage": 0,
        "context": null
    },
    {
        "key": "CRY_SOL_inquisitors_idea_desc:0",
        "original": "The Inquisition has sacked old administrators and replaced them with their own, greatly improving efficiency.",
        "translation": "",
        "stage": 0,
        "context": null
    },
    {
        "key": "CRY_SOL_light_in_schools_idea:0",
        "original": "Light in Schools",
        "translation": "",
        "stage": 0,
        "context": null
    },
    {
        "key": "CRY_SOL_light_in_schools_idea_desc:0",
        "original": "Schools are indoctrinating the children into loyal, faithful subjects.",
        "translation": "",
        "stage": 0,
        "context": null
    },
    {
        "key": "CRY_SOL_unrestricted_progress_idea:0",
        "original": "Unrestricted Progress",
        "translation": "",
        "stage": 0,
        "context": null
    },
    {
        "key": "CRY_SOL_unrestricted_progress_idea_desc:0",
        "original": "The unfaithful must pay to make unrestricted, unlimited progress possible.",
        "translation": "",
        "stage": 0,
        "context": null
    },
    {
        "key": "CRY_SOL_military_of_the_inquisition_idea:0",
        "original": "Inquisitorial Military",
        "translation": "",
        "stage": 0,
        "context": null
    },
    {
        "key": "CRY_SOL_military_of_the_inquisition_idea_desc:0",
        "original": "The Inquisition has merged with the military, largely increasing fighting spirit and integrity of our units.",
        "translation": "",
        "stage": 0,
        "context": null
    },
    {
        "key": "CRY_SOL_military_of_the_inquisition_idea1:0",
        "original": "Inquisitorial Military",
        "translation": "",
        "stage": 0,
        "context": null
    },
    {
        "key": "CRY_SOL_military_of_the_inquisition_idea1_desc:0",
        "original": "Our soldiers feel bound to the Empress and a need to serve, no matter what.",
        "translation": "",
        "stage": 0,
        "context": null
    },
    {
        "key": "CRY_SOL_military_of_the_inquisition_idea2:0",
        "original": "Inquisitorial Military",
        "translation": "",
        "stage": 0,
        "context": null
    },
    {
        "key": "CRY_SOL_military_of_the_inquisition_idea2_desc:0",
        "original": "Our soldiers are fanatical and faithful until the very end.",
        "translation": "",
        "stage": 0,
        "context": null
    },
    {
        "key": "CRY_SOL_solar_overlord:0",
        "original": "Solar Overlord",
        "translation": "",
        "stage": 0,
        "context": null
    },
    {
        "key": "CRY_SOL_solar_overlord_desc:0",
        "original": "The Empress rules over the once Crystal Empire, sharing with them her knowledge and increasing the fighting spirit.",
        "translation": "",
        "stage": 0,
        "context": null
    },
    {
        "key": "CRY_SOL_solar_overlord_eqs:0",
        "original": "Solar Overlord TO CRY",
        "translation": "",
        "stage": 0,
        "context": null
    },
    {
        "key": "CRY_SOL_solar_overlord_eqs_desc:0",
        "original": "",
        "translation": "",
        "stage": -1,
        "context": null
    },
    {
        "key": "CRY_SOL_order_militant_decision:0",
        "original": "Raise an Order Militant",
        "translation": "",
        "stage": 0,
        "context": null
    },
    {
        "key": "solarempiresparkles.43.t:0",
        "original": "A Model Province",
        "translation": "모범 주",
        "stage": 1,
        "context": null
    },
    {
        "key": "solarempiresparkles.43.d:0",
        "original": "Thanks to the guiding hoof and watchful eyes of Sunrise Sparkle, the Crystal Province is now what many would describe as 'A Model Province'. The Grand Inquisitor has urged the Empress that the Province should keep its relative autonomy from our Empire, so that the territory can be further improved and developed under her leadership. It is time to decide the fate of the Crystal Ponies.",
        "translation": "",
        "stage": 0,
        "context": null
    },
    {
        "key": "solarempiresparkles.43.a:0",
        "original": "We trust the Grand Inquisitor.",
        "translation": "",
        "stage": 0,
        "context": null
    },
    {
        "key": "solarempiresparkles.43.b:0",
        "original": "Nonsense, the Empress' rule is absolute!",
        "translation": "",
        "stage": 0,
        "context": null
    }
]