[
    {
        "key": "NTR_tribal_folklore:0",
        "original": "Oral Tradition",
        "translation": "구전 전통",
        "stage": 1,
        "context": null
    },
    {
        "key": "NTR_the_young_princess:0",
        "original": "Young Princess Fiana the Second",
        "translation": "",
        "stage": 0,
        "context": null
    },
    {
        "key": "NTR_her_reign_continues:0",
        "original": "Fiana Unnaposed",
        "translation": "",
        "stage": 0,
        "context": null
    },
    {
        "key": "NTR_the_tribes_object:0",
        "original": "Tribal Disputes",
        "translation": "부족 분쟁",
        "stage": 1,
        "context": null
    },
    {
        "key": "NTR_shadows_of_the_past:0",
        "original": "Clouds of Doubt",
        "translation": "",
        "stage": 0,
        "context": null
    },
    {
        "key": "NTR_witches_of_the_frozen_woods:0",
        "original": "Buidsichean of the North",
        "translation": "",
        "stage": 0,
        "context": null
    },
    {
        "key": "NTR_mistress_of_the_ice:0",
        "original": "Fair Mistress of the Ice",
        "translation": "",
        "stage": 0,
        "context": null
    },
    {
        "key": "NTR_the_throne_of_ice:0",
        "original": "Atop the Icy Mantle",
        "translation": "",
        "stage": 0,
        "context": null
    },
    {
        "key": "NTR_farming_tradition:0",
        "original": "Farms of the Summer Months",
        "translation": "",
        "stage": 0,
        "context": null
    },
    {
        "key": "NTR_tools_of_the_trade:0",
        "original": "Improved Tools of the Trade",
        "translation": "",
        "stage": 0,
        "context": null
    },
    {
        "key": "NTR_tribal_warrior_tradition:0",
        "original": "Military Traditions",
        "translation": "군사 전통",
        "stage": 1,
        "context": null
    },
    {
        "key": "NTR_new_training_traditions:0",
        "original": "New Military Traditions",
        "translation": "",
        "stage": 0,
        "context": null
    },
    {
        "key": "NTR_the_old_milita:0",
        "original": "The Milita of the Tribes",
        "translation": "",
        "stage": 0,
        "context": null
    },
    {
        "key": "NTR_military_designs:0",
        "original": "Design the Path to Victory!",
        "translation": "",
        "stage": 0,
        "context": null
    },
    {
        "key": "NTR_organised_army:0",
        "original": "Discipline the Milita",
        "translation": "",
        "stage": 0,
        "context": null
    },
    {
        "key": "NTR_new_weapons:0",
        "original": "Guns of Glory!",
        "translation": "",
        "stage": 0,
        "context": null
    },
    {
        "key": "NTR_world_around_us:0",
        "original": "Isolated No Longer",
        "translation": "",
        "stage": 0,
        "context": null
    },
    {
        "key": "NTR_in_pursuit_of_progress:0",
        "original": "The Thirst for Knowledge",
        "translation": "",
        "stage": 0,
        "context": null
    },
    {
        "key": "NTR_thunder_sticks:0",
        "original": "Thunder Sticks",
        "translation": "",
        "stage": 0,
        "context": null
    },
    {
        "key": "NTR_roads_of_the_tribes:0",
        "original": "Develop the Tribes",
        "translation": "",
        "stage": 0,
        "context": null
    },
    {
        "key": "NTR_riches_of_the_south:0",
        "original": "Elf Lake Work Halls",
        "translation": "",
        "stage": 0,
        "context": null
    },
    {
        "key": "NTR_the_question:0",
        "original": "Overcome the Stagnation of Progress",
        "translation": "",
        "stage": 0,
        "context": null
    },
    {
        "key": "NTR_our_future:0",
        "original": "Look to the Future",
        "translation": "",
        "stage": 0,
        "context": null
    },
    {
        "key": "NTR_working_hall_standards:0",
        "original": "Working Standards",
        "translation": "",
        "stage": 0,
        "context": null
    },
    {
        "key": "NTR_tradition_of_the_spear:0",
        "original": "Protect Thy Home",
        "translation": "",
        "stage": 0,
        "context": null
    },
    {
        "key": "NTR_new_training_traditions_idea:0",
        "original": "Improved Training Regeime",
        "translation": "",
        "stage": 0,
        "context": null
    },
    {
        "key": "NTR_tribal_milita:0",
        "original": "Tribal Milita",
        "translation": "",
        "stage": 0,
        "context": null
    },
    {
        "key": "NTR_organised_milita:0",
        "original": "Organised Milita",
        "translation": "",
        "stage": 0,
        "context": null
    },
    {
        "key": "NTR_tradition_of_the_farm:0",
        "original": "Feed Thy People",
        "translation": "",
        "stage": 0,
        "context": null
    },
    {
        "key": "NTR_strange_devices:0",
        "original": "Study of the Outside World",
        "translation": "",
        "stage": 0,
        "context": null
    },
    {
        "key": "NTR_new_ways:0",
        "original": "Technology before Tradition",
        "translation": "",
        "stage": 0,
        "context": null
    },
    {
        "key": "NTR_tradition_and_technology:0",
        "original": "Tradition before Technology",
        "translation": "",
        "stage": 0,
        "context": null
    },
    {
        "key": "NTR_our_bright_future:0",
        "original": "To Look Towards the Future",
        "translation": "",
        "stage": 0,
        "context": null
    },
    {
        "key": "NTR_root_of_innovation:0",
        "original": "Development of Science",
        "translation": "",
        "stage": 0,
        "context": null
    },
    {
        "key": "northerntribe.1.t:0",
        "original": "The History of the Three Tribes",
        "translation": "",
        "stage": 0,
        "context": null
    },
    {
        "key": "northerntribe.1.d:0",
        "original": "",
        "translation": "",
        "stage": -1,
        "context": null
    },
    {
        "key": "northerntribe.1.a:0",
        "original": "",
        "translation": "",
        "stage": -1,
        "context": null
    },
    {
        "key": "northerntribe.2.t:0",
        "original": "Where We Stand",
        "translation": "",
        "stage": 0,
        "context": null
    },
    {
        "key": "northerntribe.2.d:0",
        "original": "",
        "translation": "",
        "stage": -1,
        "context": null
    },
    {
        "key": "northerntribe.2.a:0",
        "original": "",
        "translation": "",
        "stage": -1,
        "context": null
    },
    {
        "key": "northerntribe.3.t:0",
        "original": "Princess Fiana the Second\\nThe Young Monarch",
        "translation": "",
        "stage": 0,
        "context": null
    },
    {
        "key": "northerntribe.3.d:0",
        "original": "",
        "translation": "",
        "stage": -1,
        "context": null
    },
    {
        "key": "northerntribe.3.a:0",
        "original": "",
        "translation": "",
        "stage": -1,
        "context": null
    },
    {
        "key": "northerntribe.4.t:0",
        "original": "Princess Fiana the Second\\nThe Young Monarch",
        "translation": "",
        "stage": 0,
        "context": null
    },
    {
        "key": "northerntribe.4.d:0",
        "original": "",
        "translation": "",
        "stage": -1,
        "context": null
    },
    {
        "key": "northerntribe.4.a:0",
        "original": "Princess Fiana Must lead to forward!",
        "translation": "",
        "stage": 0,
        "context": null
    },
    {
        "key": "northerntribe.4.b:0",
        "original": "",
        "translation": "",
        "stage": -1,
        "context": null
    },
    {
        "key": "northerntribe.4.c:0",
        "original": "",
        "translation": "",
        "stage": -1,
        "context": null
    },
    {
        "key": "northerntribe.5.t:0",
        "original": "Cold Winds are Blowing\\nThe North Freezes",
        "translation": "찬바람이 불고 있고,\\n북방은 얼어붙었습니다",
        "stage": 1,
        "context": null
    },
    {
        "key": "northerntribe.5.d:0",
        "original": "",
        "translation": "",
        "stage": -1,
        "context": null
    },
    {
        "key": "northerntribe.5.a:0",
        "original": "",
        "translation": "",
        "stage": -1,
        "context": null
    },
    {
        "key": "northerntribe.5.b:0",
        "original": "",
        "translation": "",
        "stage": -1,
        "context": null
    },
    {
        "key": "northtribetech.1.t:0",
        "original": "Stagnation",
        "translation": "정체",
        "stage": 1,
        "context": null
    },
    {
        "key": "northtribetech.1.d:0",
        "original": "",
        "translation": "",
        "stage": -1,
        "context": null
    },
    {
        "key": "northtribetech.1.a:0",
        "original": "",
        "translation": "",
        "stage": -1,
        "context": null
    },
    {
        "key": "northtribetech.1.b:0",
        "original": "",
        "translation": "",
        "stage": -1,
        "context": null
    }
]