[
    {
        "key": "dragon.1.t:0",
        "original": "Equestria Demands the Badlands",
        "translation": "이퀘스트리아의 황무지 요구",
        "stage": 1,
        "context": null
    },
    {
        "key": "dragon.1.d:0",
        "original": "A letter arrived by dragonfire today. Bearing the seal of Equestria, its contents are unusual, but not too strange considering that these are non-dragon creatures that we are talking about. It embellishes the fact that the Badlands are landlocked and the damage done by the dragons when they travel between the Badlands and the Dragon Isles proper and the price paid by the dragons and Equestria every year. The letter concludes with a request for the Badlands to be turned over to what they call 'Equestrian suzerainty'  in effect handing the territory to them. While they are sparsely populated with dragons, even considering the small population, this has made for a relatively easy request to fulfill for us. However, it would still mean giving away a piece of the sparse territory we have. What should we do?",
        "translation": "오늘 드래곤파이어에 이퀘스트리아의 공식 서신 한 통이 도착했습니다. 내용이 다소 괴상하기는 하지만, 이 편지를 보낸 이들이 드래곤이 아니라는 점을 생각해보면 충분히 그럴 수 있기는 합니다. 편지의 첫 문단은 드래곤들이 매년 황무지와 드래곤 제도를 왔다갔다 하는 바람에 자기들이 엄청 큰 피해를 보고 있다는 단순한 사실을 온갖 미사여구를 써서 에둘러 전하는 내용이었습니다. 그리고 마지막 문단에서는 \"이퀘스트리아의 종주권 보장\"을 요구했습니다. 결국 황무지를 자기들한테 넘기라는 소리죠. 황무지에 용이 그렇게 많이 살고 있는 것도 아니고, 솔직히 들어줄 수 없을 만큼 무리한 요구는 아닙니다. 하지만, 안 그래도 좁은 영토를 남에게 양도하는 건 좀 부담스럽군요. 어떻게 하시겠습니까?",
        "stage": 1,
        "context": null
    },
    {
        "key": "dragon.1.a:0",
        "original": "They can have that piece of wasteland",
        "translation": "황무지 쯤이야 그냥 줘 버리자고.",
        "stage": 1,
        "context": null
    },
    {
        "key": "dragon.1.b:0",
        "original": "It is ours by right and will always be.",
        "translation": "그건 우리 땅이고 앞으로도 영원히 우리 땅일거야.",
        "stage": 1,
        "context": null
    },
    {
        "key": "DRG_seize_spa:0",
        "original": "Seize The Spa Islands",
        "translation": "온천 섬 점령",
        "stage": 1,
        "context": null
    },
    {
        "key": "DRG_seize_spa_desc:0",
        "original": "Equestria is embroiled at war and distracted, and our holdings in the Badlands were lost in the chaos. It is only fair we take some land to compensate for our loss. The Spa Islands, with their many geysers, will be a fine home for dragons.",
        "translation": "이퀘스트리아가 전쟁에 휘말린 바람에 황무지의 드래곤들도 덩달아 피해를 봤습니다. 보상 차원에서라도 이퀘스트리아의 땅을 조금 떼어와야 공평하지 않겠습니까? 간헐천과 용암이 풍부한 온천 섬을 떼어와서 보금자리 삼는다면 더할 나위 없이 좋을 것 같습니다.",
        "stage": 1,
        "context": null
    },
    {
        "key": "tribal_society2:0",
        "original": "Tribal Society",
        "translation": "부족 사회",
        "stage": 1,
        "context": null
    },
    {
        "key": "tribal_society3:0",
        "original": "Tribal Society",
        "translation": "부족 사회",
        "stage": 1,
        "context": null
    },
    {
        "key": "tribal_society4:0",
        "original": "Tribal Society",
        "translation": "부족 사회",
        "stage": 1,
        "context": null
    },
    {
        "key": "DRG_call_of_the_homeland:0",
        "original": "A Draconic Homeland",
        "translation": "드래곤의 고향",
        "stage": 1,
        "context": null
    },
    {
        "key": "DRG_pony_harmony:0",
        "original": "Equestrian Harmony",
        "translation": "이퀘스트리아 조화주의",
        "stage": 1,
        "context": null
    },
    {
        "key": "DRG_dragon_harmony:0",
        "original": "Draconic Harmony",
        "translation": "드래곤식 조화주의",
        "stage": 1,
        "context": null
    },
    {
        "key": "DRG_forge_our_path:0",
        "original": "Our Own Path",
        "translation": "독자적인 길",
        "stage": 1,
        "context": null
    },
    {
        "key": "DRG_neutrality_party:0",
        "original": "Torch Dynasty",
        "translation": "토치 왕조",
        "stage": 1,
        "context": null
    },
    {
        "key": "DRG_neutrality_party_long:0",
        "original": "The Torch Dynasty",
        "translation": "토치 왕조",
        "stage": 1,
        "context": null
    },
    {
        "key": "DRG_communism_party:0",
        "original": "DCP",
        "translation": "드래곤 공산당",
        "stage": 1,
        "context": null
    },
    {
        "key": "DRG_communism_party_long:0",
        "original": "Draconic Communist Party",
        "translation": "드래곤 공산당",
        "stage": 1,
        "context": null
    },
    {
        "key": "DRG_democratic_party:0",
        "original": "Torch Dynasty",
        "translation": "토치 왕조",
        "stage": 1,
        "context": null
    },
    {
        "key": "DRG_democratic_party_long:0",
        "original": "The Torch Dynasty",
        "translation": "토치 왕조",
        "stage": 1,
        "context": null
    },
    {
        "key": "DRG_fascism_party:0",
        "original": "Imperial Rule",
        "translation": "제국당",
        "stage": 1,
        "context": null
    },
    {
        "key": "DRG_fascism_party_long:0",
        "original": "Draconic Imperial League",
        "translation": "드래곤 제국주의 연합",
        "stage": 1,
        "context": null
    },
    {
        "key": "DRG_draconic_harmony:0",
        "original": "A Harmonious path suited for Dragons",
        "translation": "용에게 맞게 변형된 조화의 길",
        "stage": 1,
        "context": null
    },
    {
        "key": "DRG_equestrian_harmonies:0",
        "original": "The Path of Harmony created aons ago by the Princessess",
        "translation": "오래 전에 포니 공주가 제시했던 조화의 길",
        "stage": 1,
        "context": null
    },
    {
        "key": "DRG_neutral_path:0",
        "original": "The Path of Tradition and Pariahs",
        "translation": "전통의 길",
        "stage": 1,
        "context": null
    },
    {
        "key": "DRG_tribal_reform:0",
        "original": "Gradually removes the §YTribal Society§! National Spirit",
        "translation": "점차적으로 §Y부족 사회§! 국민정신을 제거합니다.",
        "stage": 1,
        "context": null
    },
    {
        "key": "DRG_smolder:0",
        "original": "Smolder",
        "translation": "스몰더",
        "stage": 1,
        "context": null
    },
    {
        "key": "DRG_gark:0",
        "original": "Gark",
        "translation": "가르크",
        "stage": 1,
        "context": null
    },
    {
        "key": "DRG_scales:0",
        "original": "Scales",
        "translation": "스케일스",
        "stage": 1,
        "context": null
    },
    {
        "key": "DRG_cynder:0",
        "original": "Cynder",
        "translation": "사인더",
        "stage": 1,
        "context": null
    },
    {
        "key": "DRG_firekin:0",
        "original": "Firekin",
        "translation": "파이어킨",
        "stage": 1,
        "context": null
    },
    {
        "key": "DRG_tiagin:0",
        "original": "Tiagin",
        "translation": "티아긴",
        "stage": 1,
        "context": null
    },
    {
        "key": "DRG_nascale:0",
        "original": "Nascale",
        "translation": "나스케일",
        "stage": 1,
        "context": null
    },
    {
        "key": "DRG_kasitor:0",
        "original": "Kasitor",
        "translation": "카지토르",
        "stage": 1,
        "context": null
    },
    {
        "key": "DRG_grima_n:0",
        "original": "Grima",
        "translation": "그리마",
        "stage": 1,
        "context": null
    },
    {
        "key": "DRG_kuzz:0",
        "original": "Kuzz",
        "translation": "쿠즈",
        "stage": 1,
        "context": null
    },
    {
        "key": "DRG_kahamit:0",
        "original": "Kahamit",
        "translation": "카하밋",
        "stage": 1,
        "context": null
    },
    {
        "key": "DRG_grima:0",
        "original": "Grima",
        "translation": "그리마",
        "stage": 1,
        "context": null
    },
    {
        "key": "DRG_kalagar:0",
        "original": "Kalagar",
        "translation": "칼라가르",
        "stage": 1,
        "context": null
    },
    {
        "key": "DRG_naga:0",
        "original": "Naga",
        "translation": "나가",
        "stage": 1,
        "context": null
    },
    {
        "key": "DRG_nightburn:0",
        "original": "Nightburn",
        "translation": "나이트번",
        "stage": 1,
        "context": null
    },
    {
        "key": "DRG_ludmilla:0",
        "original": "Ludmilla",
        "translation": "루드밀라",
        "stage": 1,
        "context": null
    },
    {
        "key": "DRG_kukulkan:0",
        "original": "Kukulkan",
        "translation": "쿠쿨칸",
        "stage": 1,
        "context": null
    },
    {
        "key": "DRG_tamm:0",
        "original": "Tamm",
        "translation": "탐",
        "stage": 1,
        "context": null
    },
    {
        "key": "dragon.2.t:0",
        "original": "Equestria Demands the Badlands Again",
        "translation": "이퀘스트리아의 황무지 재요구",
        "stage": 1,
        "context": null
    },
    {
        "key": "dragon.2.d:0",
        "original": "",
        "translation": "",
        "stage": -1,
        "context": null
    },
    {
        "key": "dragon.2.a:0",
        "original": "",
        "translation": "",
        "stage": -1,
        "context": null
    }
]