[
    {
        "key": "POLITICS_FEATHERBANGS:0",
        "original": "A local heartthrob, Feather Bangs lost his love interest to a Ponyville stallion. Quick to move on, the entire incident has piqued his curiosity in the power of friendship and the ways of Equestria.",
        "translation": "이 지역의 인기마였던 페더 뱅은 포니빌에서 온 숫말에게 짝사랑하던 이를 빼았겼습니다. 본론만 말하자면, 그 일이 있었던 후로 페더 뱅은 우정의 힘과 이퀘스트리아의 방식에 큰 호기심을 갖게 되었습니다.",
        "stage": 1,
        "context": null
    },
    {
        "key": "POLITICS_DOUBLEDIAMOND:0",
        "original": "A faithful follower of Starlight Glimmer's Equalist philosophy, Double Diamond would see Equality succeed by following the lead of the Communists in Stalliongrad.",
        "translation": "스타라이트 글리머식 평등주의의 충실한 추종자였던 더블 다이아몬드는, 스탈리온그라드 공산주의자들의 지도를 따르며 그의 평등주의를 성공시킬 것입니다.",
        "stage": 1,
        "context": null
    },
    {
        "key": "STL_MY_communism:0",
        "original": "Townsville",
        "translation": "타운스빌",
        "stage": 1,
        "context": null
    },
    {
        "key": "STL_MY_communism_DEF:0",
        "original": "The City of Townsville",
        "translation": "타운스빌 시",
        "stage": 1,
        "context": null
    },
    {
        "key": "STL_MY_communism_ADJ:0",
        "original": "Townie",
        "translation": "타우니",
        "stage": 1,
        "context": null
    },
    {
        "key": "STL_OUR_communism_ADJ:0",
        "original": "Equal",
        "translation": "이퀄",
        "stage": 1,
        "context": null
    },
    {
        "key": "STL_abolish_equality:0",
        "original": "Our Rebirth",
        "translation": "우리의 재탄생",
        "stage": 1,
        "context": null
    },
    {
        "key": "STL_abolish_equality_desc:0",
        "original": "Our previous effort as a cutie mark free society was a disaster. It is time to recognise it once and for all and begin to rebuild. ",
        "translation": "큐티마크로부터 자유로운 사회를 만들어보자던 우리의 노력이 수포로 돌아갔습니다. 하지만, 지금은 우리 공동체의 부활과 재건을 선언할 때입니다.",
        "stage": 1,
        "context": null
    },
    {
        "key": "STL_society_reform:0",
        "original": "Our Future",
        "translation": "우리의 미래",
        "stage": 1,
        "context": null
    },
    {
        "key": "STL_society_reform_desc:0",
        "original": "Starlight Glimmer left her mark on every aspect of Our Town even as she took every mark from us. We must consider and debate our future, and how it shall be organised, everypony equal, everypony's voice heard. We shall not lose our way again.",
        "translation": "스타라이트 글리머는 우리의 큐티마크를 제거하면서 동시에 우리 마을의 모든 곳에 자신의 흔적을 남겼습니다. 우리는 미래를 고려하고 그 미래를 어떻게 달성할 것인지에 대한 토론을 이어나가야 합니다. 모든 포니는 평등합니다. 우리는 모든 포니의 목소리를 듣습니다. 우리는, 우리의 방식을 다시는 잃지 않을 것입니다.",
        "stage": 1,
        "context": null
    },
    {
        "key": "STL_elections:0",
        "original": "Our Elections",
        "translation": "우리의 투표",
        "stage": 1,
        "context": null
    },
    {
        "key": "STL_elections_desc:0",
        "original": "How can ponies be equal if everyone cannot have the opportunity to lead it? Allowing a leader absolute power was our mistake, and we shall not allow it again. We shall consult, and then WE shall choose.",
        "translation": "지도자가 되어 다른 포니들을 이끌 기회가 모두에게 주어지지 않는다면 어찌 이를 평등이라 할 수 있겠습니까? 하나의 포니에게 절대적인 권력을 쥐어준 것은 큰 실수였고, 다시는 그런 일이 일어나지 않도록 해야 합니다. 이제는 \"우리\"가 숙고하고, 선택할 것입니다.",
        "stage": 1,
        "context": null
    },
    {
        "key": "STL_neighbors_help:0",
        "original": "Our Neighbours",
        "translation": "우리 이웃들",
        "stage": 1,
        "context": null
    },
    {
        "key": "STL_neighbors_help_desc:0",
        "original": "The ponies of Stalliongrad are kindred spirits - they may speak of workers and production instead of Equality, but the end result is the same. We should establish trade and seek industrial assistance.",
        "translation": "스탈리온그라드의 포니들은 우리와 마음이 참 잘 맞는 친구들입니다. 평등 대신에 노동자와 생산성에 좀 더 집중하고 있는 것 같기는 하지만 말이죠. 그래도 추구하는 이상은 같으니, 무역을 개시하고 산업 원조를 구해 봅시다.",
        "stage": 1,
        "context": null
    },
    {
        "key": "STL_STG_military_advisors:0",
        "original": "Our Stalliongrad Advisors",
        "translation": "우리의 스탈리온그라드 고문들",
        "stage": 1,
        "context": null
    },
    {
        "key": "STL_STG_military_advisors_desc:0",
        "original": "Should the griffons ever advance south, we shall be the first to be hit. We must seek military support from our neighbours in Stalliongrad.",
        "translation": "그리폰이 남쪽으로 진격해오면, 우리가 가장 먼저 그리폰들과 조우하게 됩니다. 스탈리온그라드의 친구들에게 군사적인 지원을 요청해야 합니다.",
        "stage": 1,
        "context": null
    },
    {
        "key": "STL_independence_line:0",
        "original": "Our Independence",
        "translation": "우리의 독립",
        "stage": 1,
        "context": null
    },
    {
        "key": "STL_independence_line_desc:0",
        "original": "Stalliongrad at first responded positively to our efforts to establish relations, but now grow impatient, hoping we will join them. It is time to make clear - we shall remain independent, now and in future.",
        "translation": "우리의 관계 수립 요청에 스탈리온그라드는 처음에는 긍정적인 반응을, 이제는 노골적인 통합 야욕을 드러내고 있습니다. 우리의 입장을 분명히 합시다. 우리는 과거에도 그랬고, 현재도 그러하듯이, 미래에도 우리 스스로 서 있을 것입니다.",
        "stage": 1,
        "context": null
    },
    {
        "key": "STL_industrial_effort:0",
        "original": "Our Industrial Effort",
        "translation": "우리의 산업 발전 노력",
        "stage": 1,
        "context": null
    },
    {
        "key": "STL_industrial_effort_desc:0",
        "original": "Our balancing act with Stalliongrad has paid off. The support offered, and our own hard work will lead to the development of two new factories. Ponies speak excitedly of the prosperity such investments shall bring. Is it too early to speak of Our City?",
        "translation": "스탈리온그라드와 함께 했던 균형개발법이 성과를 거두었습니다. 그들의 지원과 우리의 노력이 합쳐져 두 개의 공장이 신설되었으며, 모두가 신나서는 이 공장들이 가져다 줄 번영에 대해 떠들고 있습니다. 우리 도시로의 승격은 아직 좀 이른 일일까요?",
        "stage": 1,
        "context": null
    },
    {
        "key": "STL_industrial_help:0",
        "original": "Our Industrial Help",
        "translation": "우리의 산업화 지원",
        "stage": 1,
        "context": null
    },
    {
        "key": "STL_industrial_help_desc:0",
        "original": "Like Stalliongrad, we have missed much of the industrialisation that has swept southern Equestria. Today, Stalliongrad is a case study in rapid industrialisation - our countries would be more equal if they were to share....",
        "translation": "우리는 남부 이퀘스트리아를 강타했던 산업화의 물결을 제때 타지 못했습니다. 스탈리온그라드도 마찬가지고요. 하지만 오늘날의 스탈리온그라드는 훌륭한 산업 국가의 예시입니다. 스탈리온그라드가 자신들의 급속한 산업화에 대한 비결을 공유한다면, 우리는 더욱 평등해질 것입니다...",
        "stage": 1,
        "context": null
    },
    {
        "key": "STL_new_army:0",
        "original": "Our New Army",
        "translation": "우리의 새 군대",
        "stage": 1,
        "context": null
    },
    {
        "key": "STL_new_army_desc:0",
        "original": "Griffons to the north, Our 'Friend' to the south, and the giant of Equestria beyond that, looking to swallow us both. Our citizens must take up arms for safety, for the sad truth is that a bullet is the ultimate equaliser.",
        "translation": "북쪽으로는 그리폰이, 남쪽으로는 우리의 \"친구\"들과 그 너머의 거대한 이퀘스트리아가 우리를 삼키려 하고 있습니다. 우리 시민들은 스스로의 안전을 위해 무기를 들어야 할 처지에 놓였습니다. 총알 앞에서는 모두가 평등하다더니, 참 슬픈 농담이네요.",
        "stage": 1,
        "context": null
    },
    {
        "key": "STL_demand_griffon_land:0",
        "original": "Our Griffon Land",
        "translation": "우리의 땅",
        "stage": 1,
        "context": null
    },
    {
        "key": "STL_demand_griffon_land_desc:0",
        "original": "We have gotten so used to referring to everything as 'Ours', that it's starting to get out of control. \"Our caves\", \"Our mountains\", \"Our northern coasts\". The idea of asking Nova Griffonia to give us all that land is getting to tempt. After all, it IS Ours.",
        "translation": "모든 것을 '우리 것'이라고 부르는 데 너무 익숙해진 나머지 \"우리 동굴\", \"우리 산\", \"우리의 북부 해안\" 같은 매혹적인 생각을 떨쳐버리기가 힘듭니다. 노바 그리포니아의 모든 영토가 원래부터 우리의 것이었던 것만 같습니다. 뭐, 결국엔 우리의 것이 되겠지만 말이죠...",
        "stage": 1,
        "context": null
    },
    {
        "key": "STL_socialist_trade:0",
        "original": "Our Expanding Trade",
        "translation": "성장하는 우리의 무역",
        "stage": 1,
        "context": null
    },
    {
        "key": "STL_socialist_trade_desc:0",
        "original": "Whatever our differences with Stalliongrad, they are our primary trading partner, and trade grows every day. With continued development, we shall finally be able to shrug off the pall of economic isolation that has crippled the nation.",
        "translation": "스탈리온그라드와 우리 사이의 사상적 차이가 어떻든 간에, 그들은 우리의 주요 교역국이며 물동량은 지속적으로 증가하고 있습니다. 덕분에, 머지않아 오랜 세월 우리를 옥죄었던 경제적 고립과 침체의 늪을 벗어날 수 있을 것으로 전망됩니다.",
        "stage": 1,
        "context": null
    },
    {
        "key": "STL_research_facility:0",
        "original": "Our Research Facility",
        "translation": "우리의 연구시설",
        "stage": 1,
        "context": null
    },
    {
        "key": "STL_research_facility_desc:0",
        "original": "Staying up to date with a state as small as ours poses a challenge. Fortunately, a lot of research is just a matter of applying existing public knowledge, reverse engineering other equipment, and shameless patent theft.",
        "translation": "우리처럼 작은 나라가 다른 이들의 최신 연구 결과와 정보량을 따라잡는 건 어려운 일입니다. 우리의 연구라 해봐야 아직까지는 기초적인 상식을 적용하고, 타국의 장비를 역설계하고, 특허를 도용한 뒤 오리발을 내미는 것일 뿐입니다.",
        "stage": 1,
        "context": null
    },
    {
        "key": "STL_twilight_teaching:0",
        "original": "The Teachings of Twilight Sparkle",
        "translation": "트와일라잇 스파클의 가르침",
        "stage": 1,
        "context": null
    },
    {
        "key": "STL_twilight_teaching_desc:0",
        "original": "Twilight Sparkle, Equestrian Princess of Friendship resides in Ponyville, and the travels of Sugar Belle and Feather Bangs have seen them returning with some of her publications. With the blessing of Feather Bang as leader, ponies have begun to study her works and consider how it could be implemented. Feather Bang's first act has been to rename Our Town to the more friendly, Ponyville inspiredm Townsville.",
        "translation": "페더 뱅과 슈가 벨이 오랜 여행을 마치고 외부의 문물과 함께 우리 마을로 돌아왔습니다. 그 중에는 이퀘스트리아 우정의 공주, 포니빌의 트와일라잇 스파클의 우정 논문도 들어 있었죠.\\n\\n페더 뱅이 지도자가 된 후로 우리 마을의 포니들은 트와일라잇의 연구를 분석하고 따르며 그 중 무엇을 어디서부터 어떻게 도입해야 할지를 생각했습니다.\\n\\n고심 끝에 페더 뱅이 제안한 첫 번째 발의안은, 우리 마을의 이름을 포니빌과 유사한 형태인 타운스빌로 개칭하는 것이었습니다.",
        "stage": 1,
        "context": null
    },
    {
        "key": "STL_railroad_way:0",
        "original": "Our Transit System",
        "translation": "우리의 교통체계",
        "stage": 1,
        "context": null
    },
    {
        "key": "STL_railroad_way_desc:0",
        "original": "Whilst we have no need to build large rail systems, a small effort to integrate with other Equestrian rail lines and local systems of tramways and buses will help accommodate our swelling population. Military logistics will be particularly easy, as our soldiers should be able to take a bus from their house to the front line every morning.",
        "translation": "독자적인 철도 체계를 구축할 필요까지는 없지만, 우리의 버스, 트램 노선을 이퀘스트리아의 기존 철도 체계와 통합하는 정도의 작은 노력만으로도 팽창하는 인구를 수용하는데 큰 도움이 될 것입니다. 유사시에 우리 장병들이 집에서 최전방까지 이동할 수 있어야 할테니, 군수 체계를 염두에 두고 정비하는 편이 좋겠군요.",
        "stage": 1,
        "context": null
    },
    {
        "key": "STL_conquest_of_STG:0",
        "original": "Our Stalliongrad",
        "translation": "우리의 스탈리온그라드",
        "stage": 1,
        "context": null
    },
    {
        "key": "STL_conquest_of_STG_desc:0",
        "original": "Some of our cabinet have grown concerned, as Double Diamond appears to descend into madness, rambling about OPMs and world conquest. Others insist that a military genius is at work. Whatever the case, we gear for the unthinkable - War with Stalliongrad.",
        "translation": "더블 다이아몬드가 약소국의 세계정복에 대해 떠드는 횟수가 잦아지자 내각에선 우려의 목소리가 커지고 있습니다. 반면 우리 군의 천재적인 참모들과 용감한 장병들을 믿는다며 자신감을 표명하는 포니들도 많고요. 우리 입장이 어찌 됐든간에, 우린 그저 스탈리온그라드와의 전쟁을 준비할 뿐입니다.",
        "stage": 1,
        "context": null
    },
    {
        "key": "STL_equestrian_airbridge:0",
        "original": "Equestrian Airbridge",
        "translation": "이퀘스트리아 항공로",
        "stage": 1,
        "context": null
    },
    {
        "key": "STL_equestrian_airbridge_desc:0",
        "original": "A burgeoning friendship with Equestria faces a serious challenge. We are surrounded by two powerful, potentially hostile states. Establishing a secure air route with Equestria is essential.",
        "translation": "순탄할 것만 같았던 이퀘스트리아와의 우정이 난항을 겪더니, 강력한 두 적성국에 둘러쌓인 우리의 지정학적 상황이라는 심각한 장애물에 가로막혔습니다. 이퀘스트리아와 우리를 잇는 안전한 항공로를 구축할 필요가 있습니다.",
        "stage": 1,
        "context": null
    },
    {
        "key": "STL_our_town_fortress:0",
        "original": "The Fortress of Townsville",
        "translation": "타운스빌 요새",
        "stage": 1,
        "context": null
    },
    {
        "key": "STL_our_town_fortress_desc:0",
        "original": "Friendship is all well and good, but Equestrian delegates have yet to offer any good suggestions on how friendship can be used against communist tanks and heavily armoured griffon knights. More practically, they can smuggle us large shipments of concrete, barbed wire and heavy machine guns to fortify with. How? Apparently, a cat is involved...",
        "translation": "우정 좋죠. 그런데 아직 이퀘스트리아의 사절단은 공산주의자들의 전차와 그리폰 기사들 사이에 둘러쌓인 우리에게 어떤 형태의 \"우정\"을 제공할 수 있을지 정확한 답변을 주지 않았습니다. 어쩌면 실수로 우리 영토에서 철조망을 분실한다던가, 엄청난 양의 콘크리트를 \"불법적으로\" 투기할 수도 있고, 중기관총 밀수를 주선해 줄 수도 있겠죠.",
        "stage": 1,
        "context": null
    },
    {
        "key": "STL_eqs_exped_forces:0",
        "original": "Equestrian Expeditionary Forces",
        "translation": "이퀘스트리아 원정군",
        "stage": 1,
        "context": null
    },
    {
        "key": "STL_griffon_transition:0",
        "original": "Griffon Transition",
        "translation": "그리폰 이행",
        "stage": 1,
        "context": null
    },
    {
        "key": "STL_GRF_cedeing_land:0",
        "original": "Griffons Ceding Land",
        "translation": "그리폰 양도 영토",
        "stage": 1,
        "context": null
    },
    {
        "key": "STL_our_town_institute:0",
        "original": "Our Town Institute",
        "translation": "우리 마을 기관",
        "stage": 1,
        "context": null
    },
    {
        "key": "STL_call_to_war:0",
        "original": "Call to War",
        "translation": "전쟁의 부름",
        "stage": 1,
        "context": null
    },
    {
        "key": "STL_first_move:0",
        "original": "Our First Move",
        "translation": "우리의 첫 행보",
        "stage": 1,
        "context": null
    },
    {
        "key": "STL_war_on_GRF:0",
        "original": "Our Liberation of the Colony",
        "translation": "우리의 식민지 해방",
        "stage": 1,
        "context": null
    },
    {
        "key": "STL_GRF_revolution:0",
        "original": "Our Revolution in Nova Griffonia",
        "translation": "우리의 노바 그리포니아 혁명",
        "stage": 1,
        "context": null
    },
    {
        "key": "STL_garden:0",
        "original": "Our Garden",
        "translation": "우리의 정원",
        "stage": 1,
        "context": null
    },
    {
        "key": "STL_garden_desc:0",
        "original": "There were many problems with the old Our Town - we still use the muffins as punishment for prisoners. But beyond the terrible food, was the sheer drabness of the place. With a little work, we can make New Equality a relaxing world of plants, animals and beauty.",
        "translation": "옛 우리 마을엔 많은 문제가 있었습니다. 끔찍한 머핀을 일종의 형벌로 사용하곤 했으며, 끔찍하리만치 아무 것도 없는 따분한 곳이었습니다. 사실... 지금도 그렇고요. 작은 개선을 통해 뉴 이퀄리티를 다양한 동식물이 서식하는, 아름답고 편안한 곳으로 만들 수 있습니다.",
        "stage": 1,
        "context": null
    },
    {
        "key": "STL_one_factory:0",
        "original": "Our First Factory",
        "translation": "우리의 첫 번째 공장",
        "stage": 1,
        "context": null
    },
    {
        "key": "STL_one_factory_desc:0",
        "original": "In a factory, every pony must work as one, each machine, each worker, doing their simple job with precision, again and again. No longer do we need to rely on the masterwork of the artisan or the specialist knowledge of the guildspony. In a factory all are equal.",
        "translation": "공장의 모든 포니들이 하나의 톱니바퀴가, 기계가 되어 간단한 작업을 반복합니다. 간단한 작업이 모여 복잡한 결과물이 됩니다. 우리는 더 이상 장인이나 길드의 전문지식에 의존할 필요가 없습니다. 공장에서는 모두가 평등합니다.",
        "stage": 1,
        "context": null
    },
    {
        "key": "STL_second_factory:0",
        "original": "Our Second Factory",
        "translation": "우리의 두 번째 공장",
        "stage": 1,
        "context": null
    },
    {
        "key": "STL_second_factory_desc:0",
        "original": "To some nations we are a joke. One factory, two factories...? In the grand scheme of things, nothing! But the Equal pony never needs to look to his side to compare, only march forward in the knowledge that their colleagues to do the same. And two shall become three....",
        "translation": "\"공장은?\" \"한 두개.\" \"푸흡.\" 다른 나라에서는 우리의 사정이 조롱거리로나 치부된다고 합니다. 그래서요? 그런 조롱은 무의미합니다. 평등한 포니는 주변을 둘러보며 자신의 처지를 비관하거나 우월감을 느끼지 않습니다. 그저 주변의 동료들이 자신과 평등하다는 것에 감사하며 전진할 뿐이죠. 두 번째 공장이 지어졌으니, 반드시 언젠간 세 번째 공장이 생길 것입니다...",
        "stage": 1,
        "context": null
    },
    {
        "key": "STL_equality_past:0",
        "original": "Past of Equality",
        "translation": "평등한 과거",
        "stage": 1,
        "context": null
    },
    {
        "key": "STL_equality_past_desc:0",
        "original": "The ponies of Our Town made a terrible mistake in giving up their cutie marks and are scarred by the experience. They remain hesitant about their future.",
        "translation": "우리 마을의 포니들은 큐티마크를 하나로 통일하는 끔찍한 실수에 동참한 적이 있었고,그로 인해 큰 상처를 입었습니다. 이들은 아직도 미래로 나아가는 것에 큰 두려움을 지니고 있습니다.",
        "stage": 1,
        "context": null
    },
    {
        "key": "STL_city_state:0",
        "original": "Closed City State",
        "translation": "고립된 도시국가",
        "stage": 1,
        "context": null
    },
    {
        "key": "STL_city_state_desc:0",
        "original": "With Griffons in the North, Stalliongrad in the South, and no access to sea, Our Town is crippled by lack of trade.",
        "translation": "북쪽의 그리폰과 남쪽의 스탈리온그라드, 내륙국이라는 특성까지 합쳐져 우리는 심각한 재정난에 시달리는 중입니다.",
        "stage": 1,
        "context": null
    },
    {
        "key": "STL_city_state2:0",
        "original": "Limited Trade with Stalliongrad",
        "translation": "제한적인 스탈리온그라드와의 무역",
        "stage": 1,
        "context": null
    },
    {
        "key": "STL_city_state2_desc:0",
        "original": "Trade has begun with Stalliongrad, easing the economic stagnation.",
        "translation": "스탈리온그라드와의 무역이 시작되었고, 경제 상황이 점차 나아지고 있습니다.",
        "stage": 1,
        "context": null
    },
    {
        "key": "STL_garden_spirit:0",
        "original": "Our Garden",
        "translation": "우리의 정원",
        "stage": 1,
        "context": null
    },
    {
        "key": "STL_garden_spirit_desc:0",
        "original": "Our drab town has been transformed into a colourful, relaxing paradise for ponies to rest and play in.",
        "translation": "우리의 단조로웠던 마을이, 포니들이 뛰놀고 뛰놀다 지치면 쉴 수 있는 다채로운 낙원으로 변모했습니다.",
        "stage": 1,
        "context": null
    },
    {
        "key": "STL_STG_advisory_military:0",
        "original": "Stalliongrad Military Advisors",
        "translation": "스탈리온그라드 군사고문",
        "stage": 1,
        "context": null
    },
    {
        "key": "STL_STG_advisory_industry:0",
        "original": "Stalliongrad Industry Assistance",
        "translation": "스탈리온그라드의 산업화 지원",
        "stage": 1,
        "context": null
    },
    {
        "key": "STL_new_army_spirit:0",
        "original": "Equality Army",
        "translation": "평등군",
        "stage": 1,
        "context": null
    },
    {
        "key": "STL_new_army_spirit_desc:0",
        "original": "Working together to build an army has been a surprising success, as an equalist philosophy is a good fit for the life of the soldier.",
        "translation": "평등주의의 이상이 병사들의 삶에, 병사들이 처한 처지에 잘 맞았던 덕분에 모두가 하나되어 일할 수 있었고, 새로운 군대를 건설해냈습니다.",
        "stage": 1,
        "context": null
    },
    {
        "key": "trade_relations_with_stalliongrad_desc:0",
        "original": "Our isolation has ended, and a healthy flow of goods travels every day with Stalliongrad.",
        "translation": "우리의 고립은 끝을 맞았고, 이제는 스탈리온그라드로부터 매일마다 막대한 양의 소비재와 재화가 흘러들어오고 있습니다.",
        "stage": 1,
        "context": null
    },
    {
        "key": "feather_bangs:0",
        "original": "Feather Bangs",
        "translation": "페더 뱅",
        "stage": 1,
        "context": null
    },
    {
        "key": "party_flavour:0",
        "original": "Party Favour",
        "translation": "파티 페이버",
        "stage": 1,
        "context": null
    },
    {
        "key": "sugar_belle:0",
        "original": "Sugar Belle",
        "translation": "슈가 벨",
        "stage": 1,
        "context": null
    },
    {
        "key": "starlight.1.t:0",
        "original": "An Offer from Stalliongrad",
        "translation": "스탈리온그라드의 제안",
        "stage": 1,
        "context": null
    },
    {
        "key": "starlight.1.d:0",
        "original": "Stalliongrad has successfully ended their food and political crises and looks to be once again on the road to prosperity. They have formally invited us become part of their nation.",
        "translation": "스탈리온그라드가 정치적 위기, 식량난을 성공적으로 극복해냈습니다. 스탈리온그라드는 다시금 번영의 길을 걸어가기로 한 것으로 보이며, 그 첫 발을 우리에게 합병 제안을 보내는 것으로 내디뎠습니다.",
        "stage": 1,
        "context": null
    },
    {
        "key": "starlight.1.a:0",
        "original": "It was bound to happen...",
        "translation": "언젠간 일어날 일이었지...",
        "stage": 1,
        "context": null
    },
    {
        "key": "starlight.1.b:0",
        "original": "Our Town, not yours!",
        "translation": "\"우리\" 마을이지 당신네들 마을이 아니오!",
        "stage": 1,
        "context": null
    },
    {
        "key": "starlight.2.t:0",
        "original": "The Return",
        "translation": "귀환",
        "stage": 1,
        "context": null
    },
    {
        "key": "starlight.2.d:0",
        "original": "The Communist Civil War in Equestria is not something that any pony could miss. Especially given the pony involved. So when we heard that the communists won, we knew they would be coming.\\n\\nI sat, hiding behind my tiny fortifications, waiting to see what they would do - bomb us, send an ambassador, or even starve us out.\\n\\nInstead, they sent one pony. THAT pony.\\n\\nStarlight Glimmer. Unescorted, Unruffled, Uncertain. Walking towards us.\\n\\nWe stared. The leader of the most powerful nation in the world, and our old Mayor. Beside me, Sugar Belle flinched and raised her rifle slightly, recalling trauma of muffins past.\\n\\nStarlight coughed. \"So... it's been a while, hasn't it? Time, uh, flies... when you're running a war, you know?\" She taps the ground nervously with her hoof. \"So, we did it. Equality. No stealing cutie marks. No lies. Just... fairness.\" She looked away, eyes tearing. \"I owe every one of you an apology for what I've done. You believed in Equality! Even when I didn't. You held true. Everything we did, it started with you.\"\\n\\nShe took a deep breath. \"Even if you never forgive me... Will you join us? Will you help bring true Equality to Equestria? Teach the ponies of this land what we did, what we can do? Will you help us lead Our Nation?\"\\n\\nShe rushed on \"You can say no. Really. We'll leave you alone.\" I glanced doubtfully at the leader of one of the largest military powers on the planet, before I looked at my fellow ponies. Even with no time to consider, even with the war, the sheer insanity of it all, we knew the answer...",
        "translation": "이퀘스트리아에서의 공산주의 내전은 그냥 흘려듣기에는 너무 큰, 너무나도 중요한 소식이었다. 특히 그 소식을 듣는 포니들이 공산주의자라면 더욱 그랬고. 공산주의자들의 승전 선언이 라디오에 울려퍼질 때부터, 난 이퀘스트리아가 우리에게 찾아올 것임을 직감했다.\\n\\n그래서 난 이퀘스트리아가 어떻게 나올지 생각하며 작은 벙커 안에 앉아 운명을 기다렸다. 폭격기나 대사를 보낼 수도 있고, 우리가 제발로 기어나올 때까지 포위를 할 수도 있겠지.\\n\\n그런데, 그 대신에, 이퀘스트리아는 한 마리 포니를 보냈다. \"그 포니\"를.\\n\\n스타라이트 글리머가 하나도 늙지 않은 채로, 호위도 없이, 쭈뼛거리며 우리에게 걸어온다.\\n\\n세계에서 가장 강력한 국가의 지도자이자 우리의 옛 시장이었던 자가 걸어오자 우린 시선을 집중했고, 슈가 벨은 끔찍했던 머핀형을 떠올리며 총을 들어올렸다.\\n\\n\"어...\" 스타라이트가 헛기침을 하더니 입을 열었다. \"오랜만이네, 시간이 정말... 빨라. 전쟁에, 정치에, 너희도 알잖아, 그치?\" 스타라이트가 초조한듯 발굽으로 땅을 긁더니 말을 이어나갔다. \"내가 해냈어. 이번엔 큐티마크도 안 훔쳤고, 거짓말도 안했어. 그냥... 공평함 그 자체였다고.\" 스타라이트가 눈시울을 붉히더니 고개를 돌렸다. \"너희한테... 사과하고 싶어서 온거야. 페더 뱅, 넌 내가 타락했을때도 평등을 믿었고 항상 나와 주민들에게 진실됐었어. 지금 내가 이룬 모든 것들은 내가 너희들을 보고 배웠기 때문이야.\"\\n\\n심호흡. \"날 용서하고 싶지 않을거야. 그래도, 그래도... 우리와 함께 하지 않을래? 이퀘스트리아에 진정한 평등을 전파하는 걸 도와줄 수 있을까? 이 땅의 포니들에게 스스로가 무엇을 이뤄왔고 뭘 이룰 수 있는지를 깨닫게 해주고, 이퀘스트리아가 잘 굴러가게 도와줄래?\"\\n\\n\"싫다고 말해도 괜찮아. 정말이야. 떠나서 다시는 너희에게 간섭하지 않을게.\" 나는 눈 앞에 주저앉아 울고 있는 세계에서 가장 강력한 국가의 지도자와, 뒤에 선 동료 포니들을 번갈아가며 보았다. 사실 긴 생각까지 필요하겠는가. 전쟁이, 전쟁의 광기가 우리를 바꿨을지언정 우린 언제나 이 순간에 어떤 말을 할지 알고 있었다. \"스타라이트 글리머.\"",
        "stage": 1,
        "context": null
    },
    {
        "key": "starlight.2.a:0",
        "original": "Welcome home, Starlight!",
        "translation": "돌아온걸 축하해!",
        "stage": 1,
        "context": null
    },
    {
        "key": "starlight.2.b:0",
        "original": "Leave, Starlight Glimmer, and never return.",
        "translation": "우리 마을을 떠나. 그리고 다시는 돌아오지 말도록.",
        "stage": 1,
        "context": null
    },
    {
        "key": "starlight.3.t:0",
        "original": "The End of Our Town",
        "translation": "우리 마을의 끝",
        "stage": 1,
        "context": null
    },
    {
        "key": "starlight.3.d:0",
        "original": "We have begun the painful process of beginning anew. Old signs and banners torn down, portraits of Starlight Glimmer burned, and old talents embraced again. Some ponies left the village, never to return. Others sat silently, staring into the flaming portraits of the best pony.\\n\\nBut at the end of it all, Double Diamond spoke. Of a New Equality. Maybe not an equality of cutie marks, but certainly of friendship, of work, of fairness. This was an Equality that could be believed in - even the Stalliongradians were making similar ideas work.\\n\\nThe ponies who had stuck by Double Diamond nodded and murmured in approval, and one by one left for their beds. Our Town was no more. Could New Equality work in an unkind world?",
        "translation": "고통스러운 개혁의 첫 걸음을 밟았습니다. 옛 선전 포스터와 깃발을 내리고, 스타라이트 글리머의 초상화를 불태웠으며, 오래 전에 버렸던 큐티마크를 되찾았습니다. 그 와중에 몇몇 포니들은 마을을 떠나 다시는 돌아오지 않았죠. 나머지 다수의 포니들은, 조용히 앉아 전 최고 지도자의 초상화가 불타는 모습을 지켜봤습니다.\\n\\n이 모든 일이 끝나자, 뉴 이퀄리티의 새 이상에 대한 연설을 시작했습니다. 앞으로의 평등은 큐티마크의 평등이 아니라 우정, 작업, 기회의 평등일 것이고 이것은 이전의 것보다 진보된 개념이며 믿을 수 있는 이상이라며, 오늘날 스탈리온그라드의 포니들 역시 추구하는 것이라며 말이죠.\\n\\n더블 다이아몬드의 연설을 들은 포니들은 중얼거리며 고개를 끄덕이더니, 한 마리씩 집으로 돌아갔습니다. 우리 마을은 더 이상 존재하지 않습니다. 뉴 이퀄리티의 방식은 이 불친절한 세계에서 통할 수 있을까요?",
        "stage": 1,
        "context": null
    },
    {
        "key": "starlight.3.a:0",
        "original": "It's a start, at least.",
        "translation": "끝이 있어야 시작도 있는 법이지.",
        "stage": 1,
        "context": null
    },
    {
        "key": "starlight.4.t:0",
        "original": "A Pro-Stalliongrad Policy",
        "translation": "친 스탈리온그라드 정책",
        "stage": 1,
        "context": null
    },
    {
        "key": "starlight.4.d:0",
        "original": "Double Diamond was elected as the new leader and we must pursue closer cooperation with our friendly neighbouring state, Stalliongrad. We can have their advisors and officers, helping with our military and professional constructors to observe our industrial build-up.",
        "translation": "더블 다이아몬드가 우리의 새 지도자가 되었고, 이제는 우호적인 이웃 국가 스탈리온그라드와 긴밀한 협력을 추구해야 할 때입니다. 일이 잘 풀린다면 스탈리온그라드의 장교와 고문단을 초빙해 우리 군인과 건설업자들이 경험을 쌓도록 도울 수도 있습니다.",
        "stage": 1,
        "context": null
    },
    {
        "key": "starlight.4.a:0",
        "original": "Excellent.",
        "translation": "훌륭해.",
        "stage": 1,
        "context": null
    },
    {
        "key": "starlight.5.t:0",
        "original": "Message to Stalliongrad",
        "translation": "스탈리온그라드에게의 의사표명",
        "stage": 1,
        "context": null
    },
    {
        "key": "starlight.5.d:0",
        "original": "Our representative delivered our message expressing the near unanimous desire for independence amongst the ponies of Our Town. The Stalliongrad ambassador frowned, and then forced a smile, expressing his understanding and reiterating their commitment to a society of equality.",
        "translation": "우리 측 대표가 우리 마을의 포니들이 만장일치로 주체성과 독립을 유지하기를 원했다는 메시지를 전달했습니다. 스탈리온그라드 대사는 눈살을 찌푸리더니, 억지로 미소를 지으며 우리 측 입장에 대한 이해와, 평등 사회에 대한 자신들의 노력을 특히 강조했습니다.",
        "stage": 1,
        "context": null
    },
    {
        "key": "starlight.5.a:0",
        "original": "It could've been worse.",
        "translation": "일이 커지지 않아 다행이군.",
        "stage": 1,
        "context": null
    },
    {
        "key": "starlight.6.t:0",
        "original": "Industrial Delegation Departs",
        "translation": "산업 대표단 출발",
        "stage": 1,
        "context": null
    },
    {
        "key": "starlight.6.d:0",
        "original": "We have sent a small delegation to request industrial assistance from Stalliongrad. We wish them our best.",
        "translation": "산업적인 지원을 요청하기 위해 스탈리온그라드로 소규모 대표단을 보냈습니다. 좋은 결과가 있었으면 좋겠군요.",
        "stage": 1,
        "context": null
    },
    {
        "key": "starlight.6.a:0",
        "original": "Its up to Stalliongrad now.",
        "translation": "스탈리온그라드로 떠납니다.",
        "stage": 1,
        "context": null
    },
    {
        "key": "starlight.7.t:0",
        "original": "Military Delegation Departs",
        "translation": "군사 대표단 출발",
        "stage": 1,
        "context": null
    },
    {
        "key": "starlight.7.d:0",
        "original": "We have sent a small delegation to request military assistance from Stalliongrad. We wish them our best.",
        "translation": "군사적인 지원을 요청하기 위해 스탈리온그라드로 소규모 대표단을 보냈습니다. 좋은 결과가 있었으면 좋겠군요.",
        "stage": 1,
        "context": null
    },
    {
        "key": "starlight.7.a:0",
        "original": "Its up to Stalliongrad now.",
        "translation": "스탈리온그라드로 떠납니다.",
        "stage": 1,
        "context": null
    },
    {
        "key": "starlight.9.t:0",
        "original": "The Town Debates",
        "translation": "마을 토론회",
        "stage": 1,
        "context": null
    },
    {
        "key": "starlight.9.d:0",
        "original": "The ponies of Our Town debate their future. ideas are sketched, philosophies argued, examples shown. A little bit of the old passion has returned, as ponies grapple with the question of the tomorrow they wish to live in. Ultimately consensus boils down to two paths - following in the footsteps of Equestria, or Stalliongrad.",
        "translation": "우리 마을의 포니들은 항상 미래에 대한 열띤 토론을 벌입니다. 무수히 많은 제안들이 떠올랐다가 가라앉고, 각자의 이상들이 충돌합니다. 스스로가 보고 싶은 미래에 대해 고민하면서 포니들의 마음 속에 열정과 희망이 되살아났죠. 궁극적으로, 이 모든 토론들은 두 갈래로 귀결되었습니다. - 이퀘스트리아냐, 스탈리온그라드냐.",
        "stage": 1,
        "context": null
    },
    {
        "key": "starlight.9.a:0",
        "original": "Its good to see interest reignited.",
        "translation": "주민들이 정치에 관심을 가지니 보기 좋군.",
        "stage": 1,
        "context": null
    },
    {
        "key": "starlight.10.t:0",
        "original": "Military Investments See Results",
        "translation": "군사적 투자의 성공",
        "stage": 1,
        "context": null
    },
    {
        "key": "starlight.10.d:0",
        "original": "Much to our surprise, our increasing investment in the armed forces has seen strong results. Drilling, marching side by side, and putting aside fear for the greater good comes naturally to Equal ponies, leading to a fine fighting force.\\n\\nPonies who once looked at a rifle in horror now fire, load and charge with precision, finding comfort in their part of a greater whole.",
        "translation": "군대에 지속적으로 투자를 했더니, 우리의 기대를 훨씬 상회하는 결과가 나왔습니다. 훈련, 열병식, 대의를 위해 두려움을 이겨내고 전진하는 평등한 포니들. 총을 껴안고 벌벌 떨던 포니들이 이제는 침착하게 조준하고, 정확하게 발사하고, 빠르게 장전하는, 단체생활에서 편안함을 느끼는 훌륭한 전투원이 되었습니다.",
        "stage": 1,
        "context": null
    },
    {
        "key": "starlight.10.a:0",
        "original": "MREs are still better than our old muffins.",
        "translation": "\"그 머핀\"보단 전투식량이 더 맛있군.",
        "stage": 1,
        "context": null
    },
    {
        "key": "starlight.11.t:0",
        "original": "The Delegation Returns",
        "translation": "대표단의 귀환",
        "stage": 1,
        "context": null
    },
    {
        "key": "starlight.11.d:0",
        "original": "The defeated postures of our delegation told us the before anypony could speak. Stalliongrad had rejected our proposal for industrial assistance.",
        "translation": "우리 대표단의 얼빠진, 침울한 동시에 화가 난 꼴을 본 그 누구라도 회담의 결과를 알 수 있을 것입니다. 스탈리온그라드는 우리의 산업 지원 제안을 거절했습니다.",
        "stage": 1,
        "context": null
    },
    {
        "key": "starlight.11.a:0",
        "original": "Are they really Our Friends?",
        "translation": "그자들이 진짜 우리 친구가 맞긴 한건가?",
        "stage": 1,
        "context": null
    },
    {
        "key": "starlight.12.t:0",
        "original": "Stalliongrad Response",
        "translation": "스탈리온그라드의 응답",
        "stage": 1,
        "context": null
    },
    {
        "key": "starlight.12.d:0",
        "original": "Stalliongrad has accepted our request for military support, providing a team of advisors to help train, organise and design our divisions.",
        "translation": "스탈리온그라드가 우리의 군사 지원 요청을 받아들였습니다. 현재 신병 훈련, 편제 및 장비 설계 자문 등의 도움을 제공하고 있습니다.",
        "stage": 1,
        "context": null
    },
    {
        "key": "starlight.12.a:0",
        "original": "Excellent.",
        "translation": "완벽해.",
        "stage": 1,
        "context": null
    },
    {
        "key": "starlight.13.t:0",
        "original": "Stalliongrad Response",
        "translation": "스탈리온그라드의 응답",
        "stage": 1,
        "context": null
    },
    {
        "key": "starlight.13.d:0",
        "original": "Stalliongrad has denied our request for military advice, citing the difficulties we would have in fielding any substantive military force. They have not so subtly reminded us that should we join Stalliongrad, we would be under their full military protection",
        "translation": "스탈리온그라드는 우리의 군사 자문 요청을 거부했습니다. 그와 동시에, 스탈리온그라드에 편입된다면 자신들이 완벽하고 안전한 군사적 보호를 제공할 것인데 우리에게 군사력이 왜 필요한지를 물었습니다.",
        "stage": 1,
        "context": null
    },
    {
        "key": "starlight.13.a:0",
        "original": "Et tu, Comrade?",
        "translation": "동무, 너마저?",
        "stage": 1,
        "context": null
    },
    {
        "key": "starlight.14.t:0",
        "original": "Preparing for an Election",
        "translation": "선거 준비",
        "stage": 1,
        "context": null
    },
    {
        "key": "starlight.14.d:0",
        "original": "The remaining ponies of Our Town have agreed - election shall be the way forward. Candidates have been invited to submit their names and two choices have emerged.\\n\\nThe first is Double Diamond, current defacto leader and the second in command after Starlight Glimmer. He speaks of the need to rebuild a New Equality, with cutie marks, based around fairness, friendship and equality. He notes the success of the neighbour Stalliongrad in their similar ideology. If Stalliongrad can succeed, why not in the birthplace of Equality?\\n\\nThe other is Feather Bangs. The renowned heartthrob has recently returned from Ponyville in Equestria, he speaks of what he has learnt there - of how Ponyville has seen success in a different way - a way where difference is allowed and balanced with friendship and compromise.\\n\\nNormally such ideas would be rejected in Our Town, but tired ponies look to him for a way out of their misery, and the shining smile of the town baker Sugar Belle on her trading trips to Ponyville speaks the truth of Feather's words. Others recall the visit of Ponyville Princess Twilight Sparkle, who first exposed Starlight Glimmer's deception.",
        "translation": "우리 마을의 모든 포니들이 동의한 것은, 선거를 통해 우리가 앞으로 나아갈 길을 정해야 한다는 사실입니다. 입후보 기간이 끝나고 두 마리의 후보가 명단에 이름을 올렸습니다.\\n\\n한 후보는 더블 다이아몬드입니다. 현재 우리 마을의 지도자이자 과거 스타라이트 글리머 체제의 2인자였죠. 그는 공정성, 우정, 평등을 바탕으로 한, 큐티마크가 있는 새로운 평등을 재건해야 한다고 말합니다. 더블 다이아몬드는 비슷한 사상을 지닌 스탈리온그라드 친구들의 성공을 주목합니다. 스탈리온그라드가 성공했다면, 평등의 탄생지 우리 마을도 할 수 있습니다!\\n\\n다른 후보는 우리 마을의 인기마 페더 뱅입니다. 그는 자신이 포니빌에서 배운 이퀘스트리아의 성공 방식에 매료되었습니다. 다름이 우정과 타협으로 하나가 되고, 모든 것이 조화를 이루는 바로 그 방식 말이죠.\\n\\n예전의 \"우리 마을\"이었다면 이런 생각은 불온한 것으로 치부되었겠지만, 지친 포니들은 뭐가 됐든간에 하루빨리 자신들을 고통에서 꺼내주지 않을까 기대할 뿐입니다. 그리고, 장사를 위해 정기적으로 포니빌로 떠나는 빵집 주인 슈가 벨의 미소를 보아하니 페더 뱅의 말이 진실인 것 같기도 하고요. 한편 어떤 이들은 스타라이트 글리머의 압제를 끝냈던 포니빌의 공주, 트와일라잇 스파클이 처음 방문했던 때를 떠올리며 페더 뱅을 지지합니다.",
        "stage": 1,
        "context": null
    },
    {
        "key": "starlight.14.a:0",
        "original": "A big choice for a small town...",
        "translation": "작은 마을을 위한 큰 선택이라...",
        "stage": 1,
        "context": null
    },
    {
        "key": "starlight.15.t:0",
        "original": "Election Day",
        "translation": "선거일",
        "stage": 1,
        "context": null
    },
    {
        "key": "starlight.15.d:0",
        "original": "A strange attitude pervades Our Town, of hope and foreboding alike. The candidates shake hooves in a final show of good will, before announcing the polls open.\\n\\nOne by one, the ballots are cast. The margin is small, but decisive... (Note - Harmonic Path is not available yet)",
        "translation": "희망과 예측이 섞인 신기한 분위기가 우리 마을 전역에 퍼져 있습니다. 투표가 시작됐다는 방송이 시작하기도 전부터 각 후보들은 발굽을 흔들며 유세를 펼쳤죠. 이제 한 마리 한 마리씩 투표가 진행됩니다. 한 표는 작지만, 모인 표들은 큽니다.(※아직 조화주의 루트는 개발되지 않았습니다)",
        "stage": 1,
        "context": null
    },
    {
        "key": "starlight.15.a:0",
        "original": "Double Diamond Wins.",
        "translation": "더블 다이아몬드의 승리.",
        "stage": 1,
        "context": null
    },
    {
        "key": "starlight.15.b:0",
        "original": "Feather Bangs Wins.",
        "translation": "페더 뱅의 당선.",
        "stage": 1,
        "context": null
    },
    {
        "key": "starlight.16.t:0",
        "original": "[STG.GetName] Offers Industrial Aid!",
        "translation": "[STG.GetName]의 산업 지원 제공!",
        "stage": 1,
        "context": null
    },
    {
        "key": "starlight.16.d:0",
        "original": "Our brave comrades in [STG.GetName] have offered to aid us in establishing our industry so we can better contribute to the greater prosperity of our nations",
        "translation": "[STG.GetName]의 용감한 동지들이 우리가 산업을 발전시키고 번영을 누릴 수 있도록, 긴급 지원을 제공하기로 했습니다.",
        "stage": 1,
        "context": null
    },
    {
        "key": "starlight.16.a:0",
        "original": "Excellent!",
        "translation": "훌륭해!",
        "stage": 1,
        "context": null
    },
    {
        "key": "feather_bangs_elected:0",
        "original": "Feather Bangs Elected",
        "translation": "페더 뱅 당선",
        "stage": 1,
        "context": null
    },
    {
        "key": "double_diamond_elected:0",
        "original": "Double Diamond Elected",
        "translation": "더블 다이아몬드 당선",
        "stage": 1,
        "context": null
    }
]