[
    {
        "key": "PNG_EMP_fascism:0",
        "original": "Arctic Empire",
        "translation": "남극 제국",
        "stage": 1,
        "context": null
    },
    {
        "key": "PNG_EMP_fascism_def:0",
        "original": "The Arctic Empire",
        "translation": "남극 제국",
        "stage": 1,
        "context": null
    },
    {
        "key": "PNG_anti_griff_law:0",
        "original": "Anti Griffon Laws",
        "translation": "그리폰 추방법",
        "stage": 1,
        "context": null
    },
    {
        "key": "PNG_aberg:0",
        "original": "Aberg Chosen",
        "translation": "애버그 임명",
        "stage": 1,
        "context": null
    },
    {
        "key": "PNG_njordin:0",
        "original": "Njordin Chosen",
        "translation": "노르딘 임명",
        "stage": 1,
        "context": null
    },
    {
        "key": "PNG_commie:0",
        "original": "Commie",
        "translation": "코뮌",
        "stage": 1,
        "context": null
    },
    {
        "key": "PNG_empire1:0",
        "original": "The Black and White Storm will become the §YArctic Empire§!\\n",
        "translation": "흑백의 폭풍은 §Y북극 제국§!이 될 것입니다\\n",
        "stage": 1,
        "context": null
    },
    {
        "key": "PNG_military_support:0",
        "original": "Military Support",
        "translation": "군대의 충성",
        "stage": 1,
        "context": null
    },
    {
        "key": "PNG_military_support_desc:0",
        "original": "The King has gathered support within the ranks of the military, and with it he has asserted a more authoritarian regime over the nation. ",
        "translation": "황제는 군대 내에서 지지를 모아왔고, 이를 발판으로 그는 더욱 권위주의적인 정권을 설립하였습니다.",
        "stage": 1,
        "context": null
    },
    {
        "key": "PNG_communism_outlawed:0",
        "original": "Communism Outlawed",
        "translation": "공산주의 불법화",
        "stage": 1,
        "context": null
    },
    {
        "key": "PNG_communism_outlawed_desc:0",
        "original": "Communism has been banned from the nation, no communist or socialist parties are allowed within the nation, and communist politicians are jailed.",
        "translation": "공산주의는 우리 제국으로부터 금지되었고, 공산주의 또는 사회주의 정당들은 국가 내에서 허용되지 않게 되었으며, 공산주의자들은 감옥에 갇혔습니다.",
        "stage": 1,
        "context": null
    },
    {
        "key": "PNG_anti_griffon:0",
        "original": "Anti Griffon Laws",
        "translation": "그리폰 추방법",
        "stage": 1,
        "context": null
    },
    {
        "key": "PNG_anti_griffon_desc:0",
        "original": "Griffons have been stripped of their rights, and are now considered second class citizens.",
        "translation": "그리폰들은 권리를 강탈당했고, 현재는 이류 시민으로 간주되고 있다.",
        "stage": 1,
        "context": null
    },
    {
        "key": "PNG_penguin_storm:0",
        "original": "Black and White Storm",
        "translation": "흑백의 폭풍",
        "stage": 1,
        "context": null
    },
    {
        "key": "PNG_penguin_storm_desc:0",
        "original": "A new supremacist political party, the Black and White storm has members within all layers of the government. The current ruler is the head of the party.",
        "translation": "새로운 우월주의 정당인 흑백의 폭풍은 정부의 모든 계층에 당원들을 두고 있습니다. 현 지배자이신 황제께서는 이 당의 지도부 역할을 하고 계십니다.",
        "stage": 1,
        "context": null
    },
    {
        "key": "PNG_reeducation:0",
        "original": "Re-education Program",
        "translation": "인민 재교육",
        "stage": 1,
        "context": null
    },
    {
        "key": "PNG_reeducation_desc:0",
        "original": "In order to unite the country further, a re-education program has been put in place to make everyone follow true communist ideals.",
        "translation": "우리 공화국을 더욱 단결시키기 위해, 모든 인민들이 진정한 공산주의 사상을 따르도록 하는 재교육 프로그램이 시행되었습니다.",
        "stage": 1,
        "context": null
    },
    {
        "key": "PNG_workers_council:0",
        "original": "Workers Council",
        "translation": "노동위원회",
        "stage": 1,
        "context": null
    },
    {
        "key": "PNG_workers_council_desc:0",
        "original": "Workers Councils have been established all over the country, giving the people more power over themselves.",
        "translation": "노동위원회가 전국에 설치돼 인민에게 더 많은 권한을 부여하고 있습니다.",
        "stage": 1,
        "context": null
    },
    {
        "key": "PNG_penguin_army:0",
        "original": "Black and Red Army",
        "translation": "붉은 군대",
        "stage": 1,
        "context": null
    },
    {
        "key": "PNG_penguin_army_desc:0",
        "original": "A Nation must defend itself, and with the Black and Red army, we can defend our nation fully.",
        "translation": "우리는 우리스스로를 방어해야 합니다. 이젠 붉은 군대로 우리들은 우리 공화국을 완전히 방어할 수 있습니다.",
        "stage": 1,
        "context": null
    },
    {
        "key": "PNG_empowered_king:0",
        "original": "Empowered King",
        "translation": "왕 아래 의회",
        "stage": 1,
        "context": null
    },
    {
        "key": "PNG_empowered_king_desc:0",
        "original": "With new decrees, the king has given himself more power.",
        "translation": "새로운 법률로 왕은 자신에게 더 많은 권력을 부여했습니다.",
        "stage": 1,
        "context": null
    },
    {
        "key": "PNG_griffon_rights:0",
        "original": "Griffon Rights",
        "translation": "그리폰의 권리",
        "stage": 1,
        "context": null
    },
    {
        "key": "PNG_griffon_rights_desc:0",
        "original": "Griffons have long been second class citizens, but with this law, griffons inside our country enjoy the same rights as every penguin does.",
        "translation": "그리폰들은 오랫동안 이류 시민이었지만, 이 법으로 우리 나라의 그리폰들은 모든 펭귄이 누리는 것과 같은 권리를 누릴 것입니다.",
        "stage": 1,
        "context": null
    },
    {
        "key": "PNG_equestrian_advisors:0",
        "original": "Equestrian Advisors",
        "translation": "이퀘스트리아 조언자들",
        "stage": 1,
        "context": null
    },
    {
        "key": "PNG_equestrian_advisors_desc:0",
        "original": "Equestrian advisors have been invited into our court, and with them they bring new ideas and ways to run the country.",
        "translation": "이퀘스트리아 조언자들이 우리 궁정에 초청되었고, 그들과 함께 나라를 운영할 새로운 아이디어와 방법을 토론합니다.",
        "stage": 1,
        "context": null
    },
    {
        "key": "PNG_recruitment_campaign:0",
        "original": "Military Recruitment Campaign",
        "translation": "군 모집 캠페인",
        "stage": 1,
        "context": null
    },
    {
        "key": "PNG_recruitment_campaign_desc:0",
        "original": "In order to secure the future of the Black and White storm, we must have a strong and powerful military to stand against Griffon Imperialists.",
        "translation": "우리 제국의 미래를 위해서는 그리폰 제국주의자들과 맞설 강력하고 강력한 군대가 있어야 합니다.",
        "stage": 1,
        "context": null
    },
    {
        "key": "PNG_penguin_republic:0",
        "original": "The Penguins' Republic",
        "translation": "핑랜드 공화국",
        "stage": 1,
        "context": null
    },
    {
        "key": "PNG_penguin_republic_desc:0",
        "original": "",
        "translation": "",
        "stage": -1,
        "context": null
    },
    {
        "key": "PNG_limited_monarchy:0",
        "original": "Restricted Monarchy",
        "translation": "제한 군주제",
        "stage": 1,
        "context": null
    },
    {
        "key": "PNG_limited_monarchy_desc:0",
        "original": "",
        "translation": "",
        "stage": -1,
        "context": null
    },
    {
        "key": "PNG_idea_penguin_harmony:0",
        "original": "Together in Harmony",
        "translation": "조화 속의 통합",
        "stage": 1,
        "context": null
    },
    {
        "key": "PNG_idea_penguin_harmony_desc:0",
        "original": "",
        "translation": "",
        "stage": -1,
        "context": null
    },
    {
        "key": "PNG_winter_warriors:0",
        "original": "Arctic Warriors",
        "translation": "남극의 전사",
        "stage": 1,
        "context": null
    },
    {
        "key": "PNG_winter_warriors_desc:0",
        "original": "Penguins are well suited to fighting in extreme cold environments. Wherever it's frozen and covered in ice, penguins will excel there.",
        "translation": "펭귄은 극한의 추운 환경에서 아주 잘 싸울수 있습니다. 얼음이 얼고 얼음이 덮인 곳이라면, 그곳은 펭귄만의 사냥터가 될 것입니다.",
        "stage": 1,
        "context": null
    },
    {
        "key": "penguin.1.t:0",
        "original": "The Summit at Dachaigh",
        "translation": "다차이 회담",
        "stage": 1,
        "context": null
    },
    {
        "key": "penguin.1.d:0",
        "original": "After almost 4 years in power, King Lolo is nearing the end of his lifespan. The particular breed of penguin he belongs to is a short lived and weak one, but despite this Lolo has proved himself as an amazing and capable leader. Sadly, his time is fast approaching, and before he sets off to join our ancestors in the great beyond, he must first make a decision. Who shall rule after his death? King Lolo has produced no heirs, so he and his council must decide on who shall inherit the throne after he is gone.",
        "translation": "거의 4년간의 재위 이후 로로왕은 생의 막바지에 접어들고 있습니다. 그가 속한 특별한 펭귄종은 약하고 수명이 짧지만, 로로왕은 계속 유능한 리더임을 증명해 왔습니다. 애석하게도, 그의 시대는 빠르게 지나가고 있습니다. 로로왕이 위대한 저 너머에서 우리의 조상들을 만나기 전에, 그는 결정을 내려야 합니다. 그가 죽은 뒤에 누가 나라를 다스려야 할까요? 로로왕은 어떠한 자식도 만들지 않았으므로 왕과 그의 내각은 그의 죽음 이후 누가 왕위에 오를지 결정을 내려야 합니다.",
        "stage": 1,
        "context": null
    },
    {
        "key": "penguin.1.a:0",
        "original": "Show me the list of Candidates.",
        "translation": "후보목록을 주거라.",
        "stage": 1,
        "context": null
    },
    {
        "key": "penguin.2.t:0",
        "original": "The Candidates",
        "translation": "후보자들",
        "stage": 1,
        "context": null
    },
    {
        "key": "penguin.2.d:0",
        "original": "The great list of candidates has been pulled out and shown to the council, and together they have decided on the best two candidates they could find. The first candidate is Hindrik Aberg, a relatively young penguin hailing from the Nithean province. The second candidate is Orvar Njordin, a radical from the inner city of Dachaigh. ",
        "translation": "훌륭한 후보자 명단이 뽑혀 의회에 보내졌고, 최고의 후보자 두 명을 결정했습니다. 첫 번째 후보는 힌드릭 애버그로 니테안 출신의 비교적 어린 펭귄입니다. 두 번째 후보는 오버 노르딘으로 다차이 출신 급진파입니다.",
        "stage": 1,
        "context": null
    },
    {
        "key": "penguin.2.a:0",
        "original": "Show me more about Hindrik Aberg.",
        "translation": "힌드릭 애버그에 대해 더 알고 싶구나",
        "stage": 1,
        "context": null
    },
    {
        "key": "penguin.2.b:0",
        "original": "Show me more about Orvar Njordin.",
        "translation": "오버 노르딘에 대해 더 알고 싶구나",
        "stage": 1,
        "context": null
    },
    {
        "key": "penguin.3.t:0",
        "original": "Hindrik Aberg",
        "translation": "힌드릭 애버그",
        "stage": 1,
        "context": null
    },
    {
        "key": "penguin.3.d:0",
        "original": "Hindrek Aberg was born in the Nithean province to a small noble family, he received the best education he could possibly get, even being sent to a school in the Crystal Empire to get his education. Your council members inform you that he is a rather hopeful and naive penguin, believing in the Equestrians ideal of peace and harmony. ",
        "translation": "힌드렉 애버그는 니테안의 작은 귀족 가정에서 태어났습니다. 그는 핑랜드 최고의 교육을 받았으며, 크리스탈 왕국의 학교에 보내져 다른 교육도 받았습니다. 당신의 의회원들은 그가 평화와 조화의 이퀘스트리아인들의 사상을 믿으면서 희망적이고 순진한 펭귄이라는 것을 알려줍니다.",
        "stage": 1,
        "context": null
    },
    {
        "key": "penguin.3.a:0",
        "original": "He shall be the new King.",
        "translation": "그가 새로운 왕이 될 것이니라",
        "stage": 1,
        "context": null
    },
    {
        "key": "penguin.3.b:0",
        "original": "Bring me the  list again.",
        "translation": "후보목록을 다시 가져오거라",
        "stage": 1,
        "context": null
    },
    {
        "key": "penguin.4.t:0",
        "original": "Orvar Njordin",
        "translation": "오버 노르딘",
        "stage": 1,
        "context": null
    },
    {
        "key": "penguin.4.d:0",
        "original": "Orvar Njordin is a rather peculiar choice from the council. He is an excellent statesmen and has brought prosperity to the city of Dachaigh many times by introducing new reforms and such, on the downside he is perhaps one of the most radical penguins in the kingdom. He has been seen attending supremacist groups, a recent thing in Dachaigh, and has even been heard saying rather racist remarks regarding the polar bears and even the griffons.",
        "translation": "오버 노르딘은 의회에서 꽤 특이한 임명이었습니다. 그는 훌륭한 정치가로서, 새로운 개혁들을 도입하여 다차이 시에 큰 번영을 가져다 주었습니다, 단점으로는 그는 아마도 왕국에서 가장 극단적인 펭귄 중 한 명일 것이라는 겁니다. 그는 다차이 시에서 최근 생겨난 우월주의 모임에 참석하는 것을 보았고, 심지어 북극곰들과 그리폰들에게 종족차별적인 발언을 하는 것이 목격되었습니다.",
        "stage": 1,
        "context": null
    },
    {
        "key": "penguin.4.a:0",
        "original": "He shall be the new King.",
        "translation": "그가 새로운 왕이 될 것이니라",
        "stage": 1,
        "context": null
    },
    {
        "key": "penguin.4.b:0",
        "original": "Bring me the list again.",
        "translation": "후보목록을 다시 가져오거라",
        "stage": 1,
        "context": null
    },
    {
        "key": "penguin.5.t:0",
        "original": "Request from Pingland",
        "translation": "북쪽 펭귄들의 요청",
        "stage": 1,
        "context": null
    },
    {
        "key": "penguin.5.d:0",
        "original": "Fellow Communists up north have asked for a guarantee from us, in order to protect themselves from the Nova Griffonian threat.",
        "translation": "북쪽의 공산주의자들이 노바 그리포니아의 위협으로부터 우리에게 도움을 요청했습니다.",
        "stage": 1,
        "context": null
    },
    {
        "key": "penguin.5.a:0",
        "original": "Grant their request.",
        "translation": "그들의 요구를 들어주어라",
        "stage": 1,
        "context": null
    },
    {
        "key": "penguin.5.b:0",
        "original": "Decline.",
        "translation": "안된다!",
        "stage": 1,
        "context": null
    },
    {
        "key": "penguin.6.t:0",
        "original": "Stalliongrad Accepted",
        "translation": "스탈리온그라드의 동맹 수락",
        "stage": 1,
        "context": null
    },
    {
        "key": "penguin.6.d:0",
        "original": "Stalliongrad has accepted our request and now guarantee's us. We are now safe from any non-communist threat!",
        "translation": "스탈리온그라드는 우리의 요청을 받아들였고 이제 우리와 뜻을 같이하게되었습니다. 우리는 이제 어떠한 위협으로부터 안전할 것입니다.",
        "stage": 1,
        "context": null
    },
    {
        "key": "penguin.6.a:0",
        "original": "Wonderful.",
        "translation": "공산주의 만세!",
        "stage": 1,
        "context": null
    },
    {
        "key": "penguin.7.t:0",
        "original": "Stalliongrad Declined",
        "translation": "스탈리온그라드의 동맹 거절",
        "stage": 1,
        "context": null
    },
    {
        "key": "penguin.7.d:0",
        "original": "Stalliongrad has sadly declined our request, and we are left unprotected against the Griffon threat. Our future is now uncertain.",
        "translation": "슬프게도 스탈리온그라드는 우리의 요청을 거절했고, 우리는 그리폰의 위협에 무방비 상태로 남겨지게되었습니다. 우리의 미래는 어떻게될지 불확실합니다.",
        "stage": 1,
        "context": null
    },
    {
        "key": "penguin.7.a:0",
        "original": "Damn.",
        "translation": "이런",
        "stage": 1,
        "context": null
    },
    {
        "key": "penguin.8.t:0",
        "original": "Invitation to the Northern Pact",
        "translation": "북방 조약으로의 초대",
        "stage": 1,
        "context": null
    },
    {
        "key": "penguin.8.d:0",
        "original": "The penguins in the north have asked us to join their newly created faction, the Northern Pact. Should we join?",
        "translation": "북쪽 펭귄들은 우리에게 그들이 새로만든 북방 조약에 동참해 달라고 부탁했습니다. 참여하시겠습니까?",
        "stage": 1,
        "context": null
    },
    {
        "key": "penguin.8.a:0",
        "original": "Join.",
        "translation": "참여한다",
        "stage": 1,
        "context": null
    },
    {
        "key": "penguin.8.b:0",
        "original": "Decline.",
        "translation": "거절한다",
        "stage": 1,
        "context": null
    },
    {
        "key": "penguin.9.t:0",
        "original": "Yaks Join the Pact",
        "translation": "야크야키스탄 왕국의 북방 조약 참여",
        "stage": 1,
        "context": null
    },
    {
        "key": "penguin.9.d:0",
        "original": "The Yaks have agreed to join the Northern Pact. ",
        "translation": "야크야키스탄 왕국과 우리는 북방 조약으로 하나가 되었습니다!",
        "stage": 1,
        "context": null
    },
    {
        "key": "penguin.9.a:0",
        "original": "Great!",
        "translation": "좋아!",
        "stage": 1,
        "context": null
    },
    {
        "key": "penguin.10.t:0",
        "original": "Yaks Decline",
        "translation": "야크야키스탄 왕국의 거절",
        "stage": 1,
        "context": null
    },
    {
        "key": "penguin.10.d:0",
        "original": "The Yaks have politely declined to join the Northern Pact.",
        "translation": "야크야키스탄 왕국은 북방 조약에 가입하기를 정중히 거절하였습니다.",
        "stage": 1,
        "context": null
    },
    {
        "key": "penguin.10.a:0",
        "original": "Damn.",
        "translation": "이런",
        "stage": 1,
        "context": null
    },
    {
        "key": "penguin.11.t:0",
        "original": "Invitation to the Northern Pact",
        "translation": "북방 조약으로의 초대",
        "stage": 1,
        "context": null
    },
    {
        "key": "penguin.11.d:0",
        "original": "The penguins in the north have asked us to join their newly created faction, the Northern Pact. Should we join?",
        "translation": "북쪽 펭귄들은 우리에게 그들이 새로만든 북방 조약에 동참해 달라고 부탁했습니다. 참여하시겠습니까?",
        "stage": 1,
        "context": null
    },
    {
        "key": "penguin.11.a:0",
        "original": "Join.",
        "translation": "참여한다",
        "stage": 1,
        "context": null
    },
    {
        "key": "penguin.11.b:0",
        "original": "Decline.",
        "translation": "거절한다",
        "stage": 1,
        "context": null
    },
    {
        "key": "penguin.12.t:0",
        "original": "Polar Bears Join the Pact",
        "translation": "북극곰 공동체의 북방 조약 참여",
        "stage": 1,
        "context": null
    },
    {
        "key": "penguin.12.d:0",
        "original": "The Polar Bears have agreed to join the Northern Pact!",
        "translation": "북극곰 공동체는 이제부터 우리와 같은 길을 걸을 것입니다!",
        "stage": 1,
        "context": null
    },
    {
        "key": "penguin.12.a:0",
        "original": "Great!",
        "translation": "좋아!",
        "stage": 1,
        "context": null
    },
    {
        "key": "penguin.13.t:0",
        "original": "Polar Bears Decline",
        "translation": "북극곰 공동체의 거절",
        "stage": 1,
        "context": null
    },
    {
        "key": "penguin.13.d:0",
        "original": "The Polar Bears have politely declined to join the Northern Pact.",
        "translation": "북극곰 공동체는 우리와의 조약을 거절하였습니다.",
        "stage": 1,
        "context": null
    },
    {
        "key": "penguin.13.a:0",
        "original": "Damn.",
        "translation": "이런",
        "stage": 1,
        "context": null
    },
    {
        "key": "penguin.14.t:0",
        "original": "Invitation to the Northern Pact",
        "translation": "북방 조약으로의 초대",
        "stage": 1,
        "context": null
    },
    {
        "key": "penguin.14.d:0",
        "original": "The penguins in the north have asked us to join their newly created faction, the Northern Pact. Should we join?",
        "translation": "북쪽 펭귄들은 우리에게 그들이 새로만든 북방 조약에 동참해 달라고 부탁했습니다. 참여하시겠습니까?",
        "stage": 1,
        "context": null
    },
    {
        "key": "penguin.14.a:0",
        "original": "Join.",
        "translation": "참여한다",
        "stage": 1,
        "context": null
    },
    {
        "key": "penguin.14.b:0",
        "original": "Decline.",
        "translation": "거절한다",
        "stage": 1,
        "context": null
    },
    {
        "key": "penguin.15.t:0",
        "original": "Nova Griffonia Joins the Pact",
        "translation": "노바 그리포니아의 북방 조약 참여",
        "stage": 1,
        "context": null
    },
    {
        "key": "penguin.15.d:0",
        "original": "Nova Griffonia has agreed to join the Northern Pact!",
        "translation": "노바 그리포니아는 우리의 북방 조약에 참여하기로 한것 같습니다!",
        "stage": 1,
        "context": null
    },
    {
        "key": "penguin.15.a:0",
        "original": "Great!",
        "translation": "좋아!",
        "stage": 1,
        "context": null
    },
    {
        "key": "penguin.16.t:0",
        "original": "Nova Griffonia Declines",
        "translation": "노바 그리포니아의 거절",
        "stage": 1,
        "context": null
    },
    {
        "key": "penguin.16.d:0",
        "original": "Nova Griffonia has politely declined to join the Pact.",
        "translation": "노바 그리포니아에는 북방 조약에 가입하지 않겠다는 의견이 많은것 같습니다.",
        "stage": 1,
        "context": null
    },
    {
        "key": "penguin.16.a:0",
        "original": "Damn.",
        "translation": "이런",
        "stage": 1,
        "context": null
    },
    {
        "key": "penguin.17.t:0",
        "original": "Request from Pingland",
        "translation": "북쪽 펭귄들의 요청",
        "stage": 1,
        "context": null
    },
    {
        "key": "penguin.17.d:0",
        "original": "The penguins in the north have requested a guarantee from us, claiming that they aren't able to properly defend against the many threats up north. Guaranteeing them would protect one of the few bastions of Harmony in the frozen north.",
        "translation": "북쪽 펭귄들이 북쪽에 있는 많은 위협으로부터 제대로 방어할 수 없다고 주장하면서 우리에게 보장을 요청했습니다, 그들의 주장은 얼어붙은 북쪽에 있는 하모니 요새 중 하나를 보호하는 것입니다.",
        "stage": 1,
        "context": null
    },
    {
        "key": "penguin.17.a:0",
        "original": "Grant their Request.",
        "translation": "그들의 요구를 들어주어라.",
        "stage": 1,
        "context": null
    },
    {
        "key": "penguin.17.b:0",
        "original": "Decline.",
        "translation": "거절한다",
        "stage": 1,
        "context": null
    },
    {
        "key": "penguin.18.t:0",
        "original": "[From.GetName] Guarantees us!",
        "translation": "[From.GetName]은 우리를 보장한다!",
        "stage": 1,
        "context": null
    },
    {
        "key": "penguin.18.d:0",
        "original": "Today is a great day, for the [From.GetAdjective] government has granted us our request and have guaranteed us.",
        "translation": "오늘은 아주 좋은 날입니다. [From.GetAdjective]정부는 우리의 요구를 들어주었고 우리를 보장해 줄 것입니다!",
        "stage": 1,
        "context": null
    },
    {
        "key": "penguin.18.a:0",
        "original": "I feel safer already.",
        "translation": "우리는 이미 안전하다고 생각한다",
        "stage": 1,
        "context": null
    },
    {
        "key": "penguin.19.t:0",
        "original": "[From.GetName] Declines",
        "translation": "[From.GetName]의 거절",
        "stage": 1,
        "context": null
    },
    {
        "key": "penguin.19.d:0",
        "original": "Sadly, for reasons unknown, the [From.GetAdjective] government has declined our request.",
        "translation": "슬프게도, 무엇인지 모를 이유로 [From.GetAdjective]정부는 우리의 요구를 들어주지 않을 것을 선포했습니다.",
        "stage": 1,
        "context": null
    },
    {
        "key": "penguin.19.a:0",
        "original": "Oh no!",
        "translation": "안돼!",
        "stage": 1,
        "context": null
    },
    {
        "key": "penguin.21.t:0",
        "original": "A Communist Uprising!",
        "translation": "공산당들의 다차이 쿠데타",
        "stage": 1,
        "context": null
    },
    {
        "key": "penguin.21.d:0",
        "original": "Reports of revolts have been popping up all around the city of Dachaigh, the rebels calling for a revolution! What should we do?",
        "translation": "공산당원들의 반란이 다차이 시 전역에서 일어났다는 보고가 쏟아지고 있습니다! 어떡합니까?",
        "stage": 1,
        "context": null
    },
    {
        "key": "penguin.21.a:0",
        "original": "Crush them.",
        "translation": "그들을 짓밟아라",
        "stage": 1,
        "context": null
    },
    {
        "key": "penguin.21.b:0",
        "original": "Ignore them, they're unimportant.",
        "translation": "무시해라, 그들은 결코 우리 제국을 붉게 물들이지 못할 것이다",
        "stage": 1,
        "context": null
    },
    {
        "key": "PNG_infrastructure:0",
        "original": "Infrastructure",
        "translation": "기초 기반시설",
        "stage": 1,
        "context": null
    },
    {
        "key": "PNG_infrastructure_desc:0",
        "original": "Before we can begin any of our grand plans to improve the nation, we must first lay down some starting infrastructure.",
        "translation": "우리의 국가를 위한 웅장한 계획을 시작하기전, 먼저 우리는 기반시설을 마련해야합니다.",
        "stage": 1,
        "context": null
    },
    {
        "key": "PNG_oil:0",
        "original": "Northern Oil",
        "translation": "북쪽해안의 석유",
        "stage": 1,
        "context": null
    },
    {
        "key": "PNG_oil_desc:0",
        "original": "The icy coast up north is full of large reservoirs of Oil, it's high time we start using it for something.",
        "translation": "북쪽의 얼어붙은 해안은 많은 양의 석유로 가득 차있습니다, 이제 그것을 사용할 때입니다.",
        "stage": 1,
        "context": null
    },
    {
        "key": "PNG_steel:0",
        "original": "Mountain Steel",
        "translation": "산속의 강철",
        "stage": 1,
        "context": null
    },
    {
        "key": "PNG_steel_desc:0",
        "original": "Deep within the mountain are large deposits of minerals that we have yet to tap, constructing some mines in the area should provide us with more resources than we know what to do with.",
        "translation": "산 깊숙한곳에는 우리가 아직 캐지못한 강철이 많이 묻혀있습니다. 그곳에 광산을 건설하는것은 우리가 무엇을 해야하는지 생각하는것보다 더 많은 자원을 제공할 것입니다.",
        "stage": 1,
        "context": null
    },
    {
        "key": "PNG_crystals:0",
        "original": "Mountain Crystals",
        "translation": "산속의 크리스탈",
        "stage": 1,
        "context": null
    },
    {
        "key": "PNG_crystals_desc:0",
        "original": "While we don't have any uses for Crystal's just yet, but many other nations need quite a lot of it. Selling it off for profit is the best thing we can do with it now.",
        "translation": "우리는 아직 크리스탈을 사용하지 않지만, 다른 국가들은 많은 크리스탈이 필요합니다. 크리스탈을 파는것은 지금 우리가 할수있는 최고의 방법입니다.",
        "stage": 1,
        "context": null
    },
    {
        "key": "PNG_transform:0",
        "original": "Roads!",
        "translation": "도로!",
        "stage": 1,
        "context": null
    },
    {
        "key": "PNG_transform_desc:0",
        "original": "Roads are an important thing for any nation that wants to get things done quickly and function effectively. We've already started laying down some very basic infrastructure, and constructing roads will only improve it further.",
        "translation": "도로는 빠르고 효율적인 일을 하는 모든 국가에서 중요한것입니다. 우리는 이미 기본적인 기반시설을 마련하기 시작했으며, 도로를 만들면 더 개선시킬수 있을것입니다.",
        "stage": 1,
        "context": null
    },
    {
        "key": "PNG_science1:0",
        "original": "Research Labs",
        "translation": "Dachaigh 연구소",
        "stage": 1,
        "context": null
    },
    {
        "key": "PNG_science1_desc:0",
        "original": "One of the first proper research labs should be constructed in the capital, we can't get any further without it.",
        "translation": "제대로 된 연구소 하나쯤은 수도에 건설되어야 합니다. 그것없이는 더이상 나아갈 수 없습니다.",
        "stage": 1,
        "context": null
    },
    {
        "key": "PNG_civ_factory:0",
        "original": "Expand Civilian Industry",
        "translation": "민간 산업 확장",
        "stage": 1,
        "context": null
    },
    {
        "key": "PNG_civ_factory_desc:0",
        "original": "Nithean Talamh Ard is quickly becoming one of most industrious states, expanding the civilian industry there will allow it to prosper further.",
        "translation": "니테안탈람아드은 가장 산업화가 빠르게 이루어지고 있는 곳 중 하나입니다.그곳에 민간 산업을 확장시켜 산업이 더욱 번창할 수 있도록 해야합니다.",
        "stage": 1,
        "context": null
    },
    {
        "key": "PNG_mil_factory:0",
        "original": "Expand Military Industry",
        "translation": "군수 산업 확장",
        "stage": 1,
        "context": null
    },
    {
        "key": "PNG_mil_factory_desc:0",
        "original": "Nova Griffonia has become an even greater threat in recent times, and with another factory dedicated to producing military equipment, we can better protect ourselves from threats.",
        "translation": "노바 그리포니아는 최근들어 군수 공장으로 우리에게 훨신 큰 위협이 되었습니다, 우리는 그 위협으로부터 스스로를 보호해야합니다.",
        "stage": 1,
        "context": null
    },
    {
        "key": "PNG_infrastructure2:0",
        "original": "Mining Towns",
        "translation": "니테안 광산도시",
        "stage": 1,
        "context": null
    },
    {
        "key": "PNG_infrastructure2_desc:0",
        "original": "Large towns have begun to spring up around mining facilities, we should help in their construction.",
        "translation": "광산 주위에서 대도시들이 생겨나기 시작했습니다, 우리는 광산 산업을 지원해야합니다",
        "stage": 1,
        "context": null
    },
    {
        "key": "PNG_science2:0",
        "original": "Dachaigh University",
        "translation": "다차이 대학교",
        "stage": 1,
        "context": null
    },
    {
        "key": "PNG_science2_desc:0",
        "original": "Dachaigh has become our nations greatest centre of science, an expansion of the current labs we have there will make it one of the greatest cities in the north.",
        "translation": "다차이는 우리 국가의 주요한 과학 중심지가 되었습니다. 대학교를 건설하는 것은 다차이가 북쪽의 주요한 도시가 되게 할 것입니다.",
        "stage": 1,
        "context": null
    },
    {
        "key": "PNG_civ_factory2:0",
        "original": "Expand Mining Towns",
        "translation": "광산도시 확장",
        "stage": 1,
        "context": null
    },
    {
        "key": "PNG_civ_factory2_desc:0",
        "original": "Turning the mining towns that have sprung up into thriving industrial centres should double the nations production capabilities!",
        "translation": "번창하는 산업중심지로 발돋움한 광산도시를 바꾸는것은 국가 생산량을 두 배 증가시킬 것입니다!",
        "stage": 1,
        "context": null
    },
    {
        "key": "PNG_mil_factory2:0",
        "original": "Gun Factories",
        "translation": "총기 공장",
        "stage": 1,
        "context": null
    },
    {
        "key": "PNG_mil_factory2_desc:0",
        "original": "A proper factory dedicated to producing solely weaponry should allow for us to equip our military even further.",
        "translation": "무기생산에만 전념하는 공장은 우리 군대가 장비를 더 많이 갖추도록 할 것입니다.",
        "stage": 1,
        "context": null
    },
    {
        "key": "PNG_transform2:0",
        "original": "Attract Foreign Investors",
        "translation": "외국 투자자 모집",
        "stage": 1,
        "context": null
    },
    {
        "key": "PNG_transform2_desc:0",
        "original": "With more resources still left untapped, and a growing economy, attracting some foreign businessmen to our nation should give us the right amount of kick we need to become an even greater nation.",
        "translation": "더 많은 자원이 남아있고, 경제가 성장하고 있는 상태에서 외국 기업인들을 우리나라에 끌어들이는 것은 우리가 더욱 큰 나라가 될 수 있는 기회입니다.",
        "stage": 1,
        "context": null
    },
    {
        "key": "PNG_complete_industrialization:0",
        "original": "Complete Industrialisation",
        "translation": "완전한 산업화",
        "stage": 1,
        "context": null
    },
    {
        "key": "PNG_complete_industrialization_desc:0",
        "original": "Today, we are no longer some backwater nation. We are no longer a force that can be dealt with easily.",
        "translation": "이제, 우리는 더 이상 약소국이 아닙니다. 그리고 우리는 더 이상 쉽게 대적할 수 있는 세력이 아닙니다.",
        "stage": 1,
        "context": null
    },
    {
        "key": "PNG_summit_at_dachaigh:0",
        "original": "Summit at Dachaigh",
        "translation": "다차이 회담",
        "stage": 1,
        "context": null
    },
    {
        "key": "PNG_summit_at_dachaigh_desc:0",
        "original": "Time of our King is fast approaching, before he sets off to join our ancestors in the great beyond, he must first make a decision. Who shall rule after his death? King has produced no heirs, so he and his council must decide on who shall inherit the throne after he is gone.",
        "translation": "새로운 왕의 시대가 빠르게 다가오고 있습니다. 로로왕이 죽기전에, 결정을 해야합니다. 그은 후계자를 선정하지 않았고, 그와 그의 의회는 누가 왕위를 물려받을 것인지 정해야합니다.",
        "stage": 1,
        "context": null
    },
    {
        "key": "PNG_king_aberg:0",
        "original": "Appoint Hindrek Aberg As Successor",
        "translation": "힌드릭 애버그 지명",
        "stage": 1,
        "context": null
    },
    {
        "key": "PNG_king_aberg_desc:0",
        "original": "After many days of endless debates and arguments, our venerable King, and his wise council, has decided to appoint Hindrek Aberg as his successor, trusting that young and idealistic leader will lead our state into prosperous future, after our current king will pass away.",
        "translation": "끝없는 토론과 논쟁끝에, 존경하는 우리의 왕과 현명한 의회는 힌드릭 애버그를 그의 후임자로 임명하기로 결정했습니다. 우리의 왕이 세상을 떠난 후에, 그 젊고 이상주의적인 새로운 왕이 우리 국가를 번영하는 미래로 이끌 것이라고 믿습니다.",
        "stage": 1,
        "context": null
    },
    {
        "key": "PNG_peacetime_policies:0",
        "original": "Peacetime Policies",
        "translation": "평화 정책",
        "stage": 1,
        "context": null
    },
    {
        "key": "PNG_peacetime_policies_desc:0",
        "original": "Our state from ancient times has been place where the king and the council decided about everything, today this will change. As we will implement new laws that will decentralise the administration, and change council into a democratic legislative body.",
        "translation": "예로부터 우리 나라는 왕과 의회가 모든 것을 결정한 곳이었습니다. 하지만 오늘 이것이 바뀔것입니다. 행정의 분권화를 위한 새로운 법을 시행하고, 의회를 민주적인 입법기구로 바꿀것입니다.",
        "stage": 1,
        "context": null
    },
    {
        "key": "PNG_dissolve_kings_court:0",
        "original": "Dissolve the King's Court",
        "translation": "킹스 코트 해산",
        "stage": 1,
        "context": null
    },
    {
        "key": "PNG_dissolve_kings_court_desc:0",
        "original": "The king's court is a corrupt group of penguins that hold all the important meetings regarding the future of our nation. We must dissolve this farce of a court immediately, these corrupt penguins must not be allowed to scheme any longer.",
        "translation": "킹스코트는 우리 나라의 미래를 결정하는 회의를 여는 부패한 집단이기 때문에 우리는 이러한 법정의 농단을 즉시 없에야해야합니다, 이 부패한 펭귄들이 음모를 꾸미는 것이 더이상 허용해서는 안됩니다.",
        "stage": 1,
        "context": null
    },
    {
        "key": "PNG_remove_kings_power:0",
        "original": "Remove the King's Power",
        "translation": "테오 말름비스트 ",
        "stage": 1,
        "context": null
    },
    {
        "key": "PNG_remove_kings_power_desc:0",
        "original": "The age of kings is over for [PNG.GetName], it is time to finally remove any power the reigning monarch has. New opportunities await us if we take this course of action.",
        "translation": "[PNG.GetName]의 왕들의 시대는 끝났습니다! 이제는 왕이 가진 모든 권력을 없에야할 때입니다. 우리가 왕정을 몰락시키면, 새로운 기회가 우리를 기다릴것입니다.",
        "stage": 1,
        "context": null
    },
    {
        "key": "PNG_forge_our_own_path:0",
        "original": "Forge Our Own Path",
        "translation": "우리만의 길을 개척하리",
        "stage": 1,
        "context": null
    },
    {
        "key": "PNG_forge_our_own_path_desc:0",
        "original": "We can choose to set our own path, separate from monarchistic and Harmonist views. We are a free people, and we will not allow our liberties to be crushed by a single individual again!",
        "translation": "우리는 독재로부터 독립하여 우리만의 길로 나아가야 합니다. 우리는 자유로운 국민이고 우리는 우리의 자유가 다시 한 개인에 의해 짓밟히는 것을 용납하지 않을 것입니다!",
        "stage": 1,
        "context": null
    },
    {
        "key": "PNG_lessen_kings_power:0",
        "original": "Lessen the King's Power",
        "translation": "왕권 약화",
        "stage": 1,
        "context": null
    },
    {
        "key": "PNG_lessen_kings_power_desc:0",
        "original": "We do not wish to end our old traditions, the king's political power over the nation will be curtailed. He will still play a part in our politics, as he is an important figurehead.",
        "translation": "우리는 전통성있는 우리의 이념을 끝내고 싶지 않습니다. 그리하여 우리는 우리 왕의 왕권을 축소시킬것입니다. 그는 우리나라의 중요한 인물인 만큼 우리 정치에서 필요한 펭귄입니다.",
        "stage": 1,
        "context": null
    },
    {
        "key": "PNG_penguin_harmony:0",
        "original": "Penguin Harmony",
        "translation": "우리가 어떤 민족입니까",
        "stage": 1,
        "context": null
    },
    {
        "key": "PNG_penguin_harmony_desc:0",
        "original": "We are creatures of harmony, are we not? It is time to put aside our differences and work with other species, it is the only way for us to go forward if we seek friendship with our neighbours.",
        "translation": "우리는 화합의 동물입니다, 그렇지 않습니까? 우리는 차이점을 제쳐두고 다른 동물들과 함께 일해야 할때입니다. 우리가 그들과의 우정을 추구하는 것이 우리가 앞으로 나아갈 유일한 방법입니다.",
        "stage": 1,
        "context": null
    },
    {
        "key": "PNG_closer_to_equestria:0",
        "original": "Closer to Equestria",
        "translation": "우리들의 친구 이퀘스트리아",
        "stage": 1,
        "context": null
    },
    {
        "key": "PNG_closer_to_equestria_desc:0",
        "original": "Looking to the south, we see an opportunity to open up diplomatic discourse with [EQS.GetName]. Our nations will grow closer with the establishment of these political ties.",
        "translation": "남쪽을 보십시오. 우리는 [EQS.GetName]와 외교적 담화을 할 기회를 봐야합니다. 우리 나라는 이퀘스트리아와의 유대관계 확립과 함께 더욱 가까워질 것입니다.",
        "stage": 1,
        "context": null
    },
    {
        "key": "PNG_equestrian_guarantee:0",
        "original": "An Equestrian Guarantee",
        "translation": "이퀘스트리아의 독립 보장",
        "stage": 1,
        "context": null
    },
    {
        "key": "PNG_equestrian_guarantee_desc:0",
        "original": "We must look to the south once more, we are incapable of defending our values of harmony from the other nations of the north. We should request a guarantee from [EQS.GetName], surely [EQS.GetLeader] will understand our plight.",
        "translation": "우리는 북쪽의 나라들로부터 우리만의 조화의 가치를 지킬 능력이 없습니다. 그러므로 우리는 [EQS.GetName]에 독립 보장을 요청해야합니다. 분명 [EQS.GetName]의 [EQS.GetLeader]는 우리의 사정을 이해할것입니다.",
        "stage": 1,
        "context": null
    },
    {
        "key": "PNG_pact_against_griffonia:0",
        "original": "Pact Against Griffonia",
        "translation": "북방 조약",
        "stage": 1,
        "context": null
    },
    {
        "key": "PNG_pact_against_griffonia_desc:0",
        "original": "[GRF.GetName] has always had their eyes on our small nation, we are but a target of conquest for them. It is time to change the status quo, and form a pact with our neighbours.",
        "translation": "[GRF.GetName]는 항상 작은 우리 나라를 주시해왔습니다. 우리는 그들이 정복해야할 땅으로 밖에 보이지 않았을것입니다. 이제는 [GRF.GetName]과 조약을 맺어 현재상황을 바꿀 때입니다.",
        "stage": 1,
        "context": null
    },
    {
        "key": "PNG_invite_the_yaks:0",
        "original": "Invite the Yaks",
        "translation": "야크야키스탄 왕국 초대",
        "stage": 1,
        "context": null
    },
    {
        "key": "PNG_invite_the_yaks_desc:0",
        "original": "The Yaks of the southwest do not see eye to eye with many of the big southern nations. Perhaps an invitation to a northern political union would sway their interest, a pact to defend the people and the interests of the north.",
        "translation": "서남부의 [YAK.GetName] 남쪽의 많은 나라들과 의견이 맞지 않습니다. 아마도 북방 동물들과 북방의 이익을 수호하기 위한 북방 조약에 그들을 초대하는 것이 그들의 관심을 흔들것입니다.",
        "stage": 1,
        "context": null
    },
    {
        "key": "PNG_invite_the_bears:0",
        "original": "Invite the Polar Bears",
        "translation": "북극곰 공동체 초대",
        "stage": 1,
        "context": null
    },
    {
        "key": "PNG_invite_the_bears_desc:0",
        "original": "The bears to the West border [CHN.GetName], a large and powerful nation which threatens their independence. We should invite them to our pact, so that we may stand together against those that would see us subjugated.",
        "translation": "곰들은 서부에서 거대하고 강한 국가인 체인질링 여왕국과 국경을 맞대고 있으며 체인질링들은 곰들의 주권을 위협하고 있습니다. 곰들을 우리의 협약체에 초대함으로써 우리들의 굴종을 원하는 자들에게 맞서 싸울 수 있을 것입니다.",
        "stage": 1,
        "context": null
    },
    {
        "key": "PNG_friendship_with_griffonia:0",
        "original": "Friendship with Griffonia",
        "translation": "그리포니아와의 우정",
        "stage": 1,
        "context": null
    },
    {
        "key": "PNG_friendship_with_griffonia_desc:0",
        "original": "We can invite [GRF.GetName] into our alliance, so much more can be gained if our nations worked together on matters concerning the future.",
        "translation": "우리는 [GRF.GetName]을 우리의 조약에 초대 할 수 있습니다. 그래서 우리 나라들이 미래에 관한 문제에 협력한다면 훨씬 많은 것을 얻을 수 있을 것입니다.",
        "stage": 1,
        "context": null
    },
    {
        "key": "PNG_northern_pact:0",
        "original": "Establish Northern Pact",
        "translation": "북방 조약 체결",
        "stage": 1,
        "context": null
    },
    {
        "key": "PNG_northern_pact_desc:0",
        "original": "By establishing a new Harmonious alliance, we can guarantee safe future for us, and for any of our current allies here in the north.",
        "translation": "새롭게 조화로운 동맹을 만로써, 우리는 우리와 여기 북쪽에 있는 우리의 동맹국들에게 안전한 미래를 보장할 것 입니다.",
        "stage": 1,
        "context": null
    },
    {
        "key": "PNG_friendship_with_nova_griffonia:0",
        "original": "Friendship With Nova Griffonia",
        "translation": "노바 그리포니아와의 우정",
        "stage": 1,
        "context": null
    },
    {
        "key": "PNG_friendship_with_nova_griffonia_desc:0",
        "original": "Since we established rights for griffons, we found quite unlikely friends in the Nova Griffonia government, by inviting them to our pact, we could together face any disharmonious threat.",
        "translation": "그리폰들의 권리를 확립한 이후, 노바 그리포니아 정부에서 우리와 뜻이 같은 친구들을 찾았습니다. 그들을 우리의 협정에 초대함으로써, 우리는 어떠한 부조화의 위협에 대적할 수 있을 것입니다.",
        "stage": 1,
        "context": null
    },
    {
        "key": "PNG_king_njordin:0",
        "original": "Appoint Orvar Njordin As A New Successor",
        "translation": "오버 노르딘 지명",
        "stage": 1,
        "context": null
    },
    {
        "key": "PNG_king_njordin_desc:0",
        "original": "After many days of endless debates and arguments, support of the king and the council seems to be behind Orvar Njordin, but many council members still is against him. But non the less, with difference of few votes, and vote of king himself, Orvar has been appointed as a successor. But it seems that his rule will start quite fragile.",
        "translation": "끝없는 토론과 논쟁끝에, 우리의 왕과 의회는 오버 노르딘을 지지하였습니다. 하지만 여전히 몇 의원들은 아직도 그의 지명을 반대합니다. 그의 통치는 꽤 흔들리기 시작할 것 같습니다.",
        "stage": 1,
        "context": null
    },
    {
        "key": "PNG_secure_military_support:0",
        "original": "Secure Loyalty Of The Army",
        "translation": "우리의 황제에게 충성을!",
        "stage": 1,
        "context": null
    },
    {
        "key": "PNG_secure_military_support_desc:0",
        "original": "Seeing how even now many council members and statesman from all over country is undermining our new king support, he wisely has decided to secure loyalty of our army.",
        "translation": "지금도 전국 각지의 의원들이 새로운 우리의 왕에게 불만을 표하고 있습니다. 그는 현명하게 우리의 군대의 충성심을 확보하기로 결정했습니다.",
        "stage": 1,
        "context": null
    },
    {
        "key": "PNG_anti_griffon_laws:0",
        "original": "Pass Anti-Griffon Laws",
        "translation": "그리폰 추방법 제정",
        "stage": 1,
        "context": null
    },
    {
        "key": "PNG_anti_griffon_laws_desc:0",
        "original": "Griffons had enjoyed resources of our land, and respect from our state without giving anything back for far too long, by passing a new series of laws aimed at deporting them to Nova Griffonia, and making sure that the small minority of them that we actually need, will not be able to undermine our state, we can finally solve this problem.",
        "translation": "그리폰들은 오랫동안 우리 땅의 자원과 우리 나라의 존경을 누려왔습니다. 그리폰들을 노바 그리포니아로 추방하는 법을 제정함으로써 이 문제를 해결해야합니다.",
        "stage": 1,
        "context": null
    },
    {
        "key": "PNG_replace_council_members:0",
        "original": "Replace The Council Members",
        "translation": "의회 해산",
        "stage": 1,
        "context": null
    },
    {
        "key": "PNG_replace_council_members_desc:",
        "original": "Old Council of King Lolo is a squabbling mess, spending most of their time on either arguing with a king, or arguing among themselves, if we would dismiss every dissident from it, and fill it with capable and loyal army officers, and other actually skilled yes-penguin, we could make our country appear stronger, and save our new king from many headaches",
        "translation": "로로왕의 오래된 내각은 난장판으로, 대부분의 시간을 왕과 다투거나, 그들 사이에서 말싸움으로 시간을 보냅니다. 만약 우리가 그들을 몰아내고 유능하고 충성스러운 우리 장교들과 노련한 예스맨들로 내각을 채운다면, 우리 나라가 더욱 강력하다고 보이게 할 수 있으며, 우리들의 새로운 국왕 폐하가 두통을 겪으시는 것을 막을 수 있을 것입니다.",
        "stage": 1,
        "context": null
    },
    {
        "key": "PNG_power_to_the_king:0",
        "original": "Power To The King",
        "translation": "꼭두각시 의회",
        "stage": 1,
        "context": null
    },
    {
        "key": "PNG_power_to_the_king_desc:0",
        "original": "Now that council is fully under our King command, we can finally give him power that he deserves, and make Council take a merely cosmetic role, while all real power will be given to the King.",
        "translation": "이젠, 의회는 완전히 황제의 지휘하에 있습니다. 우리는 마침내 황제에게 받아야 할 마땅한 권력을 주고 의회를 외적인 역할을 하게 만들어야 합니다. 진정한 힘은 모두 왕에게로 갈 것입니다!",
        "stage": 1,
        "context": null
    },
    {
        "key": "PNG_outlaw_communism:0",
        "original": "Outlaw Communism",
        "translation": "공산주의 타도",
        "stage": 1,
        "context": null
    },
    {
        "key": "PNG_outlaw_communism_desc:0",
        "original": "Even now, with the support of the army behind, our new king is troubled by communists, they aren't too popular as of now, but now with his new radical laws in power, they could easily sway our less patriotic citizens, and turn them to their cause, we cannot let that happen, and we should outlaw any communist party and organisation that operate in our land, and make sure that we catch every of their current members too.",
        "translation": "지금까지도 황제는 공산주의 세력들에게 골머리를 앓고 있습니다. 아직 인지도는 없지만, 지금 현재 그의 새로운 급진적인 법률로 권력을 잡고 있다. 그들은 민중들을 쉽게 흔들 수 있었고 그들의 사상을 통해 공산당원으로 만들것입니다. 우리는 그런 일이 일어나도록 내버려 둘 수 없으며, 우리 제국에서 활동하는 공산당을 불법하여, 공산당원들이 체포당할 수 있도록 해야 합니다.",
        "stage": 1,
        "context": null
    },
    {
        "key": "PNG_mountain_work_camps:0",
        "original": "Mountain Work Camps",
        "translation": "공산당을 아오지로!",
        "stage": 1,
        "context": null
    },
    {
        "key": "PNG_mountain_work_camps_desc:0",
        "original": "Communist parties in our Kingdom were bigger then we originally thought, and even though our current prisons could house all of new prisoners, it would be a risky move seeing how they could try to sway other prisoners to their cause. But, cold Talamh Árd Massif houses few rich iron deposits. Sadly, it wouldn't be too smart to send our normal citizens there, as it seems that there is high risk of mining accident happening there, so instead we could just use our new prisoners to work there.",
        "translation": "우리 제국의 공산당은 우리가 생각했던것보다 큰 조직이였습니다. 그리고 현재 교도소에 공산당원들을 모두 수용할지라도, 그들이 다른 죄수들을 포섭할 위험이 있습니다. 니테안의 마시프지역는 풍부한 양의 강철을 가지고 있지만 사고가 일어날 위험이 도사리고 있습니다. 그곳으로 평범한 시민들을 보내는 것보다는 그곳에 죄수들을 보내는 것이 현명할 것 같습니다..",
        "stage": 1,
        "context": null
    },
    {
        "key": "PNG_emperor_of_the_ice:0",
        "original": "Emperor Of The Ice",
        "translation": "얼음의 제국",
        "stage": 1,
        "context": null
    },
    {
        "key": "PNG_emperor_of_the_ice_desc:0",
        "original": "Finally, with squabbling council, communists, and griffons gone, our kingdom can enjoy prosperity that it has always deserved, as under rule of our great king, this land has changed from a backward lowly kingdom, into a blooming empire.",
        "translation": "마침내, 불안정한 의회, 공산세력, 그리폰들이 사라졌습니다. 위대한 우리 황제의 통치하에 우리나라는 꽃피는 제국이 될 것 입니다.",
        "stage": 1,
        "context": null
    },
    {
        "key": "PNG_black_and_white_storm:0",
        "original": "Black And White Storm",
        "translation": "흑백의 폭풍",
        "stage": 1,
        "context": null
    },
    {
        "key": "PNG_black_and_white_storm_desc:0",
        "original": "Our great emperor should start a propaganda campaign in our nation to show all of our citizens how much they owe to his great and wise leadership, and to remind them of everything that was taken from us.",
        "translation": "우리의 위대한 황제는 우리 국민 모두에게 그의 위대하고 현명한 지도력에 얼마나 많은 신세를 지고 있는지 보여주고, 우리에게서 빼앗은 모든 것을 다시 찾아야한다고 말해야합니다.",
        "stage": 1,
        "context": null
    },
    {
        "key": "PNG_remove_polar_bears:0",
        "original": "Take Back The Western Empire",
        "translation": "서부 제국 탈환",
        "stage": 1,
        "context": null
    },
    {
        "key": "PNG_remove_polar_bears_desc:0",
        "original": "Long ago in our past, we controlled almost entire northern part of Equestrian continent, but since then, Polar Bears had taken most of western part of our empire. And now, we're going to take back what is ours.",
        "translation": "과거에 우리는 이퀘스트리아 대륙의 북부의 거의 모든 땅을 지배했지만, 이후로 북극곰들이 우리 제국의 서쪽 대부분을 차지하였습니다. 이제는 우리의 것을 되찾을 시간입니다.",
        "stage": 1,
        "context": null
    },
    {
        "key": "PNG_decolonize_the_east:0",
        "original": "Take Back The Eastern Empire",
        "translation": "동부 제국 탈환",
        "stage": 1,
        "context": null
    },
    {
        "key": "PNG_decolonize_the_east_desc:0",
        "original": "Many years after our empire had lost its western part, griffon settlers came and took even more of our land then polar bears did, as once our empire had even their current capital of Weter in its borders. Now when we can face them, it's time take to take our land back.",
        "translation": "우리 제국이 서부를 잃은 지 수년이 지난 후 그리폰 정착민들이 북극곰보다 훨씬 더 많은 땅을 차지하였는데, 한때 우리 제국의 수도였던 위터까지 차지하였다. 이제 그들과 맞설 때입니다.",
        "stage": 1,
        "context": null
    },
    {
        "key": "PNG_armed_revolt:0",
        "original": "Fight Back Against Government",
        "translation": "정부에 맞서 싸우리",
        "stage": 1,
        "context": null
    },
    {
        "key": "PNG_armed_revolt_desc:0",
        "original": "After recent government crackdown, it's oblivious, we either will fight against the supremacists, or we will die. But, if we will manage to show population that that it is possible to fight back against tyranny of king, we could convince many of penguins and griffons who are currently too afraid to fight back, to join our cause.",
        "translation": "최근 정부의 진압 후, 우리는 우월주의 세력들과 싸우거나 아니면 죽을 것임이 확실해 졌습니다. 하지만, 만약 우리가 인민들에게 왕의 폭정에 맞서 싸우는 것이 가능하다는 것을 보여준다면, 우리는 지금 맞서 싸우는 것을 두려워하고 있는 많은 펭귄들과 그리폰들이 우리의 대의에 참여하도록 설득할 수 있을 것입니다.",
        "stage": 1,
        "context": null
    },
    {
        "key": "PNG_remove_the_monarchy:0",
        "original": "Launch Coup in Dachaigh",
        "translation": "다차이 쿠데타",
        "stage": 1,
        "context": null
    },
    {
        "key": "PNG_remove_the_monarchy_desc:0",
        "original": "We had raided and fought skirmishes long enough, we have arms, and recently we have managed to gain support of dissidents in the very capital, we just need to get a few of our units ready, and we can finally break the chains of our people, and free them from tyranny of current, and any future king.",
        "translation": "우리는 충분히 오랫동안 기습하여 교전을 벌였습니다. 우리는 충분한 무기를 가지고 있고, 최근 수도에서 반체제 인사들의 지지를 얻는것까지 성공했습니다. 우리 해방군은 몇몇을 준비하기만 하면 마침내 우리 민족의 쇠사슬을 끊고 인민들을 현재와 미래의 왕으로부터 해방시킬 수 있을 것입니다.",
        "stage": 1,
        "context": null
    },
    {
        "key": "PNG_reeducation_programs:0",
        "original": "Reeducation Program",
        "translation": "인민 재교육",
        "stage": 1,
        "context": null
    },
    {
        "key": "PNG_reeducation_programs_desc:0",
        "original": "What King has been doing to us, or any other dissidents was pure cruelty, that is why we won't make same mistake, instead we will make every citizen of our country truly believe in our ideals, however long, and however much it will take",
        "translation": "왕과 다른 반체제 인사들이 우리에게 한 짓은 너무도 잔인했습니다. 그렇기 때문에 우리는 같은 실수를 하지 않을 것입니다. 대신 우리 공화국의 모든 인민이 우리의 사상을 진정으로 믿도록 할 것입니다. 아무리 오래, 아무리 많은 시간이 걸릴지라도...",
        "stage": 1,
        "context": null
    },
    {
        "key": "PNG_workers_councils:0",
        "original": "Establish Workers Councils",
        "translation": "노동위원회 건설",
        "stage": 1,
        "context": null
    },
    {
        "key": "PNG_workers_councils_desc:0",
        "original": "Long enough means of productions in our country where controlled by corrupted few, now we will give them to the worker's councils, what will both make us more popular, and will make our industry better.",
        "translation": "부패한 소수에 의해 통제되었던 우리 공화국에는 충분한 공장이 있습니다. 이제 우리는 그것들을 노동위원회에 줄 것입니다. 그것이 우리를 더욱 인기있도록 할 것입니다.",
        "stage": 1,
        "context": null
    },
    {
        "key": "PNG_black_and_red_army:0",
        "original": "Establish Black And Red Army",
        "translation": "붉은 군대 창설",
        "stage": 1,
        "context": null
    },
    {
        "key": "PNG_black_and_red_army_desc:0",
        "original": "Since the end of our fight against the king tyranny, our country was left without a proper army, our worker-peasant militias were filling that role, but it isn't most effective system, so instead we should establish a proper army, while using our current militias as a core of it.",
        "translation": "왕의 횡포에 맞서 싸운 종식 이후 우리 나라는 제대로 된 군대도 없이 방치되어 있었습니다. 우리의 노동자, 민병대가 그 역할을 하고 있었지만, 너무 비효율적이였습니다. 현재의 민병대를 그 핵심 제대로 된 군대를 창설해야 합니다.",
        "stage": 1,
        "context": null
    },
    {
        "key": "PNG_on_our_own:0",
        "original": "We Stand On Our Own",
        "translation": "스스로 일어서라",
        "stage": 1,
        "context": null
    },
    {
        "key": "PNG_on_our_own_desc:0",
        "original": "Let's face it, our country is far from any other revolutionary state, and even while it would be good to have allies somewhere in Equestria, Stalliongrad is far from our borders, as such, instead on pointless diplomatic trying to find some allies, we should focus on making ours people lives better.",
        "translation": "현실을 직시하자, 우리나라는 다른 혁명 국가와는 거리가 멉니다. 이퀘스트리아 어딘가에 동맹이 있으면 좋겠련만 스탤리온그라드는 우리의 국경에서 멀리 떨어져 있습니다. 몇몇 동맹국들을 찾으려는 무의미한 외교보다 우리 인민들이 더 나은 삶을 살 수 있도록 하는데 집중해야 합니다.",
        "stage": 1,
        "context": null
    },
    {
        "key": "PNG_alliance_with_stalliongrad:0",
        "original": "Alliance with Stalliongrad",
        "translation": "스탈리온그라드와의 동맹",
        "stage": 1,
        "context": null
    },
    {
        "key": "PNG_alliance_with_stalliongrad_desc:0",
        "original": "Stalliongrad is a recently established revolutionary state, not so different from ours own, by establishing a diplomatic relationship, and later an alliance with them, we should gain valuable comrades, and it would make us safer from territorial ambitions of any bourgeoisie or supremacist state.",
        "translation": "스탈리온그라드는 우리들과 비슷하게 최근에 만들어진 혁명국가입니다. 그들과 외교 관계를 수립하고 동맹을 맺게 된다면, 귀중한 동지 국가를 얻을 뿐만 아니라 부르주아지와 우월주의 국가들의 영토 야욕으로부터 우리를 보호할 것입니다.",
        "stage": 1,
        "context": null
    },
    {
        "key": "PNG_penguin_warfare:0",
        "original": "Penguin Warfare",
        "translation": "모의 전투훈련",
        "stage": 1,
        "context": null
    },
    {
        "key": "PNG_penguin_warfare_desc:0",
        "original": "Penguins haven't been very aggressive in a long while, but with the world changing like it is, perhaps picking up training again would be a good idea.",
        "translation": "펭귄들은 오랫동안 그다지 공격적이지는 않았지만, 세상이 지금과 같이 변하고 있는 상황에서, 아마도 다시 훈련을 받는 것이 좋은 생각이 될 것입니다.",
        "stage": 1,
        "context": null
    },
    {
        "key": "PNG_arctic_warriors:0",
        "original": "Arctic Warriors",
        "translation": "남극의 전사",
        "stage": 1,
        "context": null
    },
    {
        "key": "PNG_arctic_warriors_desc:0",
        "original": "Penguins are incredibly suited for harsh and cold environments, why not take advantage of this?",
        "translation": "펭귄은 가혹하고 추운 환경에 매우 잘 싸울수 있습니다. 이것을 이용하는 것이 좋을 것 같습니다.",
        "stage": 1,
        "context": null
    },
    {
        "key": "PNG_arctic_equipment:0",
        "original": "Arctic Equipment",
        "translation": "남극용 장비",
        "stage": 1,
        "context": null
    },
    {
        "key": "PNG_arctic_equipment_desc:0",
        "original": "New equipment must be designed and built to better withstand the freezing cold temperatures of the north.",
        "translation": "새로운 장비는 북쪽의 혹한에 더 잘 견딜 수 있도록 설계되어야 합니다.",
        "stage": 1,
        "context": null
    },
    {
        "key": "PNG_artillery:0",
        "original": "Artillery Designs",
        "translation": "남극용 대포 설계",
        "stage": 1,
        "context": null
    },
    {
        "key": "PNG_artillery_desc:0",
        "original": "Artillery is something that's never been heard of before, so when it was introduced not too many years ago, many penguins have been absolutely in love with the idea ever since. Researching how to create our own artillery would make many penguins happy, and give us more firepower.",
        "translation": "포는 우리에게 알려진지 얼마 안된 신무기입니다. 많은 펭귄들은 그 이후로 이 무기를 제식화 할 생각에 완전히 빠져 있었습니다. 우리만의 포를 만드는 방법을 연구하면 우리는 엄청난 화력을 얻을 수 있을 것입니다.",
        "stage": 1,
        "context": null
    },
    {
        "key": "PNG_doctrine:0",
        "original": "New Doctrines",
        "translation": "신식 교리",
        "stage": 1,
        "context": null
    },
    {
        "key": "PNG_doctrine_desc:0",
        "original": "We're still operating with ancient doctrines that haven't been changed to deal with new equipment and modern warfare, changing that is a top priority.",
        "translation": "우리는 여전히 새로운 장비와 현대전을 다뤄야 하지만, 바뀌지 않은 구식 교리를 최우선으로 운용하고 있습니다. 우리의 군 교리를 신식으로 바꾸어 군을 효율적으로 운용해야합니다.",
        "stage": 1,
        "context": null
    },
    {
        "key": "PNG_doctrine2:0",
        "original": "New Military Advisors",
        "translation": "새로운 군장교",
        "stage": 1,
        "context": null
    },
    {
        "key": "PNG_doctrine2_desc:0",
        "original": "Some of our military advisers have been stuck in the past for too long, it's time to get some fresh minds on the job.",
        "translation": "우리의 무능한 군장교들 중 몇몇은 너무 오랫동안 군에서 있었습니다. 이젠 새로운 시대에 걸맞는 새로운 군장교를 선출해야합니다.",
        "stage": 1,
        "context": null
    },
    {
        "key": "PNG_dockyards:0",
        "original": "Dachaigh Dockyards",
        "translation": "다차이 조선소",
        "stage": 1,
        "context": null
    },
    {
        "key": "PNG_dockyards_desc:0",
        "original": "While shipbuilding hasn't been our strong suit, it's important to have a few ships that we can use.",
        "translation": "우리 나라는 조선업이 강하지는 않았지만, 우리가 이용할 수 있는 몇 척의 배는 있어야 할 것입니다.",
        "stage": 1,
        "context": null
    },
    {
        "key": "PNG_flexible_navy:0",
        "original": "Flexible Navy",
        "translation": "대잠 교리",
        "stage": 1,
        "context": null
    },
    {
        "key": "PNG_flexible_navy_desc:0",
        "original": "Creating a new naval doctrine to account for advances in submarine technology will allow us to strike efficiently at enemy convoys.",
        "translation": "잠수함을 위한 새로운 해군 교리을 만드는 것이 우리가 적의 호위함을 효율적으로 공격할 수 있게 해줄 것입니다.",
        "stage": 1,
        "context": null
    },
    {
        "key": "PNG_large_navy:0",
        "original": "Large Navy",
        "translation": "대함대 교리",
        "stage": 1,
        "context": null
    },
    {
        "key": "PNG_large_navy_desc:0",
        "original": "Adapting our naval doctrines to better accommodate large ships and ensuring the safety of our trade convoys will teach us a lot about what sort of ships we need.",
        "translation": "우리의 해군 교리를 대형 군함을 더 잘 수용하도록 적응시키고 무역 호송대의 안전을 보장하게하면, 우리에게 어떤 종류의 선박이 필요한지 알려줄 것입니다.",
        "stage": 1,
        "context": null
    },
    {
        "key": "PNG_destroyer_effort:0",
        "original": "Destroyer Effort",
        "translation": "구축함 개선",
        "stage": 1,
        "context": null
    },
    {
        "key": "PNG_destroyer_effort_desc:0",
        "original": "Being able to counter submarines is important. Destroyers will be able to counter them perfectly.",
        "translation": "적 잠수함에 대항할 수 있는 능력은 정말 중요합니다. 구축함의 장갑을 강화시켜 잠수함이 쉽게 침몰시킬수 없게 해야합니다.",
        "stage": 1,
        "context": null
    },
    {
        "key": "PNG_cruiser_effort:0",
        "original": "Cruiser Effort",
        "translation": "순양함 개선",
        "stage": 1,
        "context": null
    },
    {
        "key": "PNG_cruiser_effort_desc:0",
        "original": "We need better cruisers before we can begin working on anything more advanced.",
        "translation": "우리는 다른 일을 시작하기 전에 더 나은 순양함이 필요합니다.",
        "stage": 1,
        "context": null
    },
    {
        "key": "PNG_more_dockyards:0",
        "original": "Expand the Dockyards",
        "translation": "팽귄 랜드 조선소",
        "stage": 1,
        "context": null
    },
    {
        "key": "PNG_more_dockyards_desc:0",
        "original": "In order to build bigger and better ships, the current dockyards need to be upgraded.",
        "translation": "더 크고 좋은 배를 건조하기 위해서는 조선소를 더 만들 필요가 있습니다.",
        "stage": 1,
        "context": null
    },
    {
        "key": "PNG_underwater_boats:0",
        "original": "Underwater Boats",
        "translation": "바다의 제왕",
        "stage": 1,
        "context": null
    },
    {
        "key": "PNG_underwater_boats_desc:0",
        "original": "Many penguins have been fascinated by the idea of a boat being able to sail around underwater, some research into this matter might even help us out in any potential war.",
        "translation": "많은 펭귄들은 보트가 물속을 항해할 수 있다는 생각에 빠져있었으며, 잠수함 연구는 어떠한 전쟁에서도 우리에게 이득이 될 것입니다.",
        "stage": 1,
        "context": null
    },
    {
        "key": "PNG_flightless_no_more:0",
        "original": "Flightless No More",
        "translation": "다차이 공항",
        "stage": 1,
        "context": null
    },
    {
        "key": "PNG_flightless_no_more_desc:0",
        "original": "Nothing is more important than controlling the skies in these new and modern times.",
        "translation": "이 새롭고 현대적인 시대에 하늘을 통제하는 것보다 더 중요한 것은 없습니다.",
        "stage": 1,
        "context": null
    },
    {
        "key": "PNG_fighters:0",
        "original": "Fighter Effort",
        "translation": "전투기 개선",
        "stage": 1,
        "context": null
    },
    {
        "key": "PNG_fighters_desc:0",
        "original": "Developing some fighter planes will give us a great edge in any future engagements.",
        "translation": "전투기를 개발하는 것은 향후 어떤 전투에서도 우리에게 큰 이득이 될 것입니다.",
        "stage": 1,
        "context": null
    },
    {
        "key": "PNG_bombers:0",
        "original": "Bomber Effort",
        "translation": "폭격기 개선",
        "stage": 1,
        "context": null
    },
    {
        "key": "PNG_bombers_desc:0",
        "original": "In the prophecies of old, they speak of fire and brimstone raining down from the skies. Well, today, they've just come true.",
        "translation": "옛날의 예언에서는 하늘에서 내리는 불과 비에 대해 말했습니다. 음, 이젠, 그것들이 그냥 실현된것 같네요.",
        "stage": 1,
        "context": null
    },
    {
        "key": "PNG_air_doctrine:0",
        "original": "Air Doctrine",
        "translation": "하늘 위 작전",
        "stage": 1,
        "context": null
    },
    {
        "key": "PNG_air_doctrine_desc:0",
        "original": "More advances in our air-force requires us to create entirely new doctrines in order to fight effectively.",
        "translation": "우리 공군은 더욱 효과적으로 싸우기 위해 완전히 새로운 교리를 만들어야 할 것입니다.",
        "stage": 1,
        "context": null
    },
    {
        "key": "PNG_air_doctrine2:0",
        "original": "Advanced Air Doctrine",
        "translation": "조종 훈련",
        "stage": 1,
        "context": null
    },
    {
        "key": "PNG_air_doctrine2_desc:0",
        "original": "Teaching our pilots and training them in the new doctrines is incredibly important.",
        "translation": "우리 조종사들을 가르치고 새로운 교리 안에서 훈련시키는 것은 정말 중요합니다.",
        "stage": 1,
        "context": null
    },
    {
        "key": "PNG_odert_bergstrom:0",
        "original": "Odert Bergstrom",
        "translation": "오데르트 베르그스톰",
        "stage": 1,
        "context": null
    },
    {
        "key": "PNG_olov_hagg:0",
        "original": "Olov Hagg",
        "translation": "오울로브 해그",
        "stage": 1,
        "context": null
    },
    {
        "key": "PNG_ville_fredholm:0",
        "original": "Ville Fredholm",
        "translation": "빌 프레드홀름",
        "stage": 1,
        "context": null
    },
    {
        "key": "PNG_viggo_ekbland:0",
        "original": "Viggo Ekbland",
        "translation": "비고 에크블랜드",
        "stage": 1,
        "context": null
    },
    {
        "key": "PNG_karl_nordin:0",
        "original": "Karl Nordin",
        "translation": "카를 노르딘",
        "stage": 1,
        "context": null
    },
    {
        "key": "PNG_liam_wallenberg:0",
        "original": "Liam Wallenberg",
        "translation": "리암 웰른버그",
        "stage": 1,
        "context": null
    },
    {
        "key": "PNG_vilgot_augustson:0",
        "original": "Vilgot Augustson",
        "translation": "빌고트 아우구스트손",
        "stage": 1,
        "context": null
    },
    {
        "key": "PNG_hampus_cederstrom:0",
        "original": "Hampus Cederstrom",
        "translation": "햄퍼스 시더스톰",
        "stage": 1,
        "context": null
    },
    {
        "key": "PNG_spjalle_lindqvist:0",
        "original": "Spjalle Lindqvist",
        "translation": "스프잴리 린드크비스트",
        "stage": 1,
        "context": null
    },
    {
        "key": "PNG_sverker_ekdal:0",
        "original": "Sverker Ekdal",
        "translation": "스버커 엑달",
        "stage": 1,
        "context": null
    },
    {
        "key": "PNG_hannes_liljestrom:0",
        "original": "Hannes Liljestrom",
        "translation": "한스 릴지스트럼",
        "stage": 1,
        "context": null
    },
    {
        "key": "PNG_allan_bollander:0",
        "original": "Allan Bollander",
        "translation": "앨런 발런더",
        "stage": 1,
        "context": null
    },
    {
        "key": "PNG_sture_persson:0",
        "original": "Strute Persson",
        "translation": "스트루트 페르손",
        "stage": 1,
        "context": null
    }
]