[
    {
        "key": "CES_fleet_spawn:0",
        "original": "Spawns a §YDestroyer§! in Stableside.",
        "translation": "",
        "stage": 0,
        "context": null
    },
    {
        "key": "CES_wartime_farms_idea:0",
        "original": "Wartime Farms",
        "translation": "",
        "stage": 0,
        "context": null
    },
    {
        "key": "CES_planes_tlp:0",
        "original": "Spawns a §YFighter Squadron§! in [86.GetName]",
        "translation": "",
        "stage": 0,
        "context": null
    },
    {
        "key": "CES_tank_army_tlp:0",
        "original": "Spawns an §YArmoured Tractor Regiment§! in Stableside.",
        "translation": "",
        "stage": 0,
        "context": null
    },
    {
        "key": "CES_defenses_stableside:0",
        "original": "Defence of Stableside",
        "translation": "",
        "stage": 0,
        "context": null
    },
    {
        "key": "CES_defenses_stableside_desc:0",
        "original": "Even as we speak Stableside lies defenceless against the cultist hordes. There are more than a million people living in that city. We must erect defences, no matter how slapdash, to keep them safe.",
        "translation": "",
        "stage": 0,
        "context": null
    },
    {
        "key": "CES_mobilized_trade_fleet:0",
        "original": "Mobilisation of the Trade Fleet",
        "translation": "",
        "stage": 0,
        "context": null
    },
    {
        "key": "CES_mobilized_trade_fleet_desc:0",
        "original": "Since Stableside became a notable commerce hub many ocean going vessels have docked there. With the war in the south in full swing and our forces isolated across the coast we should entice the trade fleet in Stableside to join the war for freedom. The CSS Monitor shall form the backbone of our new navy.",
        "translation": "",
        "stage": 0,
        "context": null
    },
    {
        "key": "CES_lookout:0",
        "original": "Look-out",
        "translation": "",
        "stage": 0,
        "context": null
    },
    {
        "key": "CES_lookout_desc:0",
        "original": "We are scattered and displaced across the land. The flame of harmony burns, but it burns in pieces. To keep these embers safe hundreds of daring adventurers and a chapter of knights have stepped forward. They shall watch the borders for the enemy, and shall keep harmony safe.",
        "translation": "",
        "stage": 0,
        "context": null
    },
    {
        "key": "CES_lookout_tlp:0",
        "original": "Spawns §YSix Infantry Divisions§!.\\n",
        "translation": "",
        "stage": 0,
        "context": null
    },
    {
        "key": "CES_our_little_dockyard:0",
        "original": "Our Little Dockyard",
        "translation": "",
        "stage": 0,
        "context": null
    },
    {
        "key": "CES_our_little_dockyard_desc:0",
        "original": "While the mobilisation of the trade fleet helps somewhat, we still need to replenish the losses suffered by our navy in combat. There's only so much Van Drake can salvage after a battle, so we must build a new dry dock to build new ships.",
        "translation": "",
        "stage": 0,
        "context": null
    },
    {
        "key": "CES_naval_production:0",
        "original": "For Our Little Navy",
        "translation": "",
        "stage": 0,
        "context": null
    },
    {
        "key": "CES_naval_production_desc:0",
        "original": "Stableside has a unique history of ship design. As long as we are in control of our own affairs it is best that we use local innovations instead of relying on the cast-offs of other nations. If nothing else the rate of amnesia in our navy shall surely decrease.",
        "translation": "",
        "stage": 0,
        "context": null
    },
    {
        "key": "CES_resources_overseas:0",
        "original": "Resources From Abroad",
        "translation": "",
        "stage": 0,
        "context": null
    },
    {
        "key": "CES_resources_overseas_desc:0",
        "original": "Finally! We've managed to get in contact with a civilian shipping fleet from Equestria, and it's a big one too. They're offering to run supplies for us in exchange for safe harbour. It will take a while for a fleet of that size to sneak into Stableside, so we should start immediately.",
        "translation": "",
        "stage": 0,
        "context": null
    },
    {
        "key": "CES_buy_weapons:0",
        "original": "Arms Trade",
        "translation": "",
        "stage": 0,
        "context": null
    },
    {
        "key": "CES_buy_weapons_desc:0",
        "original": "We need weapons, and other nations have them. We are not barbarians though, and Daring Do and her party of adventurer archaeologists have put forward pieces from their personal collections to fund the purchase of arms. We shall send top mares with these artefacts across the world to secure weapons for the cause.",
        "translation": "",
        "stage": 0,
        "context": null
    },
    {
        "key": "CES_hire_mercenaries:0",
        "original": "Mercenaries",
        "translation": "",
        "stage": 0,
        "context": null
    },
    {
        "key": "CES_hire_mercenaries_desc:0",
        "original": "Caballeron made extensive use of mercenaries during his rise to power, but the rise of certain companies made up of the lowest of the low have left others in the dust. Around Saltmane many wayward mercs, bandits, and smugglers have begun to gather. By offering them contracts and a noble cause we can gain new recruits and head off any potential problems from their presence.",
        "translation": "",
        "stage": 0,
        "context": null
    },
    {
        "key": "CES_air_fields:0",
        "original": "Stableside's Airfield",
        "translation": "",
        "stage": 0,
        "context": null
    },
    {
        "key": "CES_air_fields_desc:0",
        "original": "Our planes need a place to take off and land. Thanks to extensive use of forest clearing methods in Rainylowlands we will loon be able to make an airfield to allow the use of fixed wing aircraft. Now, does anyone here know how to fly a plane without it crashing?",
        "translation": "",
        "stage": 0,
        "context": null
    },
    {
        "key": "CES_our_aircrafts:0",
        "original": "Cropduster Volunteers",
        "translation": "",
        "stage": 0,
        "context": null
    },
    {
        "key": "CES_our_aircrafts_desc:0",
        "original": "In the harsh terrain of the south cropdusting, or aerial application as it is technically known, is the primary means by which isolated farmers can get necessary pesticides and fertilisers to feed their families. Against sky pirates and natural horrors these barnstorming daredevils have proved their worth. Now we must call upon these heroes of the skies to keep us safe, and clear the skies once more.",
        "translation": "",
        "stage": 0,
        "context": null
    },
    {
        "key": "CES_defend_saltmane:0",
        "original": "Defences of Saltmane",
        "translation": "",
        "stage": 0,
        "context": null
    },
    {
        "key": "CES_defend_saltmane_desc:0",
        "original": "Saltmane is isolated, but it is still a vital front. With the lessons learned assembling the defences around Stableside Lauriel Craft believes she can erect even stronger defences at Saltmane to defend that front.",
        "translation": "",
        "stage": 0,
        "context": null
    },
    {
        "key": "CES_push_the_darkness:0",
        "original": "Push the Darkness",
        "translation": "",
        "stage": 0,
        "context": null
    },
    {
        "key": "CES_push_the_darkness_desc:0",
        "original": "We are the good guys, they are the bad guys! For so long those who make up the Celestial State without that moral certainty, but that isn't the case anymore. We must embrace our roles as the heroes and rise to a higher standard, for we are fighting for the light.",
        "translation": "",
        "stage": 0,
        "context": null
    },
    {
        "key": "CES_military_government:0",
        "original": "Military Government",
        "translation": "",
        "stage": 0,
        "context": null
    },
    {
        "key": "CES_military_government_desc:0",
        "original": "We are no longer a party of adventurer archaeologists, we are no longer a disorganised resistance, we are no longer the underdogs, we are an upstanding and disciplined army of the light. It's time we started governing like it.",
        "translation": "",
        "stage": 0,
        "context": null
    },
    {
        "key": "CES_illegitimate_state_BAL:0",
        "original": "Illegitimate Baltimare",
        "translation": "",
        "stage": 0,
        "context": null
    },
    {
        "key": "CES_illegitimate_state_BAL_desc:0",
        "original": "Baltimare is a disgusting den of unclean socialists, filthy communists, and unwashed syndicalists. They are an affront to everything Equestrian, and they must be purified. They will likely not get in the tubs willingly though, so we'll have to conquer the land first.",
        "translation": "",
        "stage": 0,
        "context": null
    },
    {
        "key": "CES_approach_baltimare:0",
        "original": "Approach Baltimare",
        "translation": "",
        "stage": 0,
        "context": null
    },
    {
        "key": "CES_approach_baltimare_desc:0",
        "original": "Baltimare is a clean and well groomed city full of reasonable people. It is only acceptable that we form an alliance with them against the foes that threaten us both.",
        "translation": "",
        "stage": 0,
        "context": null
    },
    {
        "key": "CES_night_guards:0",
        "original": "Night Guards",
        "translation": "",
        "stage": 0,
        "context": null
    },
    {
        "key": "CES_night_guards_desc:0",
        "original": "The Night Guard regiments of the Equestrian Royal Guard have been eviscerated and defamed by Nightmare Moon's rebellion, but we can bring them back to help us in this conflict. Denying bat ponies or anyone else the right to fight for the cause of righteousness based on their tribe or past affiliations would be inconceivable, and besides, we need the guns watching our backs.",
        "translation": "",
        "stage": 0,
        "context": null
    },
    {
        "key": "CES_our_cause:0",
        "original": "Our Cause",
        "translation": "",
        "stage": 0,
        "context": null
    },
    {
        "key": "CES_our_cause_desc:0",
        "original": "Our cause is righteous, and our cause is just, but if we do not know why we shall surely fall to the same darkness that has beset the rest of the world. Henry Diamonds has offered to go on a speaking tour to reinforce the cause, and should he succeed we shall all be better for it.",
        "translation": "",
        "stage": 0,
        "context": null
    },
    {
        "key": "CES_heroic_history:0",
        "original": "Heroic Story",
        "translation": "",
        "stage": 0,
        "context": null
    },
    {
        "key": "CES_heroic_history_desc:0",
        "original": "\"It was the dawn of third age of ponykind, the year the Great War came upon us all. We were but six archaeologists and an actuary stranded in the southern jungles as a terrible civil war overtook the land, but it was upon our shoulders that the fates of millions would come to rest. I don't think any of us knew what we were getting into, which was a situation we were all very familiar with.\"",
        "translation": "",
        "stage": 0,
        "context": null
    },
    {
        "key": "CES_prepare_the_offense:0",
        "original": "Prepare the Offence",
        "translation": "",
        "stage": 0,
        "context": null
    },
    {
        "key": "CES_prepare_the_offense_desc:0",
        "original": "Now that the Disciples of Nightmare Moon have been neutralised it's time we joined Equestria in fighting against their dark mistress.",
        "translation": "",
        "stage": 0,
        "context": null
    },
    {
        "key": "CES_tractor_army:0",
        "original": "Tractor-Tanks",
        "translation": "",
        "stage": 0,
        "context": null
    },
    {
        "key": "CES_tractor_army_desc:0",
        "original": "It is a fact of modern war that the tank is one of the most valuable assets on the battlefield, but the Celestial State have none to speak of. A local chap by the name of Sempleton claims he turn the tractors of local farmers into armoured battle vehicles using the plans printed on a postcard from Equestria. It's worth a shot, right?",
        "translation": "",
        "stage": 0,
        "context": null
    },
    {
        "key": "CES_doctrine_research:0",
        "original": "Doctrine Research",
        "translation": "",
        "stage": 0,
        "context": null
    },
    {
        "key": "CES_doctrine_research_desc:0",
        "original": "We have learned much about war over the last few months, and it's time we applied that to improving our land warfare doctrine. Our trusty friend Quibble Pants theorises that he can get at least two innovations out of available data.",
        "translation": "",
        "stage": 0,
        "context": null
    },
    {
        "key": "CES_swamp_production:0",
        "original": "Swamp Productions",
        "translation": "",
        "stage": 0,
        "context": null
    },
    {
        "key": "CES_swamp_production_desc:0",
        "original": "With the Central Jungle freed from the enemy occupation we can contract the bayou factories to produce arms for us. We'd need only build the necessary infrastructure to get our purchases out.",
        "translation": "",
        "stage": 0,
        "context": null
    },
    {
        "key": "CES_weapon_modernization:0",
        "original": "Weapon Modernisation",
        "translation": "",
        "stage": 0,
        "context": null
    },
    {
        "key": "CES_weapon_modernization_desc:0",
        "original": "While we've been stranded in the jungle small arms technology has marched on. It's time we started to catch back up lest we be left behind by our enemy's weaponry.",
        "translation": "",
        "stage": 0,
        "context": null
    },
    {
        "key": "CES_military_factory:0",
        "original": "Ponies For the Front",
        "translation": "",
        "stage": 0,
        "context": null
    },
    {
        "key": "CES_military_factory_desc:0",
        "original": "Mares and stallions of the South all need to join together to support the soldiers and specialists on the front, or so says the recruitment poster on the wall of the factory. Come on, everypony! We can do it!",
        "translation": "",
        "stage": 0,
        "context": null
    },
    {
        "key": "CES_military_potential:0",
        "original": "Military Potential",
        "translation": "",
        "stage": 0,
        "context": null
    },
    {
        "key": "CES_military_potential_desc:0",
        "original": "A good factory requires a good work system. After plumbing the depths of a local ruin Daring Do has emerged with a detailed document that, according to Quibble Pants, is the groundwork for an entirely new way of mass producing things. We must implement these ideas immediately!",
        "translation": "",
        "stage": 0,
        "context": null
    },
    {
        "key": "CES_military_industry:0",
        "original": "Weapons for the Fighters",
        "translation": "",
        "stage": 0,
        "context": null
    },
    {
        "key": "CES_military_industry_desc:0",
        "original": "Thanks to a little influence from DiCaprio we should be able to get another factory up and running to make equipment for our fighters in the field.",
        "translation": "",
        "stage": 0,
        "context": null
    },
    {
        "key": "CES_approach_dragons:0",
        "original": "Dragons' Help",
        "translation": "드래곤들의 도움",
        "stage": 1,
        "context": null
    },
    {
        "key": "CES_approach_dragons_desc:0",
        "original": "The Dragons lost territory when the civil war broke out and the Nightmare's forces were let lose. Perhaps they'd like a little payback, in exchange for helping us.",
        "translation": "내전이 발발하고 악몽의 군대가 패배하면서 드래곤들은 자신들의 영토를 잃었습니다. 우릴 도와준 대가로 그들을 도와줄 수 있을 겁니다.",
        "stage": 1,
        "context": null
    },
    {
        "key": "CES_open_goods_factory:0",
        "original": "Goods Factory",
        "translation": "",
        "stage": 0,
        "context": null
    },
    {
        "key": "CES_open_goods_factory_desc:0",
        "original": "Dian Diamonds has been advocating opening a new factory for civilian goods recently, saying that ponies' livelihoods don't belong in a museum. Well, with an appeal like that how can we refuse?",
        "translation": "",
        "stage": 0,
        "context": null
    },
    {
        "key": "CES_wartime_farms:0",
        "original": "Wartime Farms",
        "translation": "",
        "stage": 0,
        "context": null
    },
    {
        "key": "CES_wartime_farms_desc:0",
        "original": "With the war raging our farms have fallen to raiding more times than we would like to admit. By giving farmers weapons and guards we can avoid problems with the crop, and as such free up the procurement and resource collection agencies to focus on other tasks. Let's see those brigands make off like bandits when they're constantly patching up bullet holes.",
        "translation": "",
        "stage": 0,
        "context": null
    },
    {
        "key": "CES_infiltration_of_JUN:0",
        "original": "Infiltration of the Jungles",
        "translation": "",
        "stage": 0,
        "context": null
    },
    {
        "key": "CES_infiltration_of_JUN_desc:0",
        "original": "The natives are our friends, and Caballeron has been exploiting them for his own gain. It's time we snuck in and put an end to his madness.",
        "translation": "",
        "stage": 0,
        "context": null
    },
    {
        "key": "CES_civilian_factory:0",
        "original": "WWW Concrete Factory",
        "translation": "",
        "stage": 0,
        "context": null
    },
    {
        "key": "CES_civilian_factory_desc:0",
        "original": "With our new print shop online we can create as many building permits as we want, starting with the WWW Concrete Company and their desire to open a new factory for civilian concerns.",
        "translation": "",
        "stage": 0,
        "context": null
    },
    {
        "key": "CES_printing_press:0",
        "original": "Extra! Extra! Read all about it!",
        "translation": "",
        "stage": 0,
        "context": null
    },
    {
        "key": "CES_printing_press_desc:0",
        "original": "The Disciples are dead! We must spread the word far and wide that the nightmares are gone, and that their wicked compatriots shall soon follow. A new print shop will assist in that endeavour, for if the pen is mightier than the sword, than the printing press can topple armies.",
        "translation": "",
        "stage": 0,
        "context": null
    },
    {
        "key": "CES_stableside_roads:0",
        "original": "Stableside Roads",
        "translation": "",
        "stage": 0,
        "context": null
    },
    {
        "key": "CES_stableside_roads_desc:0",
        "original": "All of Equestria lacks for infrastructure, this is known. However, the situation is especially bad in the south. Now that our nightmarish foe is vanquished we should set about rectifying that issue.",
        "translation": "",
        "stage": 0,
        "context": null
    },
    {
        "key": "CES_future:0",
        "original": "The Future",
        "translation": "",
        "stage": 0,
        "context": null
    },
    {
        "key": "CES_future_desc:0",
        "original": "Mission complete. We've done our duty, and saved the day. Now the only thing left to do is to decide where to go next. Does the Celestial State continue on as a regional government, or does it fully integrate back into Equestria? I think it's time to ask yourself; what do you believe in?",
        "translation": "",
        "stage": 0,
        "context": null
    },
    {
        "key": "CES_acclimatization:0",
        "original": "Acclimatisation",
        "translation": "",
        "stage": 0,
        "context": null
    },
    {
        "key": "CES_acclimatization_desc:0",
        "original": "After months upon endless months of jungle fighting our resistance has finally had the hard lessons of jungle warfare taught at all levels. It's time we passed those lessons on so that we may never again suffer so that our successors may not suffer as we have.",
        "translation": "",
        "stage": 0,
        "context": null
    },
    {
        "key": "CES_prepare_the_offense_2:0",
        "original": "Daybreaker is Our Empress!",
        "translation": "",
        "stage": 0,
        "context": null
    },
    {
        "key": "CES_prepare_the_offense_2_desc:0",
        "original": "We began this war fighting for Celestia the mare. It doesn't matter what she's calling herself now, she's who we're loyal to.",
        "translation": "",
        "stage": 0,
        "context": null
    },
    {
        "key": "CES_not_prepare_the_offense_2:0",
        "original": "The True Harmony!",
        "translation": "",
        "stage": 0,
        "context": null
    },
    {
        "key": "CES_not_prepare_the_offense_2_desc:0",
        "original": "We began this war fighting for Harmony, the idea! It doesn't matter who she was before, Empress Daybreaker has become a tyrant, and we must oppose her. We might die standing against her, but if we do then we die free!",
        "translation": "",
        "stage": 0,
        "context": null
    },
    {
        "key": "CES_protect_the_jungle:0",
        "original": "Protect the South",
        "translation": "",
        "stage": 0,
        "context": null
    },
    {
        "key": "CES_protect_the_jungle_desc:0",
        "original": "Our influence will stop Daybreaker, but before that we hold the line. We must guard the South against the Solar Empire, for if we fail then millions shall surely die. The day of destiny is here.",
        "translation": "",
        "stage": 0,
        "context": null
    },
    {
        "key": "CES_disorganized:0",
        "original": "Disorganised Resistance",
        "translation": "",
        "stage": 0,
        "context": null
    },
    {
        "key": "CES_fight_for_light:0",
        "original": "Fighting for Light",
        "translation": "",
        "stage": 0,
        "context": null
    },
    {
        "key": "CES_fight_for_light2:0",
        "original": "Fighting for Light",
        "translation": "",
        "stage": 0,
        "context": null
    },
    {
        "key": "CES_night_gurads:0",
        "original": "Night Guards",
        "translation": "",
        "stage": 0,
        "context": null
    },
    {
        "key": "CES_military_potential_idea:0",
        "original": "All for the Front!",
        "translation": "",
        "stage": 0,
        "context": null
    },
    {
        "key": "quibblepants:0",
        "original": "Quibble Pants",
        "translation": "",
        "stage": 0,
        "context": null
    },
    {
        "key": "dicaprio:0",
        "original": "DiCapriyo",
        "translation": "",
        "stage": 0,
        "context": null
    },
    {
        "key": "BAL_CES_cooperation:0",
        "original": "Stableside-Baltimare Agreement",
        "translation": "",
        "stage": 0,
        "context": null
    },
    {
        "key": "infilatration_of_jun_ces:0",
        "original": "Spawns §YSix Small Infantry units§! in the Jungles",
        "translation": "",
        "stage": 0,
        "context": null
    },
    {
        "key": "stableside_navy_tlp:0",
        "original": "Stableside's naval concern will become available",
        "translation": "",
        "stage": 0,
        "context": null
    },
    {
        "key": "night_guard_reigments_spawn_tlp:0",
        "original": "Spawns §YThree Night Guard Pegasi Divisions§!",
        "translation": "",
        "stage": 0,
        "context": null
    },
    {
        "key": "CES_whooves:0",
        "original": "Mister Whooves",
        "translation": "",
        "stage": 0,
        "context": null
    },
    {
        "key": "CES_celery:0",
        "original": "Celery",
        "translation": "",
        "stage": 0,
        "context": null
    },
    {
        "key": "CES_airchief_henry:0",
        "original": "Henry",
        "translation": "",
        "stage": 0,
        "context": null
    },
    {
        "key": "CES_tiger_eyes:0",
        "original": "Tiger Eyes",
        "translation": "",
        "stage": 0,
        "context": null
    },
    {
        "key": "CES_swift_justice:0",
        "original": "Swift Justice",
        "translation": "",
        "stage": 0,
        "context": null
    },
    {
        "key": "CES_lesa_flare:0",
        "original": "Lesa Flare",
        "translation": "",
        "stage": 0,
        "context": null
    },
    {
        "key": "CES_itzcoatl:0",
        "original": "Itzcoatl",
        "translation": "",
        "stage": 0,
        "context": null
    },
    {
        "key": "CES_permittivity:0",
        "original": "Permittivity",
        "translation": "",
        "stage": 0,
        "context": null
    },
    {
        "key": "stableside_naval_company:0",
        "original": "Stableside Tradition Co",
        "translation": "",
        "stage": 0,
        "context": null
    },
    {
        "key": "CES_old_factory:0",
        "original": "Outdated Military Factory",
        "translation": "",
        "stage": 0,
        "context": null
    },
    {
        "key": "CES_old_factory_desc:0",
        "original": "The arms factory in Stableside has been in use for 20 years now, but the equipment has not been updated in last decade.",
        "translation": "",
        "stage": 0,
        "context": null
    },
    {
        "key": "CES_disorganized_2:0",
        "original": "Divided Nation",
        "translation": "",
        "stage": 0,
        "context": null
    },
    {
        "key": "CES_disorganized_2_desc:0",
        "original": "The supporters of true harmony have organised several clubs and resistance organisations. Who knows, they might become a threat to current establishment.",
        "translation": "",
        "stage": 0,
        "context": null
    },
    {
        "key": "CES_disorganized_3:0",
        "original": "Divided Nation",
        "translation": "",
        "stage": 0,
        "context": null
    },
    {
        "key": "CES_disorganized_3_desc:0",
        "original": "The supporters of the Solar Empire have organised several clubs and organisation to oppose Daring Do's policy of neutrality. They aren't as numerous, but they might become a threat in the future.",
        "translation": "",
        "stage": 0,
        "context": null
    },
    {
        "key": "sturdy_stable_factory:0",
        "original": "Sturdy Stable Industries",
        "translation": "",
        "stage": 0,
        "context": null
    },
    {
        "key": "astimare_concern:0",
        "original": "ASTIMARE",
        "translation": "",
        "stage": 0,
        "context": null
    },
    {
        "key": "sierra_caballo_mining_company:0",
        "original": "Sierra Caballo Mining Company",
        "translation": "",
        "stage": 0,
        "context": null
    },
    {
        "key": "tenochtitlan_university:0",
        "original": "Tenochtitlan University",
        "translation": "",
        "stage": 0,
        "context": null
    },
    {
        "key": "shooting_horn_labs:0",
        "original": "\"Shooting Horn\" Lab",
        "translation": "",
        "stage": 0,
        "context": null
    },
    {
        "key": "baltimare_united:0",
        "original": "Professional, Scientific & Technical Services \"Baltimare United\"",
        "translation": "",
        "stage": 0,
        "context": null
    },
    {
        "key": "blue_mare_motors:0",
        "original": "Blue Mare Motors",
        "translation": "",
        "stage": 0,
        "context": null
    },
    {
        "key": "saltlickingham_ground:0",
        "original": "\"White Hoof\" Test Site Laboratories",
        "translation": "",
        "stage": 0,
        "context": null
    },
    {
        "key": "heavy_wings:0",
        "original": "Heavy Wings",
        "translation": "",
        "stage": 0,
        "context": null
    },
    {
        "key": "vanilla_wings:0",
        "original": "Vanilla Clouds",
        "translation": "",
        "stage": 0,
        "context": null
    },
    {
        "key": "phantom_factory:0",
        "original": "\"Phantom\" Machinery Works",
        "translation": "",
        "stage": 0,
        "context": null
    },
    {
        "key": "CES_uphold_harmony:0",
        "original": "Uphold Harmony",
        "translation": "",
        "stage": 0,
        "context": null
    },
    {
        "key": "CES_uphold_harmony2:0",
        "original": "Uphold Harmony",
        "translation": "",
        "stage": 0,
        "context": null
    },
    {
        "key": "daring.1.t:0",
        "original": "Mercenaries!",
        "translation": "",
        "stage": 0,
        "context": null
    },
    {
        "key": "daring.1.d:0",
        "original": "On the border to the Jungle Nation, we were able to contact some of the independent bandit groups of the jungles. They did not seem to like their new surroundings and wanted to restore the peaceful pre-war Equestria again. With a promise of amnesty and a humble pay, they agreed to join forces with us in the fight against the Nightmare Moon and Caballeron Junta.",
        "translation": "",
        "stage": 0,
        "context": null
    },
    {
        "key": "daring.1.a:0",
        "original": "You're welcome!",
        "translation": "천만의 말씀을!",
        "stage": 1,
        "context": null
    },
    {
        "key": "CES_bandits_arrive_in_saltmane:0",
        "original": "Bandit regiments arrive in Saltmane",
        "translation": "",
        "stage": 0,
        "context": null
    },
    {
        "key": "daring.2.t:0",
        "original": "Request of Material Help",
        "translation": "",
        "stage": 0,
        "context": null
    },
    {
        "key": "daring.2.d:0",
        "original": "We are ready to send several envoys overseas and request our potential allies to provide necessary equipment for us.",
        "translation": "",
        "stage": 0,
        "context": null
    },
    {
        "key": "daring.2.a:0",
        "original": "Let's do it.",
        "translation": "",
        "stage": 0,
        "context": null
    },
    {
        "key": "daring.3.t:0",
        "original": "Material Help for Celestial State",
        "translation": "",
        "stage": 0,
        "context": null
    },
    {
        "key": "daring.3.d:0",
        "original": "We've received a note from [CES.GetNameDef], they ask to support them in their fight against the dark forces in the jungle.",
        "translation": "",
        "stage": 0,
        "context": null
    },
    {
        "key": "daring.3.a:0",
        "original": "Send them a good portion of equipment.",
        "translation": "",
        "stage": 0,
        "context": null
    },
    {
        "key": "daring.3.e:0",
        "original": "Send them some infantry equipment.",
        "translation": "",
        "stage": 0,
        "context": null
    },
    {
        "key": "daring.3.b:0",
        "original": "We can't spare anything.",
        "translation": "",
        "stage": 0,
        "context": null
    },
    {
        "key": "daring.3.c:0",
        "original": "The letter came too late.",
        "translation": "",
        "stage": 0,
        "context": null
    },
    {
        "key": "daring.4.t:0",
        "original": "Material Support",
        "translation": "",
        "stage": 0,
        "context": null
    },
    {
        "key": "daring.4.d:0",
        "original": "A letter came back from [From.GetNameDef], they are willing to support us in our cause!",
        "translation": "",
        "stage": 0,
        "context": null
    },
    {
        "key": "daring.4.a:0",
        "original": "Great!",
        "translation": "",
        "stage": 0,
        "context": null
    },
    {
        "key": "daring.5.t:0",
        "original": "The enemy is shaken!",
        "translation": "",
        "stage": 0,
        "context": null
    },
    {
        "key": "daring.5.d:0",
        "original": "Multiple reports of the enemy soldiers crossing the border have reached the command centre. We will welcome our new brothers and sisters with open hooves, warm them with the light of the sun and give them shelter!",
        "translation": "",
        "stage": 0,
        "context": null
    },
    {
        "key": "daring.5.a:0",
        "original": "That's what harmony ponies do!",
        "translation": "",
        "stage": 0,
        "context": null
    },
    {
        "key": "daring.6.t_generic:0",
        "original": "Enemy among us.",
        "translation": "",
        "stage": 0,
        "context": null
    },
    {
        "key": "daring.6.t_losing:0",
        "original": "Solders desert.",
        "translation": "",
        "stage": 0,
        "context": null
    },
    {
        "key": "daring.6.t_losing_badly:0",
        "original": "Shattered Morale.",
        "translation": "",
        "stage": 0,
        "context": null
    },
    {
        "key": "daring.6.t_losing_no_hope:0",
        "original": "Death or Dishonour.",
        "translation": "",
        "stage": 0,
        "context": null
    },
    {
        "key": "daring.6.d_generic:0",
        "original": "From time to time, different regiments report of ponies fleeing to the other side of the front to join the Nightmare Moon supporters and fight against their former comrades.",
        "translation": "",
        "stage": 0,
        "context": null
    },
    {
        "key": "daring.6.d_losing:0",
        "original": "As the enemy pushes us back to the Stableside, more soldiers desert into the jungles and join the enemy. Some ponies report that they saw their friends shooting at them from the trenches and hideouts of the jungle.",
        "translation": "",
        "stage": 0,
        "context": null
    },
    {
        "key": "daring.6.d_losing_badly:0",
        "original": "The enemy pushes deeper into our territory and we are starting to lose control over our armies. More and more soldiers join [NMS.GetNameDef] to fight against us.",
        "translation": "",
        "stage": 0,
        "context": null
    },
    {
        "key": "daring.6.d_losing_no_hope:0",
        "original": "The enemy is at the gates of Stableside, more ponies feel like they've chosen the wrong side in this war. However, we shall not be discouraged. Most of us will still fight for Harmony and our princess!",
        "translation": "",
        "stage": 0,
        "context": null
    },
    {
        "key": "daring.6.a:0",
        "original": "Awful.",
        "translation": "",
        "stage": 0,
        "context": null
    },
    {
        "key": "daring.7.t:0",
        "original": "Alliances",
        "translation": "",
        "stage": 0,
        "context": null
    },
    {
        "key": "daring.7.d:0",
        "original": "On the other side of the Jungles, fighters of Baltimare are standing up against the darkness of Nightmare Moon and her supporters. Collaboration for them is the key to end this war so much quicker.",
        "translation": "",
        "stage": 0,
        "context": null
    },
    {
        "key": "daring.7.a:0",
        "original": "We need this.",
        "translation": "",
        "stage": 0,
        "context": null
    },
    {
        "key": "daring.8.t:0",
        "original": "The Future of Celestial State",
        "translation": "",
        "stage": 0,
        "context": null
    },
    {
        "key": "daring.8.d:0",
        "original": "The Civil War is now over, we shall decide what path we are going to go with this.",
        "translation": "",
        "stage": 0,
        "context": null
    },
    {
        "key": "daring.8.a:0",
        "original": "Equestria needs their territories.",
        "translation": "",
        "stage": 0,
        "context": null
    },
    {
        "key": "daring.8.b:0",
        "original": "Stay as an autonomous state within Equestria.",
        "translation": "",
        "stage": 0,
        "context": null
    },
    {
        "key": "daring.9.t:0",
        "original": "Baltimare rejects our offer",
        "translation": "",
        "stage": 0,
        "context": null
    },
    {
        "key": "daring.9.d:0",
        "original": "We have received a reply from [BAL.GetLeader], it is stated that [BAL.GetNameDef] does not see [CES.GetNameDef] as a potential ally. We will continue our struggle separately.",
        "translation": "",
        "stage": 0,
        "context": null
    },
    {
        "key": "daring.9.b:0",
        "original": "Fine.",
        "translation": "",
        "stage": 0,
        "context": null
    },
    {
        "key": "daring.10.t:0",
        "original": "The Leadership Divided",
        "translation": "",
        "stage": 0,
        "context": null
    },
    {
        "key": "daring.10.d:0",
        "original": "As we've joined the major part of the Equestrian Civil War on the side of [SOL.GetNameDef], Daring Do expressed her discontent with the situation. She does not wish to continue the useless war and benefit the new despotic Empress. She wishes to fall back into the jungle and prepare for the worst, \"As if Nightmare Moon wasn't enough. We have to defend our last piece of harmony in Equestria\", - she said. Quibble Pants, however, says that we must follow the path of the Princess and banish the Night followers from this Equestrian soil.",
        "translation": "",
        "stage": 0,
        "context": null
    },
    {
        "key": "daring.10.a:0",
        "original": "Daring Do is reasonable.",
        "translation": "",
        "stage": 0,
        "context": null
    },
    {
        "key": "daring.10.b:0",
        "original": "Quibble Pants makes more sense.",
        "translation": "",
        "stage": 0,
        "context": null
    },
    {
        "key": "daring.11.t:0",
        "original": "Civil War in a Civil War?",
        "translation": "",
        "stage": 0,
        "context": null
    },
    {
        "key": "daring.11.d:0",
        "original": "The supporters of \"True Harmony\" have acquired a considerable support from resentful masses. It is apparent that they are ready to strike. However, we can prevent this civil war inside of a civil war by letting Daring Do step back up and stop the fighting.",
        "translation": "",
        "stage": 0,
        "context": null
    },
    {
        "key": "daring.11.a:0",
        "original": "No way!",
        "translation": "",
        "stage": 0,
        "context": null
    },
    {
        "key": "daring.11.b:0",
        "original": "Daring Do, come back!",
        "translation": "",
        "stage": 0,
        "context": null
    },
    {
        "key": "daring.12.t:0",
        "original": "[CES.GetNameDef] Question",
        "translation": "",
        "stage": 0,
        "context": null
    },
    {
        "key": "daring.12.d:0",
        "original": "Since the civil war is over, all of the Equestrian land shall be united under one banner. [CES.GetNameDef] is going to be integrated into [SOL.GetNameDef] immediately.",
        "translation": "",
        "stage": 0,
        "context": null
    },
    {
        "key": "daring.12.a:0",
        "original": "Give them some autonomy.",
        "translation": "",
        "stage": 0,
        "context": null
    },
    {
        "key": "daring.12.b:0",
        "original": "Time for them to return to the fold.",
        "translation": "",
        "stage": 0,
        "context": null
    },
    {
        "key": "daring.13.t:0",
        "original": "[CES.GetNameDef] is now a part of [SOL.GetNameDef]",
        "translation": "",
        "stage": 0,
        "context": null
    },
    {
        "key": "daring.13.d:0",
        "original": "Since the civil war is finally over, we have been reintegrated into [SOL.GetNameDef]. Let [SOL.GetLeader] guide us to the brighter future.",
        "translation": "",
        "stage": 0,
        "context": null
    },
    {
        "key": "daring.13.a:0",
        "original": "Hurray!",
        "translation": "",
        "stage": 0,
        "context": null
    },
    {
        "key": "daring.14.t:0",
        "original": "The Problem of [CES.GetNameDef]!",
        "translation": "",
        "stage": 0,
        "context": null
    },
    {
        "key": "daring.14.d:0",
        "original": "The Daring Do government has chosen to refuse the reality and seeks to uphold the \"True Harmony\". How foolish of them. Do they really think they can challenge the power of the sun? Harmony Through Order! Empress Daybreaker is the only light!",
        "translation": "",
        "stage": 0,
        "context": null
    },
    {
        "key": "daring.14.a:0",
        "original": "Demand their subordination!",
        "translation": "",
        "stage": 0,
        "context": null
    },
    {
        "key": "daring.14.b:0",
        "original": "There can be only one solution to this.",
        "translation": "",
        "stage": 0,
        "context": null
    },
    {
        "key": "daring.15.t:0",
        "original": "[SOL.GetNameDef] Demands Surrender",
        "translation": "",
        "stage": 0,
        "context": null
    },
    {
        "key": "daring.15.d:0",
        "original": "Daybreaker herself has addressed us and asked to reunite with Equestria, or rather, the Solar Empire. As the major part of the civil war is over, we can only submit to the will of the Empress now, states Quibble Pants. However, if such a decision is made, Daring Do, the supporter of the so-called True Harmony way, is going to step down from her post as the leader of resistance.",
        "translation": "",
        "stage": 0,
        "context": null
    },
    {
        "key": "daring.15.a:0",
        "original": "True Harmony!",
        "translation": "",
        "stage": 0,
        "context": null
    },
    {
        "key": "daring.15.b:0",
        "original": "Empress!",
        "translation": "",
        "stage": 0,
        "context": null
    },
    {
        "key": "daring.16.t:0",
        "original": "The Reintegration of [CES.GetNameDef]",
        "translation": "",
        "stage": 0,
        "context": null
    },
    {
        "key": "daring.16.d:0",
        "original": "Quibble Pants made a wise decision and submitted to the will of the glorious Empress Daybreaker. The South is going to be reintegrated into the Solar Empire and we will clean the unholy marks of the civil war from Equestria's face!",
        "translation": "",
        "stage": 0,
        "context": null
    },
    {
        "key": "daring.16.a:0",
        "original": "We are the Empress' vassals.",
        "translation": "",
        "stage": 0,
        "context": null
    },
    {
        "key": "daring.16.b:0",
        "original": "It is time for direct rule from Canterlot.",
        "translation": "",
        "stage": 0,
        "context": null
    },
    {
        "key": "daring.17.t:0",
        "original": "Celestial State declines the proposition",
        "translation": "",
        "stage": 0,
        "context": null
    },
    {
        "key": "daring.17.d:0",
        "original": "Daring Do has made a huge mistake refusing to reintegrate the Celestial State into the Solar Empire. Apparently, she hasn't suffered enough in the civil war. There's only one solution to this. Declare her a traitor and order our armies to advance into the jungles.",
        "translation": "",
        "stage": 0,
        "context": null
    },
    {
        "key": "daring.17.a:0",
        "original": "One Sun to rule them all!",
        "translation": "",
        "stage": 0,
        "context": null
    },
    {
        "key": "stableside_navy:0",
        "original": "Has completed focus §YFor Our Little Navy§W",
        "translation": "",
        "stage": 0,
        "context": null
    },
    {
        "key": "CES_acclimatization_idea:0",
        "original": "Acclimatization",
        "translation": "",
        "stage": 0,
        "context": null
    }
]