[
    {
        "key": "BAL_PRO_no_recruits_0:0",
        "original": "Garrison Size - §RMiniscule§!",
        "translation": "",
        "stage": 0,
        "context": null
    },
    {
        "key": "BAL_PRO_no_recruits_1:0",
        "original": "Garrison Size - §HSmall§!",
        "translation": "",
        "stage": 0,
        "context": null
    },
    {
        "key": "BAL_PRO_no_recruits_2:0",
        "original": "Garrison Size - §YMediocre§!",
        "translation": "",
        "stage": 0,
        "context": null
    },
    {
        "key": "BAL_PRO_no_recruits_3:0",
        "original": "Garrison Size - §TDecent§!",
        "translation": "",
        "stage": 0,
        "context": null
    },
    {
        "key": "BAL_PRO_no_recruits_4:0",
        "original": "Garrison Size - §GLarge§!",
        "translation": "",
        "stage": 0,
        "context": null
    },
    {
        "key": "BAL_PRO_resistance_0:0",
        "original": "Resistance Power - §GPathethic§!",
        "translation": "",
        "stage": 0,
        "context": null
    },
    {
        "key": "BAL_PRO_resistance_1:0",
        "original": "Resistance Power - §CSmall§!",
        "translation": "",
        "stage": 0,
        "context": null
    },
    {
        "key": "BAL_PRO_resistance_2:0",
        "original": "Resistance Power - §YMedium§!",
        "translation": "",
        "stage": 0,
        "context": null
    },
    {
        "key": "BAL_PRO_resistance_3:0",
        "original": "Resistance Power - §RPowerful§!",
        "translation": "",
        "stage": 0,
        "context": null
    },
    {
        "key": "BAL_PRO_natives_0:0",
        "original": "Native Unity - §GDisunited§!",
        "translation": "",
        "stage": 0,
        "context": null
    },
    {
        "key": "BAL_PRO_natives_1:0",
        "original": "Native Unity - §CGrowing§!",
        "translation": "",
        "stage": 0,
        "context": null
    },
    {
        "key": "BAL_PRO_natives_2:0",
        "original": "Native Unity - §YUnited§!",
        "translation": "",
        "stage": 0,
        "context": null
    },
    {
        "key": "BAL_PRO_natives_3:0",
        "original": "Native Unity - §RIndivisible§!",
        "translation": "",
        "stage": 0,
        "context": null
    },
    {
        "key": "BAL_PRO_blood_cult_0:0",
        "original": "Sons of Ahuizotl Influence - §GNegligible§!",
        "translation": "",
        "stage": 0,
        "context": null
    },
    {
        "key": "BAL_PRO_blood_cult_1:0",
        "original": "Sons of Ahuizotl Influence - §CGrowing§!",
        "translation": "",
        "stage": 0,
        "context": null
    },
    {
        "key": "BAL_PRO_blood_cult_2:0",
        "original": "Sons of Ahuizotl Influence - §YPrevalent§!",
        "translation": "",
        "stage": 0,
        "context": null
    },
    {
        "key": "BAL_PRO_blood_cult_3:0",
        "original": "Sons of Ahuizotl Influence - §ROverwhelming§!",
        "translation": "",
        "stage": 0,
        "context": null
    },
    {
        "key": "BAL_PRO_my_feet_hurt:0",
        "original": "Alone In the Dark",
        "translation": "",
        "stage": 0,
        "context": null
    },
    {
        "key": "BAL_PRO_my_feet_hurt_desc:0",
        "original": "",
        "translation": "",
        "stage": -1,
        "context": null
    },
    {
        "key": "BAL_PRO_i_want_to_go_home:0",
        "original": "Far From The Lights of Vesalipolis",
        "translation": "",
        "stage": 0,
        "context": null
    },
    {
        "key": "BAL_PRO_i_want_to_go_home_desc:0",
        "original": "",
        "translation": "",
        "stage": -1,
        "context": null
    },
    {
        "key": "BAL_PRO_please_invest:0",
        "original": "Attract Investors",
        "translation": "",
        "stage": 0,
        "context": null
    },
    {
        "key": "BAL_PRO_please_invest_desc:0",
        "original": "",
        "translation": "",
        "stage": -1,
        "context": null
    },
    {
        "key": "BAL_PRO_logging_industry:0",
        "original": "South-Eastern Lumber",
        "translation": "",
        "stage": 0,
        "context": null
    },
    {
        "key": "BAL_PRO_logging_industry_desc:0",
        "original": "",
        "translation": "",
        "stage": -1,
        "context": null
    },
    {
        "key": "BAL_PRO_radio_network:0",
        "original": "Coast To Coast",
        "translation": "",
        "stage": 0,
        "context": null
    },
    {
        "key": "BAL_PRO_radio_network_desc:0",
        "original": "",
        "translation": "",
        "stage": -1,
        "context": null
    },
    {
        "key": "BAL_PRO_oh_rubber_tree:0",
        "original": "The Rubber Plantations",
        "translation": "",
        "stage": 0,
        "context": null
    },
    {
        "key": "BAL_PRO_oh_rubber_tree_desc:0",
        "original": "",
        "translation": "",
        "stage": -1,
        "context": null
    },
    {
        "key": "BAL_PRO_baltimare_to_technochitlan_railroad:0",
        "original": "From Baltimare To Tenochtitlan",
        "translation": "",
        "stage": 0,
        "context": null
    },
    {
        "key": "BAL_PRO_baltimare_to_technochitlan_railroad_desc:0",
        "original": "",
        "translation": "",
        "stage": -1,
        "context": null
    },
    {
        "key": "BAL_PRO_bullets:0",
        "original": "Every Bullet Counts",
        "translation": "",
        "stage": 0,
        "context": null
    },
    {
        "key": "BAL_PRO_bullets_desc:0",
        "original": "",
        "translation": "",
        "stage": -1,
        "context": null
    },
    {
        "key": "BAL_PRO_actual_support_from_the_fatherland:0",
        "original": "The Fatherland's Loyal Hatchlings",
        "translation": "",
        "stage": 0,
        "context": null
    },
    {
        "key": "BAL_PRO_actual_support_from_the_fatherland_desc:0",
        "original": "",
        "translation": "",
        "stage": -1,
        "context": null
    },
    {
        "key": "BAL_PRO_alright_enough_of_their_shit:0",
        "original": "Enough IS Enough!",
        "translation": "",
        "stage": 0,
        "context": null
    },
    {
        "key": "BAL_PRO_alright_enough_of_their_shit_desc:0",
        "original": "",
        "translation": "",
        "stage": -1,
        "context": null
    },
    {
        "key": "BAL_PRO_we_could_use_this:0",
        "original": "Subvert the Queen's Guard",
        "translation": "",
        "stage": 0,
        "context": null
    },
    {
        "key": "BAL_PRO_we_could_use_this_desc:0",
        "original": "",
        "translation": "",
        "stage": -1,
        "context": null
    },
    {
        "key": "BAL_PRO_please_send_help:0",
        "original": "Please Send Help",
        "translation": "",
        "stage": 0,
        "context": null
    },
    {
        "key": "BAL_PRO_please_send_help_desc:0",
        "original": "",
        "translation": "",
        "stage": -1,
        "context": null
    },
    {
        "key": "BAL_PRO_dig_out_the_hunting_rifles:0",
        "original": "Breaking Out The Museum Pieces",
        "translation": "",
        "stage": 0,
        "context": null
    },
    {
        "key": "BAL_PRO_dig_out_the_hunting_rifles_desc:0",
        "original": "",
        "translation": "",
        "stage": -1,
        "context": null
    },
    {
        "key": "BAL_PRO_alright_now_were_getting_somewhere:0",
        "original": "A Bit Of Kindness",
        "translation": "",
        "stage": 0,
        "context": null
    },
    {
        "key": "BAL_PRO_alright_now_were_getting_somewhere_desc:0",
        "original": "",
        "translation": "",
        "stage": -1,
        "context": null
    },
    {
        "key": "BAL_PRO_call_in_favours:0",
        "original": "Call In Every Favour We've Got",
        "translation": "",
        "stage": 0,
        "context": null
    },
    {
        "key": "BAL_PRO_call_in_favours_desc:0",
        "original": "",
        "translation": "",
        "stage": -1,
        "context": null
    },
    {
        "key": "BAL_PRO_antibiotics_and_a_lot_of_them:0",
        "original": "Penicilin And Other Wonderous Drugs",
        "translation": "",
        "stage": 0,
        "context": null
    },
    {
        "key": "BAL_PRO_antibiotics_and_a_lot_of_them_desc:0",
        "original": "",
        "translation": "",
        "stage": -1,
        "context": null
    },
    {
        "key": "BAL_PRO_alright_plan_b:0",
        "original": "We Might Need Some More Help",
        "translation": "",
        "stage": 0,
        "context": null
    },
    {
        "key": "BAL_PRO_alright_plan_b_desc:0",
        "original": "",
        "translation": "",
        "stage": -1,
        "context": null
    },
    {
        "key": "BAL_PRO_we_need_the_money:0",
        "original": "We Need the Money",
        "translation": "",
        "stage": 0,
        "context": null
    },
    {
        "key": "BAL_PRO_we_need_the_money_desc:0",
        "original": "",
        "translation": "",
        "stage": -1,
        "context": null
    },
    {
        "key": "BAL_PRO_the_needs_of_the_many:0",
        "original": "Missing Workers",
        "translation": "",
        "stage": 0,
        "context": null
    },
    {
        "key": "BAL_PRO_the_needs_of_the_many_desc:0",
        "original": "",
        "translation": "",
        "stage": -1,
        "context": null
    },
    {
        "key": "BAL_PRO_special_deals:0",
        "original": "Under The Table, Out Of The Mind",
        "translation": "",
        "stage": 0,
        "context": null
    },
    {
        "key": "BAL_PRO_special_deals_desc:0",
        "original": "",
        "translation": "",
        "stage": -1,
        "context": null
    },
    {
        "key": "BAL_PRO_technological_department:0",
        "original": "Black Sites",
        "translation": "",
        "stage": 0,
        "context": null
    },
    {
        "key": "BAL_PRO_technological_department_desc:0",
        "original": "",
        "translation": "",
        "stage": -1,
        "context": null
    },
    {
        "key": "BAL_PRO_jungle_training:0",
        "original": "Jungle Fever",
        "translation": "",
        "stage": 0,
        "context": null
    },
    {
        "key": "BAL_PRO_jungle_training_desc:0",
        "original": "",
        "translation": "",
        "stage": -1,
        "context": null
    },
    {
        "key": "BAL_PRO_fortunate_hatchlings:0",
        "original": "Project: Fortunate Hatchling",
        "translation": "",
        "stage": 0,
        "context": null
    },
    {
        "key": "BAL_PRO_fortunate_hatchlings_desc:0",
        "original": "",
        "translation": "",
        "stage": -1,
        "context": null
    },
    {
        "key": "BAL_PRO_the_queens_guard_arrive:0",
        "original": "The Arrival Of The Queen's Guard",
        "translation": "",
        "stage": 0,
        "context": null
    },
    {
        "key": "BAL_PRO_the_queens_guard_arrive_desc:0",
        "original": "",
        "translation": "",
        "stage": -1,
        "context": null
    },
    {
        "key": "BAL_PRO_wait_what_are_they_doing:0",
        "original": "Above the Law",
        "translation": "",
        "stage": 0,
        "context": null
    },
    {
        "key": "BAL_PRO_wait_what_are_they_doing_desc:0",
        "original": "",
        "translation": "",
        "stage": -1,
        "context": null
    },
    {
        "key": "BAL_PRO_advanced_interrogation:0",
        "original": "Advanced Interrogation Techniques",
        "translation": "",
        "stage": 0,
        "context": null
    },
    {
        "key": "BAL_PRO_advanced_interrogation_desc:0",
        "original": "",
        "translation": "",
        "stage": -1,
        "context": null
    },
    {
        "key": "BAL_PRO_reprisals:0",
        "original": "Ten For One",
        "translation": "",
        "stage": 0,
        "context": null
    },
    {
        "key": "BAL_PRO_reprisals_desc:0",
        "original": "",
        "translation": "",
        "stage": -1,
        "context": null
    },
    {
        "key": "BAL_PRO_napalm_sticks_to_bats:0",
        "original": "Napalm Sticks To Bats",
        "translation": "",
        "stage": 0,
        "context": null
    },
    {
        "key": "BAL_PRO_napalm_sticks_to_bats_desc:0",
        "original": "",
        "translation": "",
        "stage": -1,
        "context": null
    },
    {
        "key": "BAL_PRO_why_the_fuck_are_they_bringing_their_families:0",
        "original": "The Lebensborn",
        "translation": "",
        "stage": 0,
        "context": null
    },
    {
        "key": "BAL_PRO_why_the_fuck_are_they_bringing_their_families_desc:0",
        "original": "",
        "translation": "",
        "stage": -1,
        "context": null
    },
    {
        "key": "BAL_PRO_alright_guess_we_have_colonies_now:0",
        "original": "This Is Seriously Getting Out Of Hoof",
        "translation": "",
        "stage": 0,
        "context": null
    },
    {
        "key": "BAL_PRO_alright_guess_we_have_colonies_now_desc:0",
        "original": "",
        "translation": "",
        "stage": -1,
        "context": null
    },
    {
        "key": "BAL_PRO_and_theyre_using_slave_labour_now:0",
        "original": "Private Servants",
        "translation": "",
        "stage": 0,
        "context": null
    },
    {
        "key": "BAL_PRO_and_theyre_using_slave_labour_now_desc:0",
        "original": "",
        "translation": "",
        "stage": -1,
        "context": null
    },
    {
        "key": "BAL_PRO_i_need_a_friend:0",
        "original": "Hire A Therapist",
        "translation": "",
        "stage": 0,
        "context": null
    },
    {
        "key": "BAL_PRO_i_need_a_friend_desc:0",
        "original": "",
        "translation": "",
        "stage": -1,
        "context": null
    },
    {
        "key": "BAL_PRO_musical_therapy:0",
        "original": "Musical Therapy",
        "translation": "",
        "stage": 0,
        "context": null
    },
    {
        "key": "BAL_PRO_musical_therapy_desc:0",
        "original": "",
        "translation": "",
        "stage": -1,
        "context": null
    },
    {
        "key": "BAL_PRO_make_friends:0",
        "original": "Befriend Someone",
        "translation": "",
        "stage": 0,
        "context": null
    },
    {
        "key": "BAL_PRO_make_friends_desc:0",
        "original": "",
        "translation": "",
        "stage": -1,
        "context": null
    },
    {
        "key": "BAL_PRO_get_a_love_life:0",
        "original": "Try To Go Out On A Date",
        "translation": "",
        "stage": 0,
        "context": null
    },
    {
        "key": "BAL_PRO_get_a_love_life_desc:0",
        "original": "",
        "translation": "",
        "stage": -1,
        "context": null
    },
    {
        "key": "BAL_PRO_holy_shit_we_somehow_survived:0",
        "original": "I Can't Believe We Survived",
        "translation": "",
        "stage": 0,
        "context": null
    },
    {
        "key": "BAL_PRO_holy_shit_we_somehow_survived_desc:0",
        "original": "",
        "translation": "",
        "stage": -1,
        "context": null
    },
    {
        "key": "bal_pro.0.t:0",
        "original": "The Queen's Guard",
        "translation": "",
        "stage": 0,
        "context": null
    },
    {
        "key": "bal_pro.0.d:0",
        "original": "",
        "translation": "",
        "stage": -1,
        "context": null
    },
    {
        "key": "bal_pro.0.a:0",
        "original": "For fuck sake",
        "translation": "",
        "stage": 0,
        "context": null
    },
    {
        "key": "bal_pro.1.t:0",
        "original": "Disturbing Reports",
        "translation": "",
        "stage": 0,
        "context": null
    },
    {
        "key": "bal_pro.1.d:0",
        "original": "",
        "translation": "",
        "stage": -1,
        "context": null
    },
    {
        "key": "bal_pro.1.a:0",
        "original": "Hatcher almighty...",
        "translation": "",
        "stage": 0,
        "context": null
    },
    {
        "key": "bal_pro.2.t:0",
        "original": "Alone In The Dark",
        "translation": "",
        "stage": 0,
        "context": null
    },
    {
        "key": "bal_pro.2.d:0",
        "original": "",
        "translation": "",
        "stage": -1,
        "context": null
    },
    {
        "key": "bal_pro.2.a:0",
        "original": "Small steps...",
        "translation": "",
        "stage": 0,
        "context": null
    },
    {
        "key": "bal_pro.3.t:0",
        "original": "Far From The Lights Of Vesalipolis",
        "translation": "",
        "stage": 0,
        "context": null
    },
    {
        "key": "bal_pro.3.d:0",
        "original": "",
        "translation": "",
        "stage": -1,
        "context": null
    },
    {
        "key": "bal_pro.3.a:0",
        "original": "Welcome to the jungle folks!",
        "translation": "",
        "stage": 0,
        "context": null
    },
    {
        "key": "bal_pro.4.t:0",
        "original": "Investors From the Fatherland",
        "translation": "",
        "stage": 0,
        "context": null
    },
    {
        "key": "bal_pro.4.d:0",
        "original": "",
        "translation": "",
        "stage": -1,
        "context": null
    },
    {
        "key": "bal_pro.4.a:0",
        "original": "I'm glad they have some hope in us...",
        "translation": "",
        "stage": 0,
        "context": null
    },
    {
        "key": "bal_pro.5.t:0",
        "original": "The Sound Of Progress",
        "translation": "",
        "stage": 0,
        "context": null
    },
    {
        "key": "bal_pro.5.d:0",
        "original": "",
        "translation": "",
        "stage": -1,
        "context": null
    },
    {
        "key": "bal_pro.5.a:0",
        "original": "Wundebar",
        "translation": "",
        "stage": 0,
        "context": null
    },
    {
        "key": "BAL_PRO_the_blood_cult_tp:0",
        "original": "The §RThe Cult of Ahuizotl§! has surfaced! New §YDecisions§! have been unlocked\\n\\n",
        "translation": "",
        "stage": 0,
        "context": null
    },
    {
        "key": "BAL_PRO_queens_guard_tp:0",
        "original": "Congratulations the §RQueen's Guard§! has arrived to assist you! New §YDecisions§! have been unlocked\\n\\n",
        "translation": "",
        "stage": 0,
        "context": null
    },
    {
        "key": "BAL_PRO_garrison_5_tp:0",
        "original": "The Austral §GGarrison§!'s size will increase by §Y5%§!\\n\\n",
        "translation": "",
        "stage": 0,
        "context": null
    },
    {
        "key": "BAL_PRO_garrison_2_native_unrest_3_resistance_6_tp:0",
        "original": "The Austral §GGarrison's Size§! will decrease by §Y2%§!\\nThe §RNative Unity§! will increase by §Y3%§!\\nThe §RResistance's Power§! will increase by §Y6%§!\\n\\n",
        "translation": "",
        "stage": 0,
        "context": null
    },
    {
        "key": "BAL_PRO_garrison_2_native_unrest_3_resistance_6_blood_cult_3_tp:0",
        "original": "The Austral §GGarrison's Size§! will decrease by §Y2%§!\\nThe §RNative Unity§! will increase by §Y3%§!\\nThe §RResistance's Power§! will increase by §Y6%§!\\nThe §RSons of Ahuizotl's Influence§! will increase by §Y3%§!\\n\\n",
        "translation": "",
        "stage": 0,
        "context": null
    },
    {
        "key": "BAL_PRO_garrison_2_native_unrest_5_blood_cult_5_tp:0",
        "original": "The Austral §GGarrison's Size§! will decrease by §Y2%§!\\nThe §RNative Unity§! will increase by §Y5%§!\\nThe §RSons of Ahuizotl's Influence§! will increase by §Y5%§!\\n\\n",
        "translation": "",
        "stage": 0,
        "context": null
    },
    {
        "key": "BAL_PRO_garrison_2_native_unrest_5_tp:0",
        "original": "The Austral §GGarrison's Size§! will decrease by §Y2%§!\\nThe §RNative Unity§! will increase by §Y5%§!\\n\\n",
        "translation": "",
        "stage": 0,
        "context": null
    },
    {
        "key": "BAL_PRO_initial_units_tp:0",
        "original": "Spawns §YSeven§! divisions of §YJagers§!\\n\\n",
        "translation": "",
        "stage": 0,
        "context": null
    },
    {
        "key": "BAL_changeling_garrison_cost_2_tp:0",
        "original": "Decreases §GGarrison Size§! by §Y2%§!\\n\\n",
        "translation": "",
        "stage": 0,
        "context": null
    },
    {
        "key": "BAL_changeling_garrison_cost_3_tp:0",
        "original": "Decreases §GGarrison Size§! by §Y3%§!\\n\\n",
        "translation": "",
        "stage": 0,
        "context": null
    },
    {
        "key": "BAL_changeling_garrison_cost_4_tp:0",
        "original": "Decreases §GGarrison Size§! by §Y4%§!\\n\\n",
        "translation": "",
        "stage": 0,
        "context": null
    },
    {
        "key": "BAL_changeling_garrison_cost_2_blood_cult_2_tp:0",
        "original": "Decreases §GGarrison Size§! by §Y2%§!\\nThe §RSons of Ahuizotl's Influence§! will increase by §Y2%§!\\n\\n",
        "translation": "",
        "stage": 0,
        "context": null
    },
    {
        "key": "BAL_changeling_garrison_cost_3_blood_cult_3_tp:0",
        "original": "Decreases §GGarrison Size§! by §Y3%§!\\nThe §RSons of Ahuizotl's Influence§! will increase by §Y3%§!\\n\\n",
        "translation": "",
        "stage": 0,
        "context": null
    },
    {
        "key": "BAL_changeling_garrison_cost_4_blood_cult_4_tp:0",
        "original": "Decreases §GGarrison Size§! by §Y4%§!\\nThe §RSons of Ahuizotl's Influence§! will increase by §Y4%§!\\n\\n",
        "translation": "",
        "stage": 0,
        "context": null
    },
    {
        "key": "BAL_unrest_increase_2_dis_3_tp:0",
        "original": "The §RNative Unity§! will increase by §Y2%§!\\nThe §RResistance's Power§! will increase by §Y2%§!\\nLarynx's §RStress Level§! will increase by §Y3%§!\\nThe Queen's Guard's §RDissatisfaction§! will increase by §Y3%§!\\n\\n",
        "translation": "",
        "stage": 0,
        "context": null
    },
    {
        "key": "BAL_unrest_increase_3_dis_4_tp:0",
        "original": "The §RNative Unity§! will increase by §Y2%§!\\nThe §RResistance's Power§! will increase by §Y2%§!\\nLarynx's §RStress Level§! will increase by §Y3%§!\\nThe Queen's Guard's §RDissatisfaction§! will increase by §Y4%§!\\n\\n",
        "translation": "",
        "stage": 0,
        "context": null
    },
    {
        "key": "BAL_unrest_increase_4_dis_5_tp:0",
        "original": "The §RNative Unity§! will increase by §Y2%§!\\nThe §RResistance's Power§! will increase by §Y2%§!\\nLarynx's §RStress Level§! will increase by §Y3%§!\\nThe Queen's Guard's §RDissatisfaction§! will increase by §Y5%§!\\n\\n",
        "translation": "",
        "stage": 0,
        "context": null
    },
    {
        "key": "BAL_unrest_increase_2_tp:0",
        "original": "The §RNative Unity§! will increase by §Y2%§!\\nThe §RResistance's Power§! will increase by §Y2%§!\\nLarynx's §RStress Level§! will increase by §Y3%§!\\n\\n",
        "translation": "",
        "stage": 0,
        "context": null
    },
    {
        "key": "BAL_unrest_increase_3_tp:0",
        "original": "The §RNative Unity§! will increase by §Y3%§!\\nThe §RResistance's Power§! will increase by §Y3%§!\\nLarynx's §RStress Level§! will increase by §Y4%§!\\n\\n",
        "translation": "",
        "stage": 0,
        "context": null
    },
    {
        "key": "BAL_unrest_increase_4_tp:0",
        "original": "The §RNative Unity§! will increase by §Y4%§!\\nThe §RResistance's Power§! will increase by §Y4%§!\\nLarynx's §RStress Level§! will increase by §Y5%§!\\n\\n",
        "translation": "",
        "stage": 0,
        "context": null
    },
    {
        "key": "BAL_PRO_arrival_tp:0",
        "original": "§GThe Queen's Guard have arrived to relieve you!§!\\n\\n",
        "translation": "",
        "stage": 0,
        "context": null
    },
    {
        "key": "BAL_PRO_economics_tp:0",
        "original": "Unlocks new §YEconomic§! decisions\\n\\n",
        "translation": "",
        "stage": 0,
        "context": null
    },
    {
        "key": "BAL_PRO_army:0",
        "original": "The Changeling Garrison",
        "translation": "",
        "stage": 0,
        "context": null
    },
    {
        "key": "BAL_PRO_army_desc:0",
        "original": "We are surrounded by enemies on all sides, the only thing keeping order in this mosquito infested hellhole are the brave changelings of the Austral §GGarrison§!.\\n\\nUnfortunately for us, we are on the very edge of the Changeling Empire and as such the garrison receives little to no support from the Fatherland.\\n\\nThe §GGarrison's Size§! is at §Y[?BAL_changeling_garrison]%§!",
        "translation": "",
        "stage": 0,
        "context": null
    },
    {
        "key": "BAL_PRO_resistance_d:0",
        "original": "The HMCMDR",
        "translation": "",
        "stage": 0,
        "context": null
    },
    {
        "key": "BAL_PRO_resistance_d_desc:0",
        "original": "Unlike our General Staff's initial predictions it seems as if the Ponies have not been fully cowed by their defeat in the Great War. As such many of them have taken to joining the newly formed §RHMCMDR§!.\\n\\nThis clandestine organisation; comprised of a myriad of scattered Resistance groups and rebel cells seeks to overthrow the Protectorate's rightful government and restore Equestrian rule to the South-East.\\n\\n§RHMCMDR's Power§! is at §Y[?BAL_resistance]%§!",
        "translation": "",
        "stage": 0,
        "context": null
    },
    {
        "key": "BAL_PRO_natives_d:0",
        "original": "The Natives",
        "translation": "",
        "stage": 0,
        "context": null
    },
    {
        "key": "BAL_PRO_natives_d_desc:0",
        "original": "The §RNatives§! of the Equestrian South-East have proven surprisingly resistant to our rule. While primitive and uncivilized they are masters of guerilla warfare and as such make any changeling think twice before going into the Protectorate's jungles.\\n\\nThankfully for us the §RNatives§! are far too scattered, diverse and disorganised to even be capable of posing a threat to the Protectorate's Government.\\n\\nThe §RNative's Unity§! is at §Y[?BAL_natives]%§!",
        "translation": "",
        "stage": 0,
        "context": null
    },
    {
        "key": "BAL_PRO_stress_d:0",
        "original": "The Burdens Of Leadership",
        "translation": "",
        "stage": 0,
        "context": null
    },
    {
        "key": "BAL_PRO_stress_d_desc:0",
        "original": "Lead the Austral Protectorate is a thankless job, not only that is an extremely stressful and demanding job. One that requires nigh unending dedication and effort.\\n\\nAs such it'd be prudent to keep an eye out on the Lord Protector lest he suffer a §Rmental breakdown§!.\\n\\n Larynx's §RStress Level§! is at §Y[?BAL_stress]%§!\\n\\n",
        "translation": "",
        "stage": 0,
        "context": null
    },
    {
        "key": "BAL_PRO_blood_cult_d:0",
        "original": "The Sons Of Ahuizotl",
        "translation": "",
        "stage": 0,
        "context": null
    },
    {
        "key": "BAL_PRO_blood_cult_d_desc:0",
        "original": "Our various projects in the Equestrian South-East have managed to earn the ire of the numerous §RNative§! tribes in the area.\\n\\nWhile we have always known this would be an issue we could not have predicted the depths the §RNatives§! would sink to chase us out of their land.\\n\\nA group calling themselves the §RSons of Ahuizotl§! have taken it upon themselves to resurrect the ancient Neighuatl practice of blood sacrifice... needless to say the effects of this revival on our troops' morale have been profound, to make matters worse the §RSons of Ahuizotl§! have begun rapidly growing by absorbing displaced or otherwise bitter tribes.\\n\\n The §RSons of Ahuizotl§! are at §Y[?BAL_blood_cult]%§! §RPower§!\\n\\n",
        "translation": "",
        "stage": 0,
        "context": null
    },
    {
        "key": "BAL_PRO_queens_guard_d:0",
        "original": "The Queen's Most Loyal Servants",
        "translation": "",
        "stage": 0,
        "context": null
    },
    {
        "key": "BAL_PRO_queens_guard_d_desc:0",
        "original": "The ever loyal and dogmatic §RQueen's Guard§! have arrived! Why they're here no one knows, but one thing is for certain they're a pain in the flank to deal with. We must tread carefully with our dealings with them, as one wrong step could end in the §GLord Protector§!'s execution.\\n\\nThe §RQueen's Guard§! are at §Y[?BAL_queens_guard_dis]%§! §RDissatisfaction§!\\n\\n",
        "translation": "",
        "stage": 0,
        "context": null
    },
    {
        "key": "BAL_PRO_crisis_cat:0",
        "original": "Rumble In The Jungle",
        "translation": "",
        "stage": 0,
        "context": null
    },
    {
        "key": "BAL_PRO_crisis_cat_desc:0",
        "original": "",
        "translation": "",
        "stage": -1,
        "context": null
    },
    {
        "key": "BAL_status_report_1:0",
        "original": "Status Report - Garrison Readiness",
        "translation": "",
        "stage": 0,
        "context": null
    },
    {
        "key": "BAL_status_report_2:0",
        "original": "Status Report - Resistance Activity",
        "translation": "",
        "stage": 0,
        "context": null
    },
    {
        "key": "BAL_status_report_3:0",
        "original": "Status Report - Native Activity",
        "translation": "",
        "stage": 0,
        "context": null
    },
    {
        "key": "BAL_status_report_4:0",
        "original": "Status Report - Psychological Profile",
        "translation": "",
        "stage": 0,
        "context": null
    },
    {
        "key": "BAL_status_report_5:0",
        "original": "Status Report - The Sons of Ahuizotl",
        "translation": "",
        "stage": 0,
        "context": null
    },
    {
        "key": "BAL_status_report_6:0",
        "original": "Status Report - The Queen's Guard",
        "translation": "",
        "stage": 0,
        "context": null
    },
    {
        "key": "BAL_PRO_state_crisis:0",
        "original": "Rebel Uprising",
        "translation": "",
        "stage": 0,
        "context": null
    },
    {
        "key": "BAL_PRO_state_crisis_desc:0",
        "original": "The Natives and the Resistance have taken to arms in one of our states! If we do not deal with them swiftly and decisively they could potentially cause untold damage!",
        "translation": "",
        "stage": 0,
        "context": null
    },
    {
        "key": "BAL_protectorate_dem:0",
        "original": "HMCMDR",
        "translation": "",
        "stage": 0,
        "context": null
    },
    {
        "key": "BAL_protectorate_dem_long:0",
        "original": "Her Majesty Celestia's Most Devout Resistance",
        "translation": "",
        "stage": 0,
        "context": null
    },
    {
        "key": "BAL_protectorate_fas:0",
        "original": "Changeling Administration",
        "translation": "",
        "stage": 0,
        "context": null
    },
    {
        "key": "BAL_protectorate_fas_long:0",
        "original": "The Changeling Administration of South-Eastern Equestria",
        "translation": "",
        "stage": 0,
        "context": null
    },
    {
        "key": "BAL_protectorate_com:0",
        "original": "Baltimare Resistance",
        "translation": "",
        "stage": 0,
        "context": null
    },
    {
        "key": "BAL_protectorate_com_long:0",
        "original": "The Baltimare Resistance",
        "translation": "",
        "stage": 0,
        "context": null
    },
    {
        "key": "BAL_protectorate_neu:0",
        "original": "The Natives",
        "translation": "",
        "stage": 0,
        "context": null
    },
    {
        "key": "BAL_protectorate_neu_long:0",
        "original": "The Natives",
        "translation": "",
        "stage": 0,
        "context": null
    },
    {
        "key": "BAL_PRO_blood_cult:0",
        "original": "The Cult of Ahuizotl Has Formed",
        "translation": "",
        "stage": 0,
        "context": null
    },
    {
        "key": "BAL_PRO_queens_guard_flag:0",
        "original": "The Queen's Guard Has Arrived",
        "translation": "",
        "stage": 0,
        "context": null
    }
]