[
    {
        "key": "greater_equestria:0",
        "original": "the Focus Tree of Greater Equestrian Union",
        "translation": "",
        "stage": 0,
        "context": null
    },
    {
        "key": "GEU_unite_nation:0",
        "original": "One Will",
        "translation": "",
        "stage": 0,
        "context": null
    },
    {
        "key": "GEU_unite_nation_desc:0",
        "original": "It's clear that if we are to survive, there must be no more free will, only Dark Wing's will.",
        "translation": "",
        "stage": 0,
        "context": null
    },
    {
        "key": "GEU_seize_factories:0",
        "original": "Nationalise Equestrian Businesses",
        "translation": "",
        "stage": 0,
        "context": null
    },
    {
        "key": "GEU_seize_factories_desc:0",
        "original": "The Equestrians might have been useful once for giving us food, but now it is clear that their blighted capitalism seeks to poison our land and our people. Now we shall take from them everything. All assets to the People's Commissariat!",
        "translation": "",
        "stage": 0,
        "context": null
    },
    {
        "key": "GEU_war_economy_f:0",
        "original": "War on the Home Front",
        "translation": "",
        "stage": 0,
        "context": null
    },
    {
        "key": "GEU_war_economy_f_desc:0",
        "original": "The workers and peasants must give their all for the war effort. The nation cannot tolerate cowardice in the factory while its glorious soldiers fight and die on the front lines.",
        "translation": "",
        "stage": 0,
        "context": null
    },
    {
        "key": "GEU_war_plan:0",
        "original": "War Plan Red",
        "translation": "",
        "stage": 0,
        "context": null
    },
    {
        "key": "GEU_war_plan_desc:0",
        "original": "If we are to liberate the Equestrians from themselves before their enemies liberate them from their lives, we need a plan, a great plan, the best plan that anypony has ever had. War Plan Red, the so-called 'year of violence,' is that plan.",
        "translation": "",
        "stage": 0,
        "context": null
    },
    {
        "key": "GEU_mass_conscription:0",
        "original": "Conscript the Nation",
        "translation": "",
        "stage": 0,
        "context": null
    },
    {
        "key": "GEU_mass_conscription_desc:0",
        "original": "No excuses, no exceptions, no quarter. Everypony must serve if we are to survive.",
        "translation": "",
        "stage": 0,
        "context": null
    },
    {
        "key": "GEU_new_units:0",
        "original": "Penal Battalions",
        "translation": "",
        "stage": 0,
        "context": null
    },
    {
        "key": "GEU_new_units_desc:0",
        "original": "The foolish Equestrians called these ponies criminals, but we shall call them heroes.",
        "translation": "",
        "stage": 0,
        "context": null
    },
    {
        "key": "GEU_new_units_tt:0",
        "original": "Spawns §YTwelve Infantry Divisions§!\\n",
        "translation": "",
        "stage": 0,
        "context": null
    },
    {
        "key": "GEU_wait_what:0",
        "original": "The Comrade General Secretary's Speech",
        "translation": "",
        "stage": 0,
        "context": null
    },
    {
        "key": "GEU_wait_what_desc:0",
        "original": "Now that Dark Wing's reforms are in place, our glorious leader is set to deliver a speech about the future of the nation.",
        "translation": "",
        "stage": 0,
        "context": null
    },
    {
        "key": "GEU_authority:0",
        "original": "New Priorities",
        "translation": "",
        "stage": 0,
        "context": null
    },
    {
        "key": "GEU_authority_desc:0",
        "original": "Now that Equestria is out of the picture, it is time the rest of the world learned to fear its new master.",
        "translation": "",
        "stage": 0,
        "context": null
    },
    {
        "key": "GEU_war_plan_black:0",
        "original": "War Plan Black",
        "translation": "",
        "stage": 0,
        "context": null
    },
    {
        "key": "GEU_war_plan_black_desc:0",
        "original": "The Changelings might have been a convenient distraction, but they have outlived their usefulness. We must now prepare for the future.",
        "translation": "",
        "stage": 0,
        "context": null
    },
    {
        "key": "GEU_fortification:0",
        "original": "Fortification Alacrity",
        "translation": "",
        "stage": 0,
        "context": null
    },
    {
        "key": "GEU_fortification_desc:0",
        "original": "While preparing for the inevitable, it has been determined that fortifications would be quite useful should the Changelings strike first. The general staff estimate that it should take two years to finish construction before the next conflict.",
        "translation": "",
        "stage": 0,
        "context": null
    },
    {
        "key": "GEU_CHN_conflict:0",
        "original": "Changeling Conflict",
        "translation": "",
        "stage": 0,
        "context": null
    },
    {
        "key": "GEU_CHN_conflict_desc:0",
        "original": "Our betrayal of our old allies might seem sudden, but it was inevitable. The time has come to implement War Plan Black and integrate the Changelings into the nation by force.",
        "translation": "",
        "stage": 0,
        "context": null
    },
    {
        "key": "GEU_cores:0",
        "original": "Enforcing the Will",
        "translation": "",
        "stage": 0,
        "context": null
    },
    {
        "key": "GEU_cores_desc:0",
        "original": "The rest of Equestria must learn their place. Their princesses are gone, their sovereignty a thing of the past, and they only live now to serve in Dark Wing's glorious state. The only thing left to do is crush their hope of anything else.",
        "translation": "",
        "stage": 0,
        "context": null
    },
    {
        "key": "GEU_capital:0",
        "original": "New Digs",
        "translation": "",
        "stage": 0,
        "context": null
    },
    {
        "key": "GEU_capital_desc:0",
        "original": "With Equestria under Dark Wing's control, the option is now left open to choose a new capital for his new nation if he so chooses.",
        "translation": "",
        "stage": 0,
        "context": null
    },
    {
        "key": "GEU_crystal_cores:0",
        "original": "Crystalline Integration",
        "translation": "",
        "stage": 0,
        "context": null
    },
    {
        "key": "GEU_crystal_cores_desc:0",
        "original": "The Crystal Ponies foolishly refuse to bow down to Dark Wing. We shall correct this behaviour.",
        "translation": "",
        "stage": 0,
        "context": null
    },
    {
        "key": "GEU_ban_communism:0",
        "original": "Remove the Old Guard",
        "translation": "",
        "stage": 0,
        "context": null
    },
    {
        "key": "GEU_ban_communism_desc:0",
        "original": "Some disloyal degenerates survived the initial purge and are advocating for a return of the politburo. These fools need a protracted reeducation and liquidation campaign to expunge.",
        "translation": "",
        "stage": 0,
        "context": null
    },
    {
        "key": "GEU_entrench:0",
        "original": "Equestrian Fans",
        "translation": "",
        "stage": 0,
        "context": null
    },
    {
        "key": "GEU_entrench_desc:0",
        "original": "With a series of heartfelt and truly genuine speeches with no hidden agenda whatsoever, our Imperious Leader shall win over those few foolish Equestrians who have yet to realise how wonderful he is.",
        "translation": "",
        "stage": 0,
        "context": null
    },
    {
        "key": "GEU_crush:0",
        "original": "End of Equestria",
        "translation": "",
        "stage": 0,
        "context": null
    },
    {
        "key": "GEU_crush_desc:0",
        "original": "The time has come to snuff out the last of these rebels and saboteurs who seek to undermine the GEU. We have taken their hope, and now we shall take their lives.",
        "translation": "",
        "stage": 0,
        "context": null
    },
    {
        "key": "GEU_army:0",
        "original": "Let's Get Dangerous",
        "translation": "",
        "stage": 0,
        "context": null
    },
    {
        "key": "GEU_army_desc:0",
        "original": "We are the terror that flaps in the night, we are the flags that reduce your borders, we are the blockade that runs up the price of your favourite brand of bread, we are the Greater Equestrian Union!",
        "translation": "",
        "stage": 0,
        "context": null
    },
    {
        "key": "GEU_navy:0",
        "original": "Imperious Navy",
        "translation": "",
        "stage": 0,
        "context": null
    },
    {
        "key": "GEU_navy_desc:0",
        "original": "New lands wait across the seas for conquest.  We need only build a boat to get there.",
        "translation": "",
        "stage": 0,
        "context": null
    },
    {
        "key": "GEU_carriers:0",
        "original": "Water Landings",
        "translation": "",
        "stage": 0,
        "context": null
    },
    {
        "key": "GEU_carriers_desc:0",
        "original": "War games for future sea conflict show warships being sunk over and over again by aircraft. Thus it is clear that ships that carry planes are the future of naval combat.",
        "translation": "",
        "stage": 0,
        "context": null
    },
    {
        "key": "GEU_carrier_planes:0",
        "original": "Water Take-Offs",
        "translation": "",
        "stage": 0,
        "context": null
    },
    {
        "key": "GEU_carrier_planes_desc:0",
        "original": "The official in charge of developing our aircraft carriers forgot to design aircraft for them to carry. He has now been executed for treason, and his replacement is preparing several new aircraft designs.",
        "translation": "",
        "stage": 0,
        "context": null
    },
    {
        "key": "GEU_carriers_part_2:0",
        "original": "This Time, Definitely!",
        "translation": "",
        "stage": 0,
        "context": null
    },
    {
        "key": "GEU_carriers_part_2_desc:0",
        "original": "We have since learned from our previous mistakes and shall develop aircraft carriers in concert with the aircraft they are to carry.",
        "translation": "",
        "stage": 0,
        "context": null
    },
    {
        "key": "GEU_escorts_focus:0",
        "original": "Fleet Defence",
        "translation": "",
        "stage": 0,
        "context": null
    },
    {
        "key": "GEU_escorts_focus_desc:0",
        "original": "Whatever the composition of our fleet, we shall need destroyers and light cruisers to keep them safe from submarines and aircraft.",
        "translation": "",
        "stage": 0,
        "context": null
    },
    {
        "key": "GEU_battleships:0",
        "original": "Classic Firepower",
        "translation": "",
        "stage": 0,
        "context": null
    },
    {
        "key": "GEU_battleships_desc:0",
        "original": "History has shown over and over again that the only thing that can defeat a big ship is an even bigger ship. We should embrace this lesson.",
        "translation": "",
        "stage": 0,
        "context": null
    },
    {
        "key": "GEU_cruisers:0",
        "original": "High Seas Interceptors",
        "translation": "",
        "stage": 0,
        "context": null
    },
    {
        "key": "GEU_cruisers_desc:0",
        "original": "The only flaw in our doctrine is that battleships tend to be slow. A new heavy cruiser or battlecruiser design should remedy the problem of escaping ships.",
        "translation": "",
        "stage": 0,
        "context": null
    },
    {
        "key": "GEU_better_ships:0",
        "original": "Battleships of the Future",
        "translation": "",
        "stage": 0,
        "context": null
    },
    {
        "key": "GEU_better_ships_desc:0",
        "original": "Time continues to flow on, but so do our battleship designs. Our mighty warships shall continue to crush all those who oppose them for years to come.",
        "translation": "",
        "stage": 0,
        "context": null
    },
    {
        "key": "GEU_army_reform:0",
        "original": "Greater Equestrian Army",
        "translation": "",
        "stage": 0,
        "context": null
    },
    {
        "key": "GEU_army_reform_desc:0",
        "original": "The efforts of our army during the war with the southern fools were commendable, but improvements can always be made.",
        "translation": "",
        "stage": 0,
        "context": null
    },
    {
        "key": "GEU_doctrine_mobile:0",
        "original": "Got to Go Fast",
        "translation": "",
        "stage": 0,
        "context": null
    },
    {
        "key": "GEU_doctrine_mobile_desc:0",
        "original": "If there was one lesson to be learned from our war with the misguided foals to the south, it was that objectives needed to be captured as fast as possible. It's time we applied those lessons.",
        "translation": "",
        "stage": 0,
        "context": null
    },
    {
        "key": "GEU_light_tanks:0",
        "original": "Lightning Lights",
        "translation": "",
        "stage": 0,
        "context": null
    },
    {
        "key": "GEU_light_tanks_desc:0",
        "original": "Light tanks are the fastest of all tanks, and thus the most perfect of all tanks to make up the bulk of our army.",
        "translation": "",
        "stage": 0,
        "context": null
    },
    {
        "key": "GEU_medium_tanks:0",
        "original": "Powerful Mediums",
        "translation": "",
        "stage": 0,
        "context": null
    },
    {
        "key": "GEU_medium_tanks_desc:0",
        "original": "While they're slow compared to most of our armour, medium tanks can provide a vital punch in situations where the enemy has dug in. Just keep telling yourself, 'At least it's not a heavy.'",
        "translation": "",
        "stage": 0,
        "context": null
    },
    {
        "key": "GEU_cheap_tanks:0",
        "original": "Red Tanks",
        "translation": "",
        "stage": 0,
        "context": null
    },
    {
        "key": "GEU_cheap_tanks_desc:0",
        "original": "By implementing a policy of painting all new tanks red, we shall not only show our patriotic fervour, but we shall also increase the speed of our vehicles by an estimated ten percent!",
        "translation": "",
        "stage": 0,
        "context": null
    },
    {
        "key": "GEU_complex:0",
        "original": "Army Factories",
        "translation": "",
        "stage": 0,
        "context": null
    },
    {
        "key": "GEU_complex_desc:0",
        "original": "With all the new designs coming out for the army and expansion always happening, we shall need more factories to continue production.",
        "translation": "",
        "stage": 0,
        "context": null
    },
    {
        "key": "GEU_doctrine_mass:0",
        "original": "Gigantic Assault",
        "translation": "",
        "stage": 0,
        "context": null
    },
    {
        "key": "GEU_doctrine_mass_desc:0",
        "original": "If there is one thing we learned during the war with our erstwhile masters, it is that war is fought across truly massive fronts, and our doctrine needs to support that.",
        "translation": "",
        "stage": 0,
        "context": null
    },
    {
        "key": "GEU_weapons:0",
        "original": "Advanced Conscripts",
        "translation": "",
        "stage": 0,
        "context": null
    },
    {
        "key": "GEU_weapons_desc:0",
        "original": "While deploying massive numbers of cheap equipment to our troops might work in the short run. In the long run, we will have to upgrade if we do not want our enemies to break our lines.",
        "translation": "",
        "stage": 0,
        "context": null
    },
    {
        "key": "GEU_support:0",
        "original": "Grand Scale Support",
        "translation": "",
        "stage": 0,
        "context": null
    },
    {
        "key": "GEU_support_desc:0",
        "original": "As we advance the technology of our infantry, the technology of the tens of thousands of ponies that support them must also be improved.",
        "translation": "",
        "stage": 0,
        "context": null
    },
    {
        "key": "GEU_more_troops:0",
        "original": "Die for Dark Wing",
        "translation": "",
        "stage": 0,
        "context": null
    },
    {
        "key": "GEU_more_troops_desc:0",
        "original": "With each new conquest, the casualties keep mounting. We need more minions, and we need them faster. The populace must be mobilised!",
        "translation": "",
        "stage": 0,
        "context": null
    },
    {
        "key": "GEU_airforce:0",
        "original": "Greatest Equestrian Air Force",
        "translation": "",
        "stage": 0,
        "context": null
    },
    {
        "key": "GEU_airforce_desc:0",
        "original": "Everywhere we go, the air force can not only follow, but get there first. So our glorious force of the air must be the greatest in the world.",
        "translation": "",
        "stage": 0,
        "context": null
    },
    {
        "key": "GEU_air_support:0",
        "original": "Subsidiary Aircraft",
        "translation": "",
        "stage": 0,
        "context": null
    },
    {
        "key": "GEU_air_support_desc:0",
        "original": "The army leads the charge, the army takes ground, and so the air force must support the army.",
        "translation": "",
        "stage": 0,
        "context": null
    },
    {
        "key": "GEU_cas:0",
        "original": "Precise Support Craft",
        "translation": "",
        "stage": 0,
        "context": null
    },
    {
        "key": "GEU_cas_desc:0",
        "original": "Dive bombers and other close air support craft are the duck's quack of our doctrine, and we need more of them.",
        "translation": "",
        "stage": 0,
        "context": null
    },
    {
        "key": "GEU_tatical_b:0",
        "original": "Versatile Support Craft",
        "translation": "",
        "stage": 0,
        "context": null
    },
    {
        "key": "GEU_tatical_b_desc:0",
        "original": "Level bombers might seem useless compared to the exceptional dive bombers, but should we ever need to break a fort, they could be useful.",
        "translation": "",
        "stage": 0,
        "context": null
    },
    {
        "key": "GEU_airbase:0",
        "original": "Airbase Acquisition",
        "translation": "",
        "stage": 0,
        "context": null
    },
    {
        "key": "GEU_airbase_desc:0",
        "original": "Our subjects weren't using those fields, really. We need them more, we promise.",
        "translation": "",
        "stage": 0,
        "context": null
    },
    {
        "key": "GEU_air_supremecy:0",
        "original": "Death From Above",
        "translation": "",
        "stage": 0,
        "context": null
    },
    {
        "key": "GEU_air_supremecy_desc:0",
        "original": "Aircraft are the future of warfare, capable of annihilating entire nations without even seeing their foe. Our doctrine must reflect this with a devastating strategic bombing campaign.",
        "translation": "",
        "stage": 0,
        "context": null
    },
    {
        "key": "GEU_fighters:0",
        "original": "Masters of the Sky",
        "translation": "",
        "stage": 0,
        "context": null
    },
    {
        "key": "GEU_fighters_desc:0",
        "original": "Our new bombers will need escorts before their mission can begin. They will not go unprotected.",
        "translation": "",
        "stage": 0,
        "context": null
    },
    {
        "key": "GEU_strategic_b:0",
        "original": "Devastation",
        "translation": "",
        "stage": 0,
        "context": null
    },
    {
        "key": "GEU_strategic_b_desc:0",
        "original": "The crown jewel of our new air force will be a new heavy bomber to annihilate our enemies.",
        "translation": "",
        "stage": 0,
        "context": null
    },
    {
        "key": "GEU_nationalization:0",
        "original": "Total Nationalisation",
        "translation": "",
        "stage": 0,
        "context": null
    },
    {
        "key": "GEU_nationalization_desc:0",
        "original": "All within the state, nothing outside the state, nothing against the state.",
        "translation": "",
        "stage": 0,
        "context": null
    },
    {
        "key": "GEU_red_oligarchs:0",
        "original": "Delegate, Delegate, Delegate",
        "translation": "",
        "stage": 0,
        "context": null
    },
    {
        "key": "GEU_red_oligarchs_desc:0",
        "original": "As amazingly awesome as Dark Wing is, he cannot rule alone. He needs henchmen to rule over his minions while he's doing more important stuff.",
        "translation": "",
        "stage": 0,
        "context": null
    },
    {
        "key": "GEU_civ_factories:0",
        "original": "Concrete and Toasters",
        "translation": "",
        "stage": 0,
        "context": null
    },
    {
        "key": "GEU_civ_factories_desc:0",
        "original": "Not every factory can be making guns. We still need factories to make the stuff to make the gun factories, not to mention toasters for Dark Wing's minions.",
        "translation": "",
        "stage": 0,
        "context": null
    },
    {
        "key": "GEU_oil_barons:0",
        "original": "Oil Barony of Lightway",
        "translation": "",
        "stage": 0,
        "context": null
    },
    {
        "key": "GEU_oil_barons_desc:0",
        "original": "Some of Dark Wing's hooflickers claim that they can extract oil from the Lightway Collective Farm. It is outrageous, but His Benevolence will let them if they also build a synthetic refinery on the land.",
        "translation": "",
        "stage": 0,
        "context": null
    },
    {
        "key": "GEU_battalions:0",
        "original": "Collective Levies",
        "translation": "",
        "stage": 0,
        "context": null
    },
    {
        "key": "GEU_battalions_desc:0",
        "original": "Dark Wing's lackeys claim they need forces under their command to keep the peasants from revolting. The Imperious Leader shall allow this, so long as these forces will answer his call.",
        "translation": "",
        "stage": 0,
        "context": null
    },
    {
        "key": "GEU_equipment_making:0",
        "original": "Factory Vassals",
        "translation": "",
        "stage": 0,
        "context": null
    },
    {
        "key": "GEU_equipment_making_desc:0",
        "original": "Some important industry leaders claim that they can make weapons for the Imperious Leader with 10% less effort. That is statistically significant over time.",
        "translation": "",
        "stage": 0,
        "context": null
    },
    {
        "key": "GEU_international_arms:0",
        "original": "Lords of War",
        "translation": "",
        "stage": 0,
        "context": null
    },
    {
        "key": "GEU_international_arms_desc:0",
        "original": "The world is on fire, and everypony needs weapons and resources. Dark Wing's cronies will supply the world with the means they need to kill each other, and in return, we will gain the ability to kill them.",
        "translation": "",
        "stage": 0,
        "context": null
    },
    {
        "key": "GEU_cult_personality:0",
        "original": "Dark Wing's Fandom",
        "translation": "",
        "stage": 0,
        "context": null
    },
    {
        "key": "GEU_cult_personality_desc:0",
        "original": "Dark Wing is love. Dark Wing is life.",
        "translation": "",
        "stage": 0,
        "context": null
    },
    {
        "key": "GEU_propaganda:0",
        "original": "The Dark Wing Show",
        "translation": "",
        "stage": 0,
        "context": null
    },
    {
        "key": "GEU_propaganda_desc:0",
        "original": "Our gloriously amazing and awesome Imperious Leader has decided to start his own TV show, directed by Dark Wing, produced by Dark Wing, written by Dark Wing, starring Dark Wing, and filmed in front of a live audience of Dark Wing clones.  And a duck.",
        "translation": "",
        "stage": 0,
        "context": null
    },
    {
        "key": "GEU_state_economy:0",
        "original": "Dark Wing is All",
        "translation": "",
        "stage": 0,
        "context": null
    },
    {
        "key": "GEU_state_economy_desc:0",
        "original": "Everything that exists in the Greater Equestrian Union is just an extension of Dark Wing. Everypony must recognise that he is more than just their beloved leader, he is their brain.",
        "translation": "",
        "stage": 0,
        "context": null
    },
    {
        "key": "GEU_army_facotires:0",
        "original": "Arms For Dark Wing",
        "translation": "",
        "stage": 0,
        "context": null
    },
    {
        "key": "GEU_army_facotires_desc:0",
        "original": "The army is my influence to the wider world, and it must be armed well if the world is to accept my will.",
        "translation": "",
        "stage": 0,
        "context": null
    },
    {
        "key": "GEU_police:0",
        "original": "Dark Wing's Defenders",
        "translation": "",
        "stage": 0,
        "context": null
    },
    {
        "key": "GEU_police_desc:0",
        "original": "My body needs white blood cells, so I must create a new organ that shall train them and destroy any parasites or diseases that try to kill me.",
        "translation": "",
        "stage": 0,
        "context": null
    },
    {
        "key": "GEU_resources:0",
        "original": "Dark Wing's Food",
        "translation": "",
        "stage": 0,
        "context": null
    },
    {
        "key": "GEU_resources_desc:0",
        "original": "My body requires sustenance if it is to continue to flourish, food for my army.",
        "translation": "",
        "stage": 0,
        "context": null
    },
    {
        "key": "GEU_support_farmers:0",
        "original": "Dark Wing's Bread",
        "translation": "",
        "stage": 0,
        "context": null
    },
    {
        "key": "GEU_support_farmers_desc:0",
        "original": "Just as my hands require sustenance so too does the other parts of my body. My cells can not operate without food. The grain must flow.",
        "translation": "",
        "stage": 0,
        "context": null
    },
    {
        "key": "GEU_workers:0",
        "original": "Dark Wing's Neurons",
        "translation": "",
        "stage": 0,
        "context": null
    },
    {
        "key": "GEU_workers_desc:0",
        "original": "Some cells in my body have become more skilled at their tasks. This is good, because they are me, and I am them. I can feel myself getting smarter even now.",
        "translation": "",
        "stage": 0,
        "context": null
    },
    {
        "key": "GEU_rebuilding:0",
        "original": "Equestria's Future",
        "translation": "",
        "stage": 0,
        "context": null
    },
    {
        "key": "GEU_rebuilding_desc:0",
        "original": "Now that the important parts of Dark Wing's regime are out of the way, it's time to rebuild the broken husk that he has singlehoofedly conquered.",
        "translation": "",
        "stage": 0,
        "context": null
    },
    {
        "key": "GEU_science:0",
        "original": "Greater Equestrian University",
        "translation": "",
        "stage": 0,
        "context": null
    },
    {
        "key": "GEU_science_desc:0",
        "original": "With more and more Equestrian scientists coming out of the reeducation camps, it is now time to put them to work creating weapons for the Union.",
        "translation": "",
        "stage": 0,
        "context": null
    },
    {
        "key": "GEU_rockets:0",
        "original": "Greater Equestrian Missiles",
        "translation": "",
        "stage": 0,
        "context": null
    },
    {
        "key": "GEU_rockets_desc:0",
        "original": "With greater advances in propellant come the ability to destroy ponies at great range without even leaving your house.",
        "translation": "",
        "stage": 0,
        "context": null
    },
    {
        "key": "GEU_electronics:0",
        "original": "Greater Equestrian Radios",
        "translation": "",
        "stage": 0,
        "context": null
    },
    {
        "key": "GEU_electronics_desc:0",
        "original": "Radios and computers provide many potential benefits to our armies that should not be wasted.",
        "translation": "",
        "stage": 0,
        "context": null
    },
    {
        "key": "GEU_more_industry:0",
        "original": "Means of Production",
        "translation": "",
        "stage": 0,
        "context": null
    },
    {
        "key": "GEU_more_industry_desc:0",
        "original": "With all the new technology coming out to kill ponies, we're going to need better factories to produce it all.",
        "translation": "",
        "stage": 0,
        "context": null
    },
    {
        "key": "GEU_nuclear:0",
        "original": "The Darkest Wing",
        "translation": "",
        "stage": 0,
        "context": null
    },
    {
        "key": "GEU_nuclear_desc:0",
        "original": "They've done it! The nerds have finally done it! With this, nothing can stop the Greater Equestrian Union!",
        "translation": "",
        "stage": 0,
        "context": null
    },
    {
        "key": "GEU_nuclear_p:0",
        "original": "Nuclear Production",
        "translation": "",
        "stage": 0,
        "context": null
    },
    {
        "key": "GEU_nuclear_p_desc:0",
        "original": "We need more, more nuclear bomb factories!",
        "translation": "",
        "stage": 0,
        "context": null
    },
    {
        "key": "GEU_stalliongrad_steel:0",
        "original": "Steel of the Motherland",
        "translation": "",
        "stage": 0,
        "context": null
    },
    {
        "key": "GEU_stalliongrad_steel_desc:0",
        "original": "While southern attempts to stay relevant in the new nation are cute, Stalliongrad will always be the beating breast of our industry.",
        "translation": "",
        "stage": 0,
        "context": null
    },
    {
        "key": "GEU_roads_1:0",
        "original": "Greater Equestrian Infrastructure",
        "translation": "",
        "stage": 0,
        "context": null
    },
    {
        "key": "GEU_roads_1_desc:0",
        "original": "Equestrian roads are the worst, they're just plain terrible. We need to fix this.",
        "translation": "",
        "stage": 0,
        "context": null
    },
    {
        "key": "GEU_roads_2:0",
        "original": "Greatest Equestrian Infrastructure",
        "translation": "",
        "stage": 0,
        "context": null
    },
    {
        "key": "GEU_roads_2_desc:0",
        "original": "Equestria is a black hole for armies, as we learned during our invasion. We must fix this situation now that we own it.",
        "translation": "",
        "stage": 0,
        "context": null
    },
    {
        "key": "GEU_reconstruction_s:0",
        "original": "Unlimited Construction ",
        "translation": "",
        "stage": 0,
        "context": null
    },
    {
        "key": "GEU_reconstruction_s_desc:0",
        "original": "Even if the reconstruction of Equestria is over for now, we must never stop building. The future waits for nopony!",
        "translation": "",
        "stage": 0,
        "context": null
    }
]