[
    {
        "key": "DEP_neutrality:0",
        "original": "Deponya",
        "translation": "데포니아",
        "stage": 1,
        "context": null
    },
    {
        "key": "DEP_fascism:0",
        "original": "Empire of the Shadow Trees",
        "translation": "그림자 나무 제국",
        "stage": 1,
        "context": null
    },
    {
        "key": "DEP_communism:0",
        "original": "Tree Pony Commune",
        "translation": "나무 포니 코뮌",
        "stage": 1,
        "context": null
    },
    {
        "key": "DEP_democratic:0",
        "original": "Kingdom of Deponya",
        "translation": "데포니아 왕국",
        "stage": 1,
        "context": null
    },
    {
        "key": "DEP_neutrality_DEF:0",
        "original": "Deponya",
        "translation": "데포니아",
        "stage": 1,
        "context": null
    },
    {
        "key": "DEP_fascism_DEF:0",
        "original": "The Empire of the Shadow Trees",
        "translation": "그림자 나무 제국",
        "stage": 1,
        "context": null
    },
    {
        "key": "DEP_communism_DEF:0",
        "original": "The Tree Pony Commune",
        "translation": "나무 포니 코뮌",
        "stage": 1,
        "context": null
    },
    {
        "key": "DEP_democratic_DEF:0",
        "original": "The Kingdom of Deponya",
        "translation": "데포니아 왕국",
        "stage": 1,
        "context": null
    },
    {
        "key": "DEP_fascism_ADJ:0",
        "original": "Deponian",
        "translation": "데포니아 국민",
        "stage": 1,
        "context": null
    },
    {
        "key": "DEP_democratic_ADJ:0",
        "original": "Deponian",
        "translation": "데포니아 국민",
        "stage": 1,
        "context": null
    },
    {
        "key": "DEP_neutrality_ADJ:0",
        "original": "Deponian",
        "translation": "데포니아 국민",
        "stage": 1,
        "context": null
    },
    {
        "key": "DEP_communism_ADJ:0",
        "original": "Deponian",
        "translation": "데포니아 국민",
        "stage": 1,
        "context": null
    },
    {
        "key": "DEP_old_country:0",
        "original": "Old Country",
        "translation": "낡은 국가",
        "stage": 1,
        "context": null
    },
    {
        "key": "DEP_old_country_desc:0",
        "original": "Deponya is an old country in with its own backwards ways. The rest of the Eastlands may laugh at us, but we are rooted in tradition and we believe in our King.",
        "translation": "데포니아는 후진적인 면이 꽤 존재하는 역사깊은 나라입니다. 동방의 국가들은 우리를 비웃겠지만, 우리는 깊은 전통에 뿌리를 두고 있고 우리의 왕을 믿습니다.",
        "stage": 1,
        "context": null
    },
    {
        "key": "DEP_Advisors_rounds_1_tt:0",
        "original": "Need At Least 1 Advisor Rounds finished",
        "translation": "최소 한 마리의 조언가가 차례를 마쳐야 합니다.",
        "stage": 1,
        "context": null
    },
    {
        "key": "DEP_Advisors_rounds_2_tt:0",
        "original": "Need At Least 2 Advisor Rounds finished",
        "translation": "최소 두 마리의 조언가가 차례를 마쳐야 합니다.",
        "stage": 1,
        "context": null
    },
    {
        "key": "DEP_Advisors_rounds_3_tt:0",
        "original": "Need At Least 3 Advisor Rounds finished",
        "translation": "최소 세 마리의 조언가가 차례를 마쳐야 합니다.",
        "stage": 1,
        "context": null
    },
    {
        "key": "DEP_Advisors_rounds_4_tt:0",
        "original": "Need All Advisor Rounds finished",
        "translation": "모든 조언가가 차례를 마쳐야 합니다.",
        "stage": 1,
        "context": null
    }
]