[
    {
        "key": "jakistan.1.t:0",
        "original": "The Day of Unity",
        "translation": "",
        "stage": 0,
        "context": null
    },
    {
        "key": "jakistan.1.d:0",
        "original": "Millions of Yaks and Jaks have gathered in the towns of Jakistan, coming from all corners of the realm to celebrate it's establishment, the continuous survival of Yak and Jak traditions, and of course the Yak Way of Life. While the Kingdom itself wasn't declared on this day, the celebration is claimed to be set on the date on which the conflicts between the Jaks and Yaks stopped, as both of these groups began seeing each other as allies and friends, instead of enemies.\\n\\nDuring the day the inhabitants of the Kingdom spend their time smashing various objects and eating together to show and celebrate unity between everyone in the realm. This day of festivities ended with everyone gathering to the massive fire pits, where illuminated by great flames, elder Yaks and Jaks told stories to the younger generations.",
        "translation": "",
        "stage": 0,
        "context": null
    },
    {
        "key": "jakistan.1.a:0",
        "original": "JAK AND YAK UNITY STRONG!",
        "translation": "",
        "stage": 0,
        "context": null
    },
    {
        "key": "jakistan.2.t:0",
        "original": "Eviction of Non-Yaks",
        "translation": "",
        "stage": 0,
        "context": null
    },
    {
        "key": "jakistan.2.d:0",
        "original": "While the new monarch of the Yaks and Jaks was heavily against anyone that isn't a yak living inside the realm and seemed to want to cut off his kingdom from the rest of the world, nobody really thought that this would truly lead to anything. But as they found out today, Bradford was ready to act upon this ideas.\\n\\nAll across the Kingdom of Jakistan the houses and other buildings belonging to non-yaks were stormed by Jak soldiers. Their inhabitants were captured and all of their items were gathered. While many of them managed to avoid capture by running off to the various embassies that are still present within the nation, thousands were still captured by the warriors loyal to the king. Their places of residence were also searched thoroughly for both anyone who could be hiding and to find any objects that are of foreign origin. All such objects were simply smashed, while their previous owners were simply transported to the edges of the kingdom, and with typical Jak lack of tact, simply kicked out beyond the borders.",
        "translation": "",
        "stage": 0,
        "context": null
    },
    {
        "key": "jakistan.2.a:0",
        "original": "NON-YAKS MADE US WEAK! THEY DESERVE IT!",
        "translation": "",
        "stage": 0,
        "context": null
    },
    {
        "key": "jakistan.3.t:0",
        "original": "Bradford's Speech",
        "translation": "",
        "stage": 0,
        "context": null
    },
    {
        "key": "jakistan.3.d:0",
        "original": "Bradford stepped out in front of his Yak and Jak subjects who had gathered to listen to his comment about the current position of Kingdom of Jakistan and it's future. The monarch gazed through the thousands if not tens of thousands of his subjects that have gathered to listen to him. He cleared his throat in order to speak loud enough for all of them to hear his words.\\n\\n\"Bradford proud! Kingdom of Jaks and Yaks strong, stronger than Kingdom of just Jaks or Yaks! Jaks and Yaks do good, preserve Yak Way of Life and Yak tradition! Kick out weak non-yaks to preserve kingdom! Now Jak and Yak kingdom can be perfect again! Now Jak and Yak kingdom can prosper!\\n\\nBradford very proud that Yaks understood that they knew the Yak Way of LIfe wrong and want to understand it right. Bradford proud that Jaks for helping Yaks understand and forgiving them for wrongdoing! Elders say that if Yaks and Jaks continue being as one and being strong, Yak Way of Life will survive in remain strong forever!\"",
        "translation": "",
        "stage": 0,
        "context": null
    },
    {
        "key": "jakistan.3.a:0",
        "original": "JAK WAY OF LIFE WILL SURVIVE FOREVER!",
        "translation": "",
        "stage": 0,
        "context": null
    },
    {
        "key": "JAK_rally_clan:0",
        "original": "Rally the Clan",
        "translation": "",
        "stage": 0,
        "context": null
    },
    {
        "key": "JAK_rally_clan_desc:0",
        "original": "If Jaks want to defeat the Yaks, all Jaks in Jaki-Clan must be as one Jak.",
        "translation": "",
        "stage": 0,
        "context": null
    },
    {
        "key": "JAK_improve_military:0",
        "original": "Jak Way of War",
        "translation": "",
        "stage": 0,
        "context": null
    },
    {
        "key": "JAK_improve_military_desc:0",
        "original": "Jaks have smashed many enemies before and have been smashing them for a long time. Jaks know how to smash enemies better than Yaks! Jaks have smashed Yaks before! Jak way of fighting is better!",
        "translation": "",
        "stage": 0,
        "context": null
    },
    {
        "key": "JAK_expand_industry:0",
        "original": "The Industry of Jaki-Clan",
        "translation": "",
        "stage": 0,
        "context": null
    },
    {
        "key": "JAK_expand_industry_desc:0",
        "original": "Jaks are better than Yaks. But Yakyakistan has more factories than Jaki-clan. Some say that because of this Yaks will eventually smash the Jaks. But we will not allow this!\\n\\nJaks will build factories better than Yaks!",
        "translation": "",
        "stage": 0,
        "context": null
    },
    {
        "key": "JAK_every_jak_a_rifel:0",
        "original": "Every Jak a Rifle!",
        "translation": "",
        "stage": 0,
        "context": null
    },
    {
        "key": "JAK_every_jak_a_rifel_desc:0",
        "original": "Yakyakistan has more factories to make weapons than Jaki-clan. But Jaks know how to make weapons faster than Yaks. Jak way of making weapons is better!",
        "translation": "",
        "stage": 0,
        "context": null
    },
    {
        "key": "JAK_mountain_jaks:0",
        "original": "Mountain Jaks",
        "translation": "",
        "stage": 0,
        "context": null
    },
    {
        "key": "JAK_mountain_jaks_desc:0",
        "original": "Many strong and tough Jaks live on the peaks of mountains. We will gather all these Jaks so that they can help us smash the Yaks!",
        "translation": "",
        "stage": 0,
        "context": null
    },
    {
        "key": "JAK_expand_jaki_military_complex:0",
        "original": "Weapon Manufactories of Saihan Tolgod",
        "translation": "",
        "stage": 0,
        "context": null
    },
    {
        "key": "JAK_expand_jaki_military_complex_desc:0",
        "original": "There are many skilled gunsmith Jaks in Saihan Tolgod. These Jaks have many gun manufactories. We will help them expand their production, and they will help Jaki-Clan make weapons.",
        "translation": "",
        "stage": 0,
        "context": null
    },
    {
        "key": "JAK_war_preparations:0",
        "original": "Prepare to Smash Our Enemies",
        "translation": "",
        "stage": 0,
        "context": null
    },
    {
        "key": "JAK_war_preparations_desc:0",
        "original": "Jaks have more enemies than there are Jaks. If Jaks want to smash all of them, we must create a single war plan and organize our armies under it. With our force organized Jaks will smash all our enemies!",
        "translation": "",
        "stage": 0,
        "context": null
    },
    {
        "key": "JAK_minute_jaks:0",
        "original": "Gather the Minutejaks",
        "translation": "",
        "stage": 0,
        "context": null
    },
    {
        "key": "JAK_minute_jaks_desc:0",
        "original": "Yakyakistan has more soldiers than Jaki-Clan. Some Jaks are worried that because of this Yaks will smash us. But Prince Bradford has found a solution! We will have the minutejak militias help our army smash Yaks! ",
        "translation": "",
        "stage": 0,
        "context": null
    },
    {
        "key": "JAK_attack_yaks:0",
        "original": "Smash Yaks",
        "translation": "",
        "stage": 0,
        "context": null
    },
    {
        "key": "JAK_attack_yaks_desc:0",
        "original": "After long preparations, the time has finally come! Jaks of Jaki-Clan will finally show the Yaks of Yakyakistan the true way! Under Prince Bradford, the Jaks will smash the Yaks!",
        "translation": "",
        "stage": 0,
        "context": null
    },
    {
        "key": "JAK_true_king:0",
        "original": "True King of Jaks and Yaks",
        "translation": "",
        "stage": 0,
        "context": null
    },
    {
        "key": "JAK_true_king_desc:0",
        "original": "Under the leadership of Prince Bradford the Jaks of Jaki-Clan smashed the Yaks of Yakyakistan. Now the Yaks bow down to the Jaks!\\n\\nPrince Bradford is now leader of both Jaks and Yaks. Jaki-Clan is now more than just a clan, now we are a kingdom!",
        "translation": "",
        "stage": 0,
        "context": null
    },
    {
        "key": "JAK_show_why_jaks_are_best:0",
        "original": "Show that Jaks are Best!",
        "translation": "",
        "stage": 0,
        "context": null
    },
    {
        "key": "JAK_show_why_jaks_are_best_desc:0",
        "original": "While we have smashed the Yaks, some of them still don't believe that our understanding of the \"Yak Way of Life\" is better than theirs. These Yaks need to be shown that they are wrong so that they can embrace the true way.",
        "translation": "",
        "stage": 0,
        "context": null
    },
    {
        "key": "JAK_unify:0",
        "original": "Jak and Yak Unity",
        "translation": "",
        "stage": 0,
        "context": null
    },
    {
        "key": "JAK_unify_desc:0",
        "original": "While we claim to be different, both Jaks and Yaks follow the Yak Way of Life. Every Jak and Yak in the Jaki Kingdom must learn of this fact, so that all Jaks and Yaks can be as one.",
        "translation": "",
        "stage": 0,
        "context": null
    },
    {
        "key": "JAK_remake_education_system:0",
        "original": "Create a Proper Education System",
        "translation": "",
        "stage": 0,
        "context": null
    },
    {
        "key": "JAK_remake_education_system_desc:0",
        "original": "Yaks and Jaks can smash everyone, but don't know very much. And even the elders agree, if Yaks and Jaks want to survive, everybody in the Kingdom needs to know more. And thus we must reform the education system to teach Yaks and Jaks about the world.",
        "translation": "",
        "stage": 0,
        "context": null
    },
    {
        "key": "JAK_evict_foreigners:0",
        "original": "Kick Out Foreigners",
        "translation": "",
        "stage": 0,
        "context": null
    },
    {
        "key": "JAK_evict_foreigners_desc:0",
        "original": "There are many non-yaks and non-jaks in Kingdom of Jakistan. These foreigners are making us weak! We must kick them out of our Kingdom if we wish to sustain the Yak Way of Life!",
        "translation": "",
        "stage": 0,
        "context": null
    },
    {
        "key": "JAK_repair_nation:0",
        "original": "Repair Jak Nation",
        "translation": "",
        "stage": 0,
        "context": null
    },
    {
        "key": "JAK_repair_nation_desc:0",
        "original": "While the Jaki-Clan war with the Kingdom of Yakyakistan resulted in a great victory Jaks, as we managed to completely smash the Yaks, it also led to much of the kingdom being smashed. We must repair and rebuild our Kingdom if Jaks wish to survive and thrive.",
        "translation": "",
        "stage": 0,
        "context": null
    },
    {
        "key": "JAK_make_new_holiday:0",
        "original": "Make New Holiday for Jaks",
        "translation": "",
        "stage": 0,
        "context": null
    },
    {
        "key": "JAK_make_new_holiday_desc:0",
        "original": "The creation of a new Jak and Yak kingdom is a return to the true Yak Way of Life and a beginning of a new era. To celebrate this new era, new realm and our way of life, we will create a new holiday which will help Jaks and Yaks remember their true way and the establishment of the country. ",
        "translation": "",
        "stage": 0,
        "context": null
    },
    {
        "key": "JAK_smarter_population:0",
        "original": "Higher Institurions of Learning",
        "translation": "",
        "stage": 0,
        "context": null
    },
    {
        "key": "JAK_smarter_population_desc:0",
        "original": "Just reforming the system of education isn't enough! To achieve our goal of making Jaks and Yaks smarter and more knowledgeable we must establish higher institutions of education all across our kingdom. ",
        "translation": "",
        "stage": 0,
        "context": null
    },
    {
        "key": "JAK_new_production_centers:0",
        "original": "New Centers of Production",
        "translation": "",
        "stage": 0,
        "context": null
    },
    {
        "key": "JAK_new_production_centers_desc:0",
        "original": "While we must preserve the Yak Way of Life and our traditions, even the elders agree, that if Jaks and Yaks wish to survive in this age, the Kingdom of Jakistan needs to become an industrial nation. Thus we must build more centers of production.",
        "translation": "",
        "stage": 0,
        "context": null
    },
    {
        "key": "JAK_new_military_bases:0",
        "original": "More Weapon Manufactories",
        "translation": "",
        "stage": 0,
        "context": null
    },
    {
        "key": "JAK_new_military_bases_desc:0",
        "original": "While now Kingdom of Jakistan has substantial military industry, there are nations on the continent which have far more. If we don't want these countries to completely smash us, we need to expand the amount of weapon manufactories we posses.",
        "translation": "",
        "stage": 0,
        "context": null
    },
    {
        "key": "JAK_new_schools:0",
        "original": "More Schools",
        "translation": "",
        "stage": 0,
        "context": null
    },
    {
        "key": "JAK_new_schools_desc:0",
        "original": "Just changing our education system and creating higher places of education isn't enough. If we want to have truly smart Jaks and Yaks all across our Kingdom, we need to build more schools to educate them about the world and the Yak Way of Life. ",
        "translation": "",
        "stage": 0,
        "context": null
    },
    {
        "key": "JAK_new_railroads:0",
        "original": "Build New Roads for Jaks",
        "translation": "",
        "stage": 0,
        "context": null
    },
    {
        "key": "JAK_new_railroads_desc:0",
        "original": "The lands of Jaks and Yaks are difficult to traverse, this has been the case or as long as any elder can remember. However the time has come to change this! We will build new roads across the Kingdom of Jakistan which will allow Jaks and Yaks to travel through the nation freely.",
        "translation": "",
        "stage": 0,
        "context": null
    },
    {
        "key": "JAK_the_real_way:0",
        "original": "The Real Way",
        "translation": "",
        "stage": 0,
        "context": null
    },
    {
        "key": "JAK_the_real_way_desc:0",
        "original": "Under the leadership of Prince Bradford the Jaks and Yaks of Kingdom of Jakistan were taught the true Yak Way of Life! They have embraced the truth, that Jaks and Yaks are tough and don't need help from anybody! Our kingdom is a fortress of tradition which will hold against anyone who tries to conquer us!",
        "translation": "",
        "stage": 0,
        "context": null
    },
    {
        "key": "JAK_defensive_mind:0",
        "original": "The Jak Way of War",
        "translation": "",
        "stage": 0,
        "context": null
    },
    {
        "key": "JAK_defensive_mind_desc:0",
        "original": "Our strength lies in our endurance, something which serves greatly in defending our lands from any possible conquerors. This is the Yak Way of War, the way we protect the fortress that is our kingdom. However, this fortress, while possessing stalwart defenders lacks walls and fortifications. Jaks and Yaks must eliminate this problem by constructing bunkers and other fortifications to protect our nation!",
        "translation": "",
        "stage": 0,
        "context": null
    },
    {
        "key": "JAK_remove_embassies:0",
        "original": "Smash Embassies!",
        "translation": "",
        "stage": 0,
        "context": null
    },
    {
        "key": "JAK_remove_embassies_desc:0",
        "original": "Jaks and Yaks have already smashed all the weak non-Yaks that live in Kingdom of Jakistan! But their embassies are still standing. If we want to remove everything that is a danger to our traditions and way of life, we must smash these \"Ambassadors\" too!",
        "translation": "",
        "stage": 0,
        "context": null
    },
    {
        "key": "JAK_isolation:0",
        "original": "Begin The Great Isolation",
        "translation": "",
        "stage": 0,
        "context": null
    },
    {
        "key": "JAK_isolation_desc:0",
        "original": "The time has come for us to ensure that the Yak Way of Life and our traditions will survive for generations. We have removed any possible negative influences to our country and turned it into a fortress. Now we can begin our era of isolation and prosperity!",
        "translation": "",
        "stage": 0,
        "context": null
    },
    {
        "key": "JAK_fortify_crystal:0",
        "original": "The Crystal Wall",
        "translation": "",
        "stage": 0,
        "context": null
    },
    {
        "key": "JAK_fortify_crystal_desc:0",
        "original": "Once the ponies of the Crystal Empire ruled the Yaks. While now they proclaim themselves to be \"Harmonic\", we cannot trust such claims! There is no guarantee that they won't become a danger to the Yak Way of Life! Thus we must fortify our border with them, so that the fortress that is the Kingdom of Jakistan never falls to the ponies.",
        "translation": "",
        "stage": 0,
        "context": null
    },
    {
        "key": "JAK_fortify_changeling:0",
        "original": "The Changeling Wall",
        "translation": "",
        "stage": 0,
        "context": null
    },
    {
        "key": "JAK_fortify_changeling_desc:0",
        "original": "The Changelings of the Changeling Hives openly proclaim their intent to dominate all of Equus. While their gazes are focused on the ponies to the south for now, we shouldn't ignore this potential threat to our way of life! To ensure that we never fall against the changeling onslaught, we must fortify our western border.",
        "translation": "",
        "stage": 0,
        "context": null
    },
    {
        "key": "JAK_jaktopia:0",
        "original": "Jaktopia",
        "translation": "",
        "stage": 0,
        "context": null
    },
    {
        "key": "JAK_jaktopia_desc:0",
        "original": "Truly, a new and great era has come to Jaks and Yaks. Under the leadership of Prince Bradford we have created a nation that truly embraces the Yak Way of Life and Yak and Jak traditions. This has led to unprecedented prosperity!.\\n\\nTruly we have created an utopia for both Yaks and Jaks.",
        "translation": "",
        "stage": 0,
        "context": null
    },
    {
        "key": "JAK_alastair:0",
        "original": "Alastair",
        "translation": "",
        "stage": 0,
        "context": null
    },
    {
        "key": "JAK_prince_rutherford:0",
        "original": "Prince Rutherford",
        "translation": "",
        "stage": 0,
        "context": null
    },
    {
        "key": "JAK_archibald:0",
        "original": "Archibald",
        "translation": "",
        "stage": 0,
        "context": null
    },
    {
        "key": "JAK_buuhtan_motors:0",
        "original": "Buuthan Motors",
        "translation": "",
        "stage": 0,
        "context": null
    },
    {
        "key": "JAK_yakistanks:0",
        "original": "Yakistanks",
        "translation": "",
        "stage": 0,
        "context": null
    },
    {
        "key": "JAK_darksky_aeronautics:0",
        "original": "Darsksky Aeronautics",
        "translation": "",
        "stage": 0,
        "context": null
    },
    {
        "key": "JAK_northwind_design:0",
        "original": "Northwind design",
        "translation": "",
        "stage": 0,
        "context": null
    },
    {
        "key": "JAK_ryben_industries:0",
        "original": "Ryben Industries",
        "translation": "",
        "stage": 0,
        "context": null
    },
    {
        "key": "JAK_saihan_river_authority:0",
        "original": "Saihan River Authority",
        "translation": "",
        "stage": 0,
        "context": null
    },
    {
        "key": "JAK_dougal_khan:0",
        "original": "Doughal Khan",
        "translation": "",
        "stage": 0,
        "context": null
    },
    {
        "key": "JAK_irvine:0",
        "original": "Irvine",
        "translation": "",
        "stage": 0,
        "context": null
    },
    {
        "key": "JAK_air_skychief_agnes:0",
        "original": "Air Skychief Agnes",
        "translation": "",
        "stage": 0,
        "context": null
    },
    {
        "key": "JAK_finbar:0",
        "original": "Finbar",
        "translation": "",
        "stage": 0,
        "context": null
    },
    {
        "key": "JAK_bradford:0",
        "original": "Bradford",
        "translation": "",
        "stage": 0,
        "context": null
    },
    {
        "key": "JAK_skychief_agnes:0",
        "original": "Skychief Agnes",
        "translation": "",
        "stage": 0,
        "context": null
    },
    {
        "key": "JAK_boomer:0",
        "original": "Boomer",
        "translation": "",
        "stage": 0,
        "context": null
    },
    {
        "key": "JAK_better_troops:0",
        "original": "Jak Way of War",
        "translation": "",
        "stage": 0,
        "context": null
    },
    {
        "key": "JAK_cheaper_guns:0",
        "original": "Jak Way of Weaponsmithing",
        "translation": "",
        "stage": 0,
        "context": null
    },
    {
        "key": "JAK_war_plan:0",
        "original": "Jaki War Plan",
        "translation": "",
        "stage": 0,
        "context": null
    },
    {
        "key": "JAK_smarter_pop:0",
        "original": "Jak Centers of Learning",
        "translation": "",
        "stage": 0,
        "context": null
    },
    {
        "key": "JAK_defence:0",
        "original": "Freedom from Foreign Weakness",
        "translation": "",
        "stage": 0,
        "context": null
    },
    {
        "key": "JAK_rebuilding:0",
        "original": "The Great Rebuilding",
        "translation": "",
        "stage": 0,
        "context": null
    },
    {
        "key": "JAK_fortress:0",
        "original": "The Fortress Nation",
        "translation": "",
        "stage": 0,
        "context": null
    },
    {
        "key": "JAK_bunkers:0",
        "original": "The Walls of the Fortress",
        "translation": "",
        "stage": 0,
        "context": null
    },
    {
        "key": "JAK_isolationism:0",
        "original": "The Great Isolation",
        "translation": "",
        "stage": 0,
        "context": null
    },
    {
        "key": "JAK_yaktopia_idea:0",
        "original": "Jaktopia",
        "translation": "",
        "stage": 0,
        "context": null
    },
    {
        "key": "JAK_angry_jaks:0",
        "original": "The Grandest Yickslurbertfest",
        "translation": "",
        "stage": 0,
        "context": null
    },
    {
        "key": "JAK_angry_jaks_desc:0",
        "original": "To show that we jaks are true yaks unlike those stinky yaks of Yakyakistan, we shall hold the grandest Yickslurbertfest that will last a long time and contain a copious amount of smashing and stomping!",
        "translation": "",
        "stage": 0,
        "context": null
    },
    {
        "key": "JAK_remove_stalliongrad_propoganda:0",
        "original": "Smash Communist Propoganda",
        "translation": "",
        "stage": 0,
        "context": null
    },
    {
        "key": "JAK_stop_commies:0",
        "original": "Smash Communists!",
        "translation": "",
        "stage": 0,
        "context": null
    },
    {
        "key": "JAK_mountain_jaks_tt:0",
        "original": "Four §YMountain Jak§! divisions will join you.\\n",
        "translation": "",
        "stage": 0,
        "context": null
    },
    {
        "key": "JAK_minute_jaks_tt:0",
        "original": "Eight §YMinutejak§! divisions will join you.\\n",
        "translation": "",
        "stage": 0,
        "context": null
    },
    {
        "key": "JAK_melee_equipment_0:0",
        "original": "Smashers",
        "translation": "",
        "stage": 0,
        "context": null
    },
    {
        "key": "JAK_melee_equipment_0_short:0",
        "original": "Smashers",
        "translation": "",
        "stage": 0,
        "context": null
    },
    {
        "key": "JAK_melee_equipment_0_desc:0",
        "original": "JAK SMASH!",
        "translation": "",
        "stage": 0,
        "context": null
    },
    {
        "key": "JAK_melee_equipment_1:0",
        "original": "Blunderbuss",
        "translation": "",
        "stage": 0,
        "context": null
    },
    {
        "key": "JAK_melee_equipment_1_short:0",
        "original": "Blunderbuss",
        "translation": "",
        "stage": 0,
        "context": null
    },
    {
        "key": "JAK_melee_equipment_1_desc:0",
        "original": "NOT ONLY JAK SMASH, JAK BLOW UP STUPID ENEMY!",
        "translation": "",
        "stage": 0,
        "context": null
    },
    {
        "key": "JAK_infantry_equipment_0:0",
        "original": "Boomsticks",
        "translation": "",
        "stage": 0,
        "context": null
    },
    {
        "key": "JAK_infantry_equipment_0_short:0",
        "original": "Boomsticks",
        "translation": "",
        "stage": 0,
        "context": null
    },
    {
        "key": "JAK_infantry_equipment_0_desc:0",
        "original": "NOW JAK CAN ACTUALLY HIT THE ENEMY WITH BETTER GUN!",
        "translation": "",
        "stage": 0,
        "context": null
    },
    {
        "key": "JAK_infantry_equipment_1:0",
        "original": "Deathguns",
        "translation": "",
        "stage": 0,
        "context": null
    },
    {
        "key": "JAK_infantry_equipment_1_short:0",
        "original": "Deathguns",
        "translation": "",
        "stage": 0,
        "context": null
    },
    {
        "key": "JAK_infantry_equipment_1_desc:0",
        "original": "THIS GUN DESTROY ENEMY AND MAKE THEM DEAD!",
        "translation": "",
        "stage": 0,
        "context": null
    },
    {
        "key": "JAK_infantry_equipment_2:0",
        "original": "Sluggers",
        "translation": "",
        "stage": 0,
        "context": null
    },
    {
        "key": "JAK_infantry_equipment_2_short:0",
        "original": "Sluggers",
        "translation": "",
        "stage": 0,
        "context": null
    },
    {
        "key": "JAK_infantry_equipment_2_desc:0",
        "original": "THIS GUN IS LIKE BIG PUNCHES, IS CALLED SLUGGER!",
        "translation": "",
        "stage": 0,
        "context": null
    },
    {
        "key": "JAK_infantry_equipment_3:0",
        "original": "Better Sluggers",
        "translation": "",
        "stage": 0,
        "context": null
    },
    {
        "key": "JAK_infantry_equipment_3_short:0",
        "original": "Better Sluggers",
        "translation": "",
        "stage": 0,
        "context": null
    },
    {
        "key": "JAK_infantry_equipment_3_desc:0",
        "original": "JAKS MAKE BEST GUNS IN THE WORLD!",
        "translation": "",
        "stage": 0,
        "context": null
    },
    {
        "key": "YAK_infantry_equipment_x_short:0",
        "original": "Bestest Sluggers",
        "translation": "",
        "stage": 0,
        "context": null
    },
    {
        "key": "YAK_infantry_equipment_x_desc:0",
        "original": "JAK SCIENCE SMASHES PUNY ENEMY!",
        "translation": "",
        "stage": 0,
        "context": null
    },
    {
        "key": "YAK_infantry_equipment_x_2_short:0",
        "original": "Besterest Sluggers",
        "translation": "",
        "stage": 0,
        "context": null
    },
    {
        "key": "YAK_infantry_equipment_x_2_desc:0",
        "original": "JAK GUNS BEST GUNS!",
        "translation": "",
        "stage": 0,
        "context": null
    },
    {
        "key": "JAK_magical_equipment_1:0",
        "original": "Zapper",
        "translation": "",
        "stage": 0,
        "context": null
    },
    {
        "key": "JAK_magical_equipment_1_desc:0",
        "original": "JAK USE SHINY STONES IN GUN, GUN ZAP ENEMY!",
        "translation": "",
        "stage": 0,
        "context": null
    },
    {
        "key": "JAK_magical_equipment_2:0",
        "original": "Flasher",
        "translation": "",
        "stage": 0,
        "context": null
    },
    {
        "key": "JAK_magical_equipment_2_desc:0",
        "original": "THIS GUN TOO BRIGHT! YET GOOD FOR ZAPPING",
        "translation": "",
        "stage": 0,
        "context": null
    },
    {
        "key": "JAK_magical_equipment_3:0",
        "original": "Thundergun",
        "translation": "",
        "stage": 0,
        "context": null
    },
    {
        "key": "JAK_magical_equipment_3_desc:0",
        "original": "JAK SO STRONG JAK SHOOT LIGHTNING!",
        "translation": "",
        "stage": 0,
        "context": null
    },
    {
        "key": "JAK_magical_equipment_4:0",
        "original": "Snazzgun",
        "translation": "",
        "stage": 0,
        "context": null
    },
    {
        "key": "JAK_magical_equipment_4_desc:0",
        "original": "JAK SMASH WITH MAGIC GUN! MAGIC GUN BLOW UP! ENEMY BLOW UP TOO!",
        "translation": "",
        "stage": 0,
        "context": null
    },
    {
        "key": "JAK_magical_equipment_5:0",
        "original": "Magiblaster",
        "translation": "",
        "stage": 0,
        "context": null
    },
    {
        "key": "JAK_magical_equipment_5_desc:0",
        "original": "JAK MAKE MAGIC SMASH!",
        "translation": "",
        "stage": 0,
        "context": null
    },
    {
        "key": "JAK_artillery_equipment_0:0",
        "original": "Killcannons",
        "translation": "",
        "stage": 0,
        "context": null
    },
    {
        "key": "JAK_artillery_equipment_0_short:0",
        "original": "Killcannons",
        "translation": "",
        "stage": 0,
        "context": null
    },
    {
        "key": "JAK_artillery_equipment_0_desc:0",
        "original": "THESE GUNS HEAVY BUT JAKS STRONG",
        "translation": "",
        "stage": 0,
        "context": null
    },
    {
        "key": "JAK_artillery_equipment_1:0",
        "original": "Big Guns",
        "translation": "",
        "stage": 0,
        "context": null
    },
    {
        "key": "JAK_artillery_equipment_1_short:0",
        "original": "Big Guns",
        "translation": "",
        "stage": 0,
        "context": null
    },
    {
        "key": "JAK_artillery_equipment_1_desc:0",
        "original": "BIG GUN MAKE BIG BOOM AND MAKE ENEMY PROPERLY SMASHED",
        "translation": "",
        "stage": 0,
        "context": null
    },
    {
        "key": "JAK_artillery_equipment_2:0",
        "original": "Bigger Guns",
        "translation": "",
        "stage": 0,
        "context": null
    },
    {
        "key": "JAK_artillery_equipment_2_short:0",
        "original": "Bigger Guns",
        "translation": "",
        "stage": 0,
        "context": null
    },
    {
        "key": "JAK_artillery_equipment_2_desc:0",
        "original": "BIGGER IS ALWAYS BETTER AND SMASHIER",
        "translation": "",
        "stage": 0,
        "context": null
    },
    {
        "key": "JAK_artillery_equipment_3:0",
        "original": "Very Big Guns",
        "translation": "",
        "stage": 0,
        "context": null
    },
    {
        "key": "JAK_artillery_equipment_3_short:0",
        "original": "Very Big Guns",
        "translation": "",
        "stage": 0,
        "context": null
    },
    {
        "key": "JAK_artillery_equipment_3_desc:0",
        "original": "JAKS MAKE BIGGEST GUNS, THEREFORE JAKS BEST",
        "translation": "",
        "stage": 0,
        "context": null
    },
    {
        "key": "JAK_motorized_equipment_1:0",
        "original": "Self-driving Wagon",
        "translation": "",
        "stage": 0,
        "context": null
    },
    {
        "key": "JAK_motorized_equipment_1_desc:0",
        "original": "JAK GO FAST NOW",
        "translation": "",
        "stage": 0,
        "context": null
    },
    {
        "key": "JAK_mechanized_equipment_1:0",
        "original": "Wartruck",
        "translation": "",
        "stage": 0,
        "context": null
    },
    {
        "key": "JAK_mechanized_equipment_1_short:0",
        "original": "Wartruck",
        "translation": "",
        "stage": 0,
        "context": null
    },
    {
        "key": "JAK_mechanized_equipment_2:0",
        "original": "Better Wartruck",
        "translation": "",
        "stage": 0,
        "context": null
    },
    {
        "key": "JAK_mechanized_equipment_2_short:0",
        "original": "Better Wartruck",
        "translation": "",
        "stage": 0,
        "context": null
    },
    {
        "key": "JAK_mechanized_equipment_3:0",
        "original": "Impenetrable Wartruck",
        "translation": "",
        "stage": 0,
        "context": null
    },
    {
        "key": "JAK_mechanized_equipment_3_short:0",
        "original": "Impenetrable Wartruck",
        "translation": "",
        "stage": 0,
        "context": null
    },
    {
        "key": "JAK_anti_tank_equipment_1:0",
        "original": "Tank Smasher",
        "translation": "",
        "stage": 0,
        "context": null
    },
    {
        "key": "JAK_anti_tank_equipment_1_short:0",
        "original": "Tank Smasher",
        "translation": "",
        "stage": 0,
        "context": null
    },
    {
        "key": "JAK_anti_tank_equipment_1_desc:0",
        "original": "TANKS BIG AND SCARY, BUT JAK NOT AFRAID! JAK SMASH PUNY METAL WAGON!",
        "translation": "",
        "stage": 0,
        "context": null
    },
    {
        "key": "JAK_anti_tank_equipment_2:0",
        "original": "Bigger Tank Smasher",
        "translation": "",
        "stage": 0,
        "context": null
    },
    {
        "key": "JAK_anti_tank_equipment_2_short:0",
        "original": "Bigger Tank Smasher",
        "translation": "",
        "stage": 0,
        "context": null
    },
    {
        "key": "JAK_anti_tank_equipment_2_desc:0",
        "original": "TANKS BIG AND SCARY, BUT JAK NOT AFRAID! JAK SMASH PUNY METAL WAGON!",
        "translation": "",
        "stage": 0,
        "context": null
    },
    {
        "key": "JAK_anti_tank_equipment_3:0",
        "original": "Biggest Tank Smasher",
        "translation": "",
        "stage": 0,
        "context": null
    },
    {
        "key": "JAK_anti_tank_equipment_3_short:0",
        "original": "Biggest Tank Smasher",
        "translation": "",
        "stage": 0,
        "context": null
    },
    {
        "key": "JAK_anti_tank_equipment_3_desc:0",
        "original": "TANKS BIG AND SCARY, BUT JAK NOT AFRAID! JAK SMASH PUNY METAL WAGON!",
        "translation": "",
        "stage": 0,
        "context": null
    },
    {
        "key": "JAK_anti_air_equipment_1:0",
        "original": "Plane Smasher",
        "translation": "",
        "stage": 0,
        "context": null
    },
    {
        "key": "JAK_anti_air_equipment_1_short:0",
        "original": "Plane Smasher",
        "translation": "",
        "stage": 0,
        "context": null
    },
    {
        "key": "JAK_anti_air_equipment_1_desc:0",
        "original": "YOU FLY? HAH! JAK STILL SMASH YOU!",
        "translation": "",
        "stage": 0,
        "context": null
    },
    {
        "key": "JAK_anti_air_equipment_2:0",
        "original": "Better Plane Smasher",
        "translation": "",
        "stage": 0,
        "context": null
    },
    {
        "key": "JAK_anti_air_equipment_2_short:0",
        "original": "Better Plane Smasher",
        "translation": "",
        "stage": 0,
        "context": null
    },
    {
        "key": "JAK_anti_air_equipment_2_desc:0",
        "original": "YOU FLY? HAH! JAK STILL SMASH YOU!",
        "translation": "",
        "stage": 0,
        "context": null
    },
    {
        "key": "JAK_anti_air_equipment_3:0",
        "original": "Best Plane Smasher",
        "translation": "",
        "stage": 0,
        "context": null
    },
    {
        "key": "JAK_anti_air_equipment_3_short:0",
        "original": "Best Plane Smasher",
        "translation": "",
        "stage": 0,
        "context": null
    },
    {
        "key": "JAK_anti_air_equipment_3_desc:0",
        "original": "YOU FLY? HAH! JAK STILL SMASH YOU!",
        "translation": "",
        "stage": 0,
        "context": null
    },
    {
        "key": "JAK_gw_tank_equipment:0",
        "original": "Metal Warwagon",
        "translation": "",
        "stage": 0,
        "context": null
    },
    {
        "key": "JAK_gw_tank_equipment_short:0",
        "original": "Warwagon",
        "translation": "",
        "stage": 0,
        "context": null
    },
    {
        "key": "JAK_gw_tank_equipment_desc:0",
        "original": "JAK CAN NOW RIDE TO WAR ON A SELF-DRIVING WARWAGON WITH BIG GUNS AND SMASH PUNY ENEMIES!",
        "translation": "",
        "stage": 0,
        "context": null
    },
    {
        "key": "JAK_light_tank_equipment_1:0",
        "original": "Fast Warwagon",
        "translation": "",
        "stage": 0,
        "context": null
    },
    {
        "key": "JAK_light_tank_equipment_1_short:0",
        "original": "Fast Warwagon",
        "translation": "",
        "stage": 0,
        "context": null
    },
    {
        "key": "JAK_light_tank_equipment_2:0",
        "original": "Faster Warwagon",
        "translation": "",
        "stage": 0,
        "context": null
    },
    {
        "key": "JAK_light_tank_equipment_2_short:0",
        "original": "Faster Warwagon",
        "translation": "",
        "stage": 0,
        "context": null
    },
    {
        "key": "JAK_light_tank_equipment_3:0",
        "original": "Fastest Warwagon",
        "translation": "",
        "stage": 0,
        "context": null
    },
    {
        "key": "JAK_light_tank_equipment_3_short:0",
        "original": "Fastest Warwagon",
        "translation": "",
        "stage": 0,
        "context": null
    },
    {
        "key": "JAK_light_tank_equipment_x:0",
        "original": "Fasterest Warwagon",
        "translation": "",
        "stage": 0,
        "context": null
    },
    {
        "key": "JAK_light_tank_equipment_x_short:0",
        "original": "Fasterest Warwagon",
        "translation": "",
        "stage": 0,
        "context": null
    },
    {
        "key": "JAK_medium_tank_equipment_1:0",
        "original": "Battlewagon",
        "translation": "",
        "stage": 0,
        "context": null
    },
    {
        "key": "JAK_medium_tank_equipment_1_short:1",
        "original": "Battlewagon",
        "translation": "",
        "stage": 0,
        "context": null
    },
    {
        "key": "JAK_medium_tank_equipment_2:0",
        "original": "Headcrusher",
        "translation": "",
        "stage": 0,
        "context": null
    },
    {
        "key": "JAK_medium_tank_equipment_2_short:0",
        "original": "Headcrusher",
        "translation": "",
        "stage": 0,
        "context": null
    },
    {
        "key": "JAK_medium_tank_equipment_3:0",
        "original": "Bonebreaker",
        "translation": "",
        "stage": 0,
        "context": null
    },
    {
        "key": "JAK_medium_tank_equipment_3_short:0",
        "original": "Bonebreaker",
        "translation": "",
        "stage": 0,
        "context": null
    },
    {
        "key": "JAK_heavy_tank_equipment_1:0",
        "original": "Big Battlewagon",
        "translation": "",
        "stage": 0,
        "context": null
    },
    {
        "key": "JAK_heavy_tank_equipment_1_short:0",
        "original": "Big Battlewagon",
        "translation": "",
        "stage": 0,
        "context": null
    },
    {
        "key": "JAK_heavy_tank_equipment_2:0",
        "original": "Killsmasher",
        "translation": "",
        "stage": 0,
        "context": null
    },
    {
        "key": "JAK_heavy_tank_equipment_2_short:0",
        "original": "Killsmasher",
        "translation": "",
        "stage": 0,
        "context": null
    },
    {
        "key": "JAK_heavy_tank_equipment_3:0",
        "original": "Battlefortress",
        "translation": "",
        "stage": 0,
        "context": null
    },
    {
        "key": "JAK_heavy_tank_equipment_3_short:0",
        "original": "Battlefortress",
        "translation": "",
        "stage": 0,
        "context": null
    },
    {
        "key": "JAK_super_heavy_tank_equipment_1:0",
        "original": "Gargant",
        "translation": "",
        "stage": 0,
        "context": null
    },
    {
        "key": "JAK_super_heavy_tank_equipment_1_short:0",
        "original": "Gargant",
        "translation": "",
        "stage": 0,
        "context": null
    },
    {
        "key": "JAK_modern_tank_equipment_1:0",
        "original": "Shiny Smasher",
        "translation": "",
        "stage": 0,
        "context": null
    },
    {
        "key": "JAK_modern_tank_equipment_1_short:0",
        "original": "Shiny Smasher",
        "translation": "",
        "stage": 0,
        "context": null
    },
    {
        "key": "JAK_amphibious_mechanized_equipment:0",
        "original": "Floaty Warwagon",
        "translation": "",
        "stage": 0,
        "context": null
    },
    {
        "key": "JAK_amphibious_mechanized_equipment_short:0",
        "original": "Floaty Warwagon",
        "translation": "",
        "stage": 0,
        "context": null
    },
    {
        "key": "JAK_amphibious_mechanized_equipment_1:0",
        "original": "Swimming Battlewagon",
        "translation": "",
        "stage": 0,
        "context": null
    },
    {
        "key": "JAK_amphibious_mechanized_equipment_1_short:0",
        "original": "Swimming Battlewagon",
        "translation": "",
        "stage": 0,
        "context": null
    },
    {
        "key": "JAK_amphibious_mechanized_equipment_2:0",
        "original": "Fish Chariot",
        "translation": "",
        "stage": 0,
        "context": null
    },
    {
        "key": "JAK_amphibious_mechanized_equipment_2_short:0",
        "original": "Fish Chariot",
        "translation": "",
        "stage": 0,
        "context": null
    },
    {
        "key": "JAK_amphibious_tank_equipment:0",
        "original": "Floaty Battlewagon",
        "translation": "",
        "stage": 0,
        "context": null
    },
    {
        "key": "JAK_amphibious_tank_equipment_short:0",
        "original": "Floaty Battlewagon",
        "translation": "",
        "stage": 0,
        "context": null
    },
    {
        "key": "JAK_amphibious_tank_equipment_1:0",
        "original": "Floatier Battlewagon",
        "translation": "",
        "stage": 0,
        "context": null
    },
    {
        "key": "JAK_amphibious_tank_equipment_2:0",
        "original": "Floatiest Battlewagon",
        "translation": "",
        "stage": 0,
        "context": null
    },
    {
        "key": "JAK_CAS_equipment_1:0",
        "original": "Screamer",
        "translation": "",
        "stage": 0,
        "context": null
    },
    {
        "key": "JAK_CAS_equipment_1_short:0",
        "original": "Screamer",
        "translation": "",
        "stage": 0,
        "context": null
    },
    {
        "key": "JAK_CAS_equipment_2:0",
        "original": "Screecher",
        "translation": "",
        "stage": 0,
        "context": null
    },
    {
        "key": "JAK_CAS_equipment_2_short:0",
        "original": "Screecher",
        "translation": "",
        "stage": 0,
        "context": null
    },
    {
        "key": "JAK_CAS_equipment_3:0",
        "original": "Wailer",
        "translation": "",
        "stage": 0,
        "context": null
    },
    {
        "key": "JAK_CAS_equipment_3_short:0",
        "original": "Wailer",
        "translation": "",
        "stage": 0,
        "context": null
    },
    {
        "key": "JAK_heavy_fighter_equipment_1:0",
        "original": "Storm Chariot",
        "translation": "",
        "stage": 0,
        "context": null
    },
    {
        "key": "JAK_heavy_fighter_equipment_1_short:0",
        "original": "Storm Chariot",
        "translation": "",
        "stage": 0,
        "context": null
    },
    {
        "key": "JAK_heavy_fighter_equipment_2:0",
        "original": "Thunder Chariot",
        "translation": "",
        "stage": 0,
        "context": null
    },
    {
        "key": "JAK_heavy_fighter_equipment_2_short:0",
        "original": "Thunder Chariot",
        "translation": "",
        "stage": 0,
        "context": null
    },
    {
        "key": "JAK_heavy_fighter_equipment_3:0",
        "original": "Heavenly Chariot",
        "translation": "",
        "stage": 0,
        "context": null
    },
    {
        "key": "JAK_heavy_fighter_equipment_3_short:0",
        "original": "Heavenly Chariot",
        "translation": "",
        "stage": 0,
        "context": null
    },
    {
        "key": "JAK_fighter_equipment_0:0",
        "original": "Winged Wagon",
        "translation": "",
        "stage": 0,
        "context": null
    },
    {
        "key": "JAK_fighter_equipment_0_short:0",
        "original": "Winged Wagon",
        "translation": "",
        "stage": 0,
        "context": null
    },
    {
        "key": "JAK_fighter_equipment_1:0",
        "original": "Cloud Wagon",
        "translation": "",
        "stage": 0,
        "context": null
    },
    {
        "key": "JAK_fighter_equipment_1_short:0",
        "original": "Cloud Wagon",
        "translation": "",
        "stage": 0,
        "context": null
    },
    {
        "key": "JAK_fighter_equipment_2:0",
        "original": "Wind Wagon",
        "translation": "",
        "stage": 0,
        "context": null
    },
    {
        "key": "JAK_fighter_equipment_2_short:0",
        "original": "Wind Wagon",
        "translation": "",
        "stage": 0,
        "context": null
    },
    {
        "key": "JAK_fighter_equipment_3:0",
        "original": "Gale Wagon",
        "translation": "",
        "stage": 0,
        "context": null
    },
    {
        "key": "JAK_fighter_equipment_3_short:0",
        "original": "Gale Wagon",
        "translation": "",
        "stage": 0,
        "context": null
    },
    {
        "key": "JAK_strat_bomber_equipment_1:0",
        "original": "Sky Smasher",
        "translation": "",
        "stage": 0,
        "context": null
    },
    {
        "key": "JAK_strat_bomber_equipment_1_short:0",
        "original": "Sky Smasher",
        "translation": "",
        "stage": 0,
        "context": null
    },
    {
        "key": "JAK_strat_bomber_equipment_2:0",
        "original": "Star Smasher",
        "translation": "",
        "stage": 0,
        "context": null
    },
    {
        "key": "JAK_strat_bomber_equipment_2_short:0",
        "original": "Star Smasher",
        "translation": "",
        "stage": 0,
        "context": null
    },
    {
        "key": "JAK_strat_bomber_equipment_3:0",
        "original": "Hailstorm",
        "translation": "",
        "stage": 0,
        "context": null
    },
    {
        "key": "JAK_strat_bomber_equipment_3_short:0",
        "original": "Hailstorm",
        "translation": "",
        "stage": 0,
        "context": null
    },
    {
        "key": "JAK_tac_bomber_equipment_0:0",
        "original": "Steel Eagle",
        "translation": "",
        "stage": 0,
        "context": null
    },
    {
        "key": "JAK_tac_bomber_equipment_0_short:0",
        "original": "Steel Eagle",
        "translation": "",
        "stage": 0,
        "context": null
    },
    {
        "key": "JAK_tac_bomber_equipment_1:0",
        "original": "Mountain Eagle",
        "translation": "",
        "stage": 0,
        "context": null
    },
    {
        "key": "JAK_tac_bomber_equipment_1_short:0",
        "original": "Mountain Eagle",
        "translation": "",
        "stage": 0,
        "context": null
    },
    {
        "key": "JAK_tac_bomber_equipment_2:0",
        "original": "Elder Eagle",
        "translation": "",
        "stage": 0,
        "context": null
    },
    {
        "key": "JAK_tac_bomber_equipment_2_short:0",
        "original": "Elder Eagle",
        "translation": "",
        "stage": 0,
        "context": null
    },
    {
        "key": "JAK_tac_bomber_equipment_3:0",
        "original": "Great Eagle",
        "translation": "",
        "stage": 0,
        "context": null
    },
    {
        "key": "JAK_tac_bomber_equipment_3_short:0",
        "original": "Great Eagle",
        "translation": "",
        "stage": 0,
        "context": null
    },
    {
        "key": "JAK_not_a_jak:0",
        "original": "Abram the Editorgoat",
        "translation": "",
        "stage": 0,
        "context": null
    },
    {
        "key": "JAK_chief_dougal_khan:0",
        "original": "Chief Doughal Khan",
        "translation": "",
        "stage": 0,
        "context": null
    }
]