[
    {
        "key": "EWI_Silence_Reigns:0",
        "original": "A Secret Well Kept",
        "translation": "잘 지켜지는 비밀",
        "stage": 1,
        "context": null
    },
    {
        "key": "EWI_Silence_Reigns_desc:0",
        "original": "You really shouldn't be reading this. Like do not tag switch over here, you won't have a good time. This country is literally unplayable.",
        "translation": "이 이벤트는 원래 뜨면 안됩니다. 이 국가를 태그하지 않도록 하는 것 처럼, 절대 정상적으로 흘러갈 수 없을 것입니다. 말그대로 언플레이어블 국가입니다.",
        "stage": 1,
        "context": null
    },
    {
        "key": "windego.2.t:0",
        "original": "The End",
        "translation": "끝",
        "stage": 1,
        "context": null
    },
    {
        "key": "windego.2.d:0",
        "original": "It is done. We return to hiding once more.",
        "translation": "마침내 끝났습니다. 우린 다시 은신처로 돌아가야 할 것입니다.",
        "stage": 1,
        "context": null
    },
    {
        "key": "windego.2.a:0",
        "original": "So long.",
        "translation": "이젠 안녕.",
        "stage": 1,
        "context": null
    },
    {
        "key": "windego.3.t:0",
        "original": "After The Storm",
        "translation": "폭풍 후",
        "stage": 1,
        "context": null
    },
    {
        "key": "windego.3.d:0",
        "original": "The last winter was colder than usual. Icy winds blew from the north and blizzards were common. At first we thought it was natural, but during that winter the border patrols of the Arcturian Order, which were once zealously guarding the border, were gone. They never returned.\\n\\nNow word has reached us from brave individuals who dared to venture into the frozen lands of the Order. They say that the land has been completely deserted. The towns and villages are empty husks and frozen corpses littered the ground.\\n\\nIt is impossible to say for sure what happened, but the Order has apparently ceased to exist. Now no one controls the lands they once held. This presents an opportunity for us to move in and take it for ourselves. While the area is depopulated, we can take advantage of local natural resources. The question is, do we dare to claim such cursed lands?",
        "translation": "",
        "stage": 0,
        "context": null
    },
    {
        "key": "windego.3.a:0",
        "original": "Don't see why not.",
        "translation": "되고 말고.",
        "stage": 1,
        "context": null
    },
    {
        "key": "windego.3.b:0",
        "original": "Let it be someone else's problem.",
        "translation": "",
        "stage": 0,
        "context": null
    },
    {
        "key": "POLITICS_Spectre_DESC:0",
        "original": "§YBorn§!: Unknown\\n\\n§YBiography§!: Nothing is known of the Queen of the Windigos. All diplomatic envoys sent to her have not returned, making it clear negotiations with her will be impossible. She is hate incarnate.\\n\\n§YPortrait By§!: bunnyshrubby",
        "translation": "",
        "stage": 0,
        "context": null
    },
    {
        "key": "windego.1.t:0",
        "original": "The Answer",
        "translation": "",
        "stage": 0,
        "context": null
    },
    {
        "key": "windego.1.d:0",
        "original": "Don't read this.",
        "translation": "",
        "stage": 0,
        "context": null
    },
    {
        "key": "windego.1.a:0",
        "original": "Everyone dies.",
        "translation": "",
        "stage": 0,
        "context": null
    },
    {
        "key": "EWI_DESC_OLDSPEC:0",
        "original": "This isn't a Windigo. What is it? Where did it come from? What is it doing here? Is it even alive?",
        "translation": "",
        "stage": 0,
        "context": null
    },
    {
        "key": "EWI_DESC_WINDIGO:0",
        "original": "Windigos are among the most horrible creatures of the world. They have neither pity nor mercy in their souls, and they take delight in turning friend against friend and breaking the bonds of fellowship. They were long believed a myth, but it is clear now they are all too real.",
        "translation": "",
        "stage": 0,
        "context": null
    },
    {
        "key": "windigo_queen:0",
        "original": "Queen of the Windigos",
        "translation": "",
        "stage": 0,
        "context": null
    },
    {
        "key": "EWI_last_stand:0",
        "original": "The Final Battle",
        "translation": "",
        "stage": 0,
        "context": null
    },
    {
        "key": "EWI_last_stand_desc:0",
        "original": "Despite all our careful work, the Arcturian Order has discovered our plot and is moving to expose us to the world. We cannot hesistate or surrender; the nations of the world would unite to kill every last one of us without hesitation or mercy. Therefore, we shall fight to the bitter end.",
        "translation": "",
        "stage": 0,
        "context": null
    },
    {
        "key": "EWI_windigo_land:0",
        "original": "Windigo Rule",
        "translation": "",
        "stage": 0,
        "context": null
    },
    {
        "key": "EWI_windigo_land_desc:0",
        "original": "Windigos have swept across this land, bringing snow and death wherever they go. Their rule is superficially similar to the Dread League's, but they are not trapped in the torpor of the past.",
        "translation": "",
        "stage": 0,
        "context": null
    },
    {
        "key": "EWI_storm:0",
        "original": "Eternal Blizzard",
        "translation": "",
        "stage": 0,
        "context": null
    },
    {
        "key": "EWI_storm_desc:0",
        "original": "The arrival of the Windigos has made the land so cold that ponies freeze to death even during the daytime.",
        "translation": "",
        "stage": 0,
        "context": null
    },
    {
        "key": "ewi_army_chief:0",
        "original": "Queen Spectre",
        "translation": "",
        "stage": 0,
        "context": null
    },
    {
        "key": "ewi_navy_chief:0",
        "original": "Stormy Seas",
        "translation": "",
        "stage": 0,
        "context": null
    },
    {
        "key": "ewi_air_chief:0",
        "original": "Blizzard Hail",
        "translation": "",
        "stage": 0,
        "context": null
    },
    {
        "key": "ewi_high_command1:0",
        "original": "Howling Wind",
        "translation": "",
        "stage": 0,
        "context": null
    },
    {
        "key": "ewi_high_command2:0",
        "original": "Screaming Storm",
        "translation": "",
        "stage": 0,
        "context": null
    },
    {
        "key": "ewi_high_command3:0",
        "original": "Frore Agony",
        "translation": "프로레 어고니",
        "stage": 1,
        "context": null
    },
    {
        "key": "ewi_political_1:0",
        "original": "Cold Kiss",
        "translation": "콜드 키스",
        "stage": 1,
        "context": null
    },
    {
        "key": "ewi_political_2:0",
        "original": "Freezing Flash",
        "translation": "프리징 플래시",
        "stage": 1,
        "context": null
    },
    {
        "key": "ewi_political_3:0",
        "original": "Gelid Slice",
        "translation": "젤리드 슬라이스",
        "stage": 1,
        "context": null
    }
]