[
    {
        "key": "ARA_legacy:0",
        "original": "The Legacy of Arantigos",
        "translation": "",
        "stage": 0,
        "context": null
    },
    {
        "key": "ARA_legacy_desc:0",
        "original": "Once, long before the Empire, long before even Equestria and her Princesses, Arantigos Featherin ruled a realm that stretched from Midoria in the South to Romau in the North.\\n\\nAnd yet here we are, the pathetic remnants of a once mighty Kingdom whose King was feared and respected by Ponies and Griffons alike, but not all is lost. For within the heart of every Arantigan lives the same spirit that once guided the greatest conqueror Griffonia had ever seen!\\n\\nAnd even if we are now but a mere shadow of our past selves, that spirit still guides our armies emboldening them as it once did the mighty Arantigos.",
        "translation": "옛날 옛적 제국이나 이퀘스트리아의 공주들의 등장 훨씬 전에, 아란티가의 위대한 정복왕 아란티고스 페더린은 남으로는 미도리아, 북으로는 로마우에 이르는 위대한 왕국을 지배했었습니다. \\n\\n그시절 우리는 그리폰과 포니들로부터 존경과 공포를 동시에 받았으나, 이제는 한때 위대했던 것으로 전락했습니다. 그러나, 모든 아란티가인의 가슴속에는 위대한 정복왕의 영혼이 아직 살아 숨쉬고 있기에 희망은 있습니다! \\n\\n 비록 지금의 우리는 과거의 잔재에 불과하지만, 과거 아란티고스가 그랬던 것처럼 우리는 나아갈 것입니다.",
        "stage": 1,
        "context": null
    },
    {
        "key": "ARA_economic_dependance:0",
        "original": "Economic Dependence",
        "translation": "",
        "stage": 0,
        "context": null
    },
    {
        "key": "ARA_economic_dependance_desc:0",
        "original": "While the Arantigan Economy was not as badly affected by the fall of the Griffonian Empire as the rest of Griffonia due to our economy's close ties to the Wingbardians and the rest of the Karthinian Pact.\\n\\nIt is quite clear however that due to this Wingbardy exerts a massive amount of influence over our economy.",
        "translation": "",
        "stage": 0,
        "context": null
    },
    {
        "key": "ARA_cult_of_speed_idea:0",
        "original": "Cult of Speed",
        "translation": "속도 교단",
        "stage": 1,
        "context": null
    },
    {
        "key": "ARA_cult_of_speed_idea_desc:0",
        "original": "Faster! Harder! Meaner! Better! These are the guiding words for our divisions.",
        "translation": "악으로! 깡으로! 더 빠르게! 이것이 우리 군대의 표어가 될 것입니다.",
        "stage": 1,
        "context": null
    },
    {
        "key": "ARA_massed_artillery:0",
        "original": "Massed Artillery Fire",
        "translation": "",
        "stage": 0,
        "context": null
    },
    {
        "key": "ARA_massed_artillery_desc:0",
        "original": "By concentrating our artillery fire at a single location instead of spreading it out, we can inflict much more damage. Our foes will tremble at the sounds of the Arantigan ordnance!",
        "translation": "",
        "stage": 0,
        "context": null
    },
    {
        "key": "ARA_continous_planning_idea:0",
        "original": "Dedicated Officer Corps",
        "translation": "",
        "stage": 0,
        "context": null
    },
    {
        "key": "ARA_continous_planning_idea_desc:0",
        "original": "A dedicated group of officers is ensuring our battleplans are foolproof and created much quicker.",
        "translation": "",
        "stage": 0,
        "context": null
    },
    {
        "key": "ARA_new_school_idea:0",
        "original": "Sparleto Military Academy",
        "translation": "",
        "stage": 0,
        "context": null
    },
    {
        "key": "ARA_new_school_idea_desc:0",
        "original": "The ancient military academy has once again been reopened and staffed with our finest strategists, sharing their knowledge to the new generation of officers. Each shall carry the spirit of Arantigos with them!",
        "translation": "",
        "stage": 0,
        "context": null
    },
    {
        "key": "ARA_guerilla_warfare_idea:0",
        "original": "Guerrilla Warfare",
        "translation": "",
        "stage": 0,
        "context": null
    },
    {
        "key": "ARA_guerilla_warfare_idea_desc:0",
        "original": "We will resist, and we will bite, for no Arantigan dies a coward! Should the enemy invade our fair homeland, they shall be beset on all sides, and they shall never prevail.",
        "translation": "",
        "stage": 0,
        "context": null
    },
    {
        "key": "ARA_mandatory_training_idea:0",
        "original": "Mandatory Military Training",
        "translation": "",
        "stage": 0,
        "context": null
    },
    {
        "key": "ARA_mandatory_training_idea_desc:0",
        "original": "Almost every able-bodied civilian has passed basic training and knows how to operate a rifle. Arantiga has quite literally become an army with a state.",
        "translation": "",
        "stage": 0,
        "context": null
    },
    {
        "key": "ARA_legacy_2:0",
        "original": "The Legacy of Arantigos",
        "translation": "",
        "stage": 0,
        "context": null
    },
    {
        "key": "ARA_legacy_2_desc:0",
        "original": "Once, long before the Empire, long before even Equestria and her Princesses, Arantigos Featherin ruled a realm that stretched from Midoria in the South to Romau in the North.\\n\\nAnd yet here we are, the pathetic remnants of a once mighty Kingdom whose King was feared and respected by Ponies and Griffons alike, but not all is lost. For within the heart of every Arantigan lives the same spirit that once guided the greatest conqueror Griffonia had ever seen!\\n\\nAnd even if we are now but a mere shadow of our past selves, that spirit still guides our armies emboldening them as it once did the mighty Arantigos.\\n\\nWith the reforms in place, all we need is a new Arantigos to take up the sword. Show the world what it means to be an Arantigan and make it a better place.",
        "translation": "",
        "stage": 0,
        "context": null
    },
    {
        "key": "ARA_builder_divisions_idea:0",
        "original": "Divisioni di Lavoro",
        "translation": "",
        "stage": 0,
        "context": null
    },
    {
        "key": "ARA_builder_divisions_idea_desc:0",
        "original": "A specialised division within the Arantigan forces is ensuring that military installations are built at a quick pace, for any occasion and under any condition.",
        "translation": "",
        "stage": 0,
        "context": null
    },
    {
        "key": "ARA_unmatched_army_idea:0",
        "original": "An Unmatched Army",
        "translation": "",
        "stage": 0,
        "context": null
    },
    {
        "key": "ARA_unmatched_army_idea_desc:0",
        "original": "Our brave troops are entirely devoted to the safety of Arantiga and her interests abroad. None may compare!",
        "translation": "",
        "stage": 0,
        "context": null
    },
    {
        "key": "ARA_transitional_economy:0",
        "original": "Transitional Economy",
        "translation": "",
        "stage": 0,
        "context": null
    },
    {
        "key": "ARA_transitional_economy_desc:0",
        "original": "Arantigan economy is adapting to the new industrial plan, following the marginalisation of Wingbardian tycoons.",
        "translation": "",
        "stage": 0,
        "context": null
    },
    {
        "key": "ARA_foreign_experts_idea:0",
        "original": "Foreign Experts",
        "translation": "",
        "stage": 0,
        "context": null
    },
    {
        "key": "ARA_foreign_experts_idea_desc:0",
        "original": "Intelligent griffons and ponies from abroad are making up for the lack of our science base, giving us advice and assistance in improving our industry.",
        "translation": "",
        "stage": 0,
        "context": null
    },
    {
        "key": "ARA_equal_economy:0",
        "original": "A Thriving Economy",
        "translation": "",
        "stage": 0,
        "context": null
    },
    {
        "key": "ARA_equal_economy_desc:0",
        "original": "The economy has been successfully reformed, and now Arantigan businesses stand on equal footing with the Wingbardian ones. Gone are the days of exploitation.",
        "translation": "",
        "stage": 0,
        "context": null
    },
    {
        "key": "ARA_sparletan_vinyards:0",
        "original": "Arantigan Vineyards",
        "translation": "",
        "stage": 0,
        "context": null
    },
    {
        "key": "ARA_sparletan_vinyards_desc:0",
        "original": "The famed Arantigan wines are renowned across Griffonia for their uniquely tannic flavour.",
        "translation": "",
        "stage": 0,
        "context": null
    },
    {
        "key": "ARA_tourism_idea:0",
        "original": "Tourism Industry",
        "translation": "",
        "stage": 0,
        "context": null
    },
    {
        "key": "ARA_tourism_idea_desc:0",
        "original": "Although a small country, Arantiga has plenty to show to its visitors: from the many military museums showcasing its proud legacy to the vast lakeside properties, giving every visitor something to enjoy.",
        "translation": "",
        "stage": 0,
        "context": null
    },
    {
        "key": "ARA_tax_incentives_idea:0",
        "original": "Foreign Investors",
        "translation": "",
        "stage": 0,
        "context": null
    },
    {
        "key": "ARA_tax_incentives_idea_desc:0",
        "original": "Foreign investment is making the development of our country proceed much quicker, although it has its own price.",
        "translation": "",
        "stage": 0,
        "context": null
    },
    {
        "key": "ARA_welfare_state_idea:0",
        "original": "Benessere",
        "translation": "",
        "stage": 0,
        "context": null
    },
    {
        "key": "ARA_welfare_state_idea_desc:0",
        "original": "Although poverty and unemployment are quite rare in Arantiga, those few who are truly needy are being protected by an excellent welfare service.",
        "translation": "",
        "stage": 0,
        "context": null
    },
    {
        "key": "ARA_a_rolemodel_idea:0",
        "original": "The Arantigan Model",
        "translation": "",
        "stage": 0,
        "context": null
    },
    {
        "key": "ARA_a_rolemodel_idea_desc:0",
        "original": "Peace, stability and prosperity - guaranteed by the state, protected by our valiant soldiers.",
        "translation": "",
        "stage": 0,
        "context": null
    },
    {
        "key": "ARA_arantigan_diplomacy_idea:0",
        "original": "Renowned Diplomatic Core",
        "translation": "",
        "stage": 0,
        "context": null
    },
    {
        "key": "ARA_arantigan_diplomacy_idea_desc:0",
        "original": "Arantigan diplomats are notorious for their silver tongues and honeyed words.",
        "translation": "",
        "stage": 0,
        "context": null
    },
    {
        "key": "ARA_new_police_force_idea:0",
        "original": "Guardia Pubblica",
        "translation": "",
        "stage": 0,
        "context": null
    },
    {
        "key": "ARA_new_police_force_idea_desc:0",
        "original": "A new police force is ensuring Arantiga's safety and stability. Each policegriff has been thoroughly examined to ensure they have no ties to extremist organisations.",
        "translation": "",
        "stage": 0,
        "context": null
    },
    {
        "key": "ARA_sunny_spot_idea:0",
        "original": "The Sunny Spot of Griffonia",
        "translation": "",
        "stage": 0,
        "context": null
    },
    {
        "key": "ARA_sunny_spot_idea_desc:0",
        "original": "Although others would sneer at us for being supposedly backwater, the griffons of Arantiga are truly content with their place in the world. The quality of life is higher than it has ever been, all thanks to the gracious leadership of the SDL.",
        "translation": "",
        "stage": 0,
        "context": null
    },
    {
        "key": "ARA_foreign_intelligence_office_idea:0",
        "original": "Servizio di Sicurezza Nazionale",
        "translation": "",
        "stage": 0,
        "context": null
    },
    {
        "key": "ARA_foreign_intelligence_office_idea_desc:0",
        "original": "A secretive intelligence service ensures that dissidents and protesters are quietly removed before they could cause any disruption to our society.",
        "translation": "",
        "stage": 0,
        "context": null
    },
    {
        "key": "ARA_into_the_world_idea:0",
        "original": "Into the World",
        "translation": "",
        "stage": 0,
        "context": null
    },
    {
        "key": "ARA_into_the_world_idea_desc:0",
        "original": "It is our duty to support socialist revolutions across the world! The proletariat will be free, and our soldiers will the ones to ensure a future free of exploitation!",
        "translation": "",
        "stage": 0,
        "context": null
    },
    {
        "key": "ARA_megas_arantigos:0",
        "original": "Cult of Arantigos-Boreas",
        "translation": "",
        "stage": 0,
        "context": null
    },
    {
        "key": "ARA_megas_arantigos_desc:0",
        "original": "Arantigos of old was the mortal reincarnation of Boreas, this is known.",
        "translation": "",
        "stage": 0,
        "context": null
    },
    {
        "key": "ARA_loyatly_to_the_baron_idea:0",
        "original": "Loyalty to Dorotheos",
        "translation": "",
        "stage": 0,
        "context": null
    },
    {
        "key": "ARA_loyatly_to_the_baron_idea_desc:0",
        "original": "The populace's loyalty to its leader is unquestionable. Their support is shown through songs exalting Dorotheos' virtues, children being named after him, and an increased number of recruits for the army.",
        "translation": "",
        "stage": 0,
        "context": null
    },
    {
        "key": "ARA_autarky_idea:0",
        "original": "Aftarkeia",
        "translation": "",
        "stage": 0,
        "context": null
    },
    {
        "key": "ARA_autarky_idea_desc:0",
        "original": "Self-reliance is the greatest virtue. Arantiga for Arantigans!",
        "translation": "",
        "stage": 0,
        "context": null
    },
    {
        "key": "ARA_napalm_idea:0",
        "original": "Napalm",
        "translation": "",
        "stage": 0,
        "context": null
    },
    {
        "key": "ARA_napalm_idea_desc:0",
        "original": "A substance that is frowned upon by more honourable griffons, it is nonetheless very efficient in burning down our foes' cities and forces.",
        "translation": "",
        "stage": 0,
        "context": null
    },
    {
        "key": "ARA_finest_aces_idea:0",
        "original": "The Finest Aces",
        "translation": "",
        "stage": 0,
        "context": null
    },
    {
        "key": "ARA_finest_aces_idea_desc:0",
        "original": "The Arantigan griffon is naturally adapt at anything involving warfare, and this is shown in how quickly they adapted to the airplane. Already our pilots are a step above the norm.",
        "translation": "",
        "stage": 0,
        "context": null
    },
    {
        "key": "ARA_we_shall_rule_idea:0",
        "original": "We Shall Rule!",
        "translation": "",
        "stage": 0,
        "context": null
    },
    {
        "key": "ARA_we_shall_rule_idea_desc:0",
        "original": "Griffonia once belonged to Arantigos, and it shall become ours once again! We march to everlasting glory!",
        "translation": "",
        "stage": 0,
        "context": null
    },
    {
        "key": "ARA_the_new_airforce:0",
        "original": "The Birth of the Airforce",
        "translation": "",
        "stage": 0,
        "context": null
    },
    {
        "key": "ARA_the_new_airforce_desc:0",
        "original": "The world is changing around us. No longer do Griffons have to fly with their wings alone; powerful engines allow us to soar through the skies. We should invest in the military applications of this technology, lest we fall behind.",
        "translation": "",
        "stage": 0,
        "context": null
    },
    {
        "key": "ARA_new_fighters:0",
        "original": "Dominate the Skies",
        "translation": "",
        "stage": 0,
        "context": null
    },
    {
        "key": "ARA_new_fighters_desc:0",
        "original": "Bombers are quite good and all, but they are quite useless without anything to protect them. As such, we should focus our efforts on creating the best guardians for Arantigan skies.",
        "translation": "",
        "stage": 0,
        "context": null
    },
    {
        "key": "ARA_further_development:0",
        "original": "Experimental Fighters",
        "translation": "",
        "stage": 0,
        "context": null
    },
    {
        "key": "ARA_further_development_desc:0",
        "original": "The possibilities of jet engines are fascinating. We should try to adapt this technology to our military. It could ensure the dominance of the skies for years to come.",
        "translation": "",
        "stage": 0,
        "context": null
    },
    {
        "key": "ARA_new_heavy_fighters:0",
        "original": "Heavier Models",
        "translation": "",
        "stage": 0,
        "context": null
    },
    {
        "key": "ARA_new_heavy_fighters_desc:0",
        "original": "Our fighter designs are proving to be a success, but we need fighters with the range of bombers. Sacrificing agility for endurance, armor, and weapons may be the solution.",
        "translation": "",
        "stage": 0,
        "context": null
    },
    {
        "key": "ARA_airports:0",
        "original": "Sparletan Airfields",
        "translation": "",
        "stage": 0,
        "context": null
    },
    {
        "key": "ARA_airports_desc:0",
        "original": "Our planes cannot fly if they have nowhere to be stored and launch from. There are plenty of suitable locations for airfields, on the bright side. We need only to approve the construction.",
        "translation": "",
        "stage": 0,
        "context": null
    },
    {
        "key": "ARA_foregin_designs:0",
        "original": "Import Foreign Fighters",
        "translation": "",
        "stage": 0,
        "context": null
    },
    {
        "key": "ARA_foregin_designs_desc:0",
        "original": "Given the small industry we have at our disposal, it would be better to start our airforce by buying some planes, rather then relying on building our own. We can improve on them later, after all.",
        "translation": "",
        "stage": 0,
        "context": null
    },
    {
        "key": "ARA_napalm:0",
        "original": "Napalm",
        "translation": "",
        "stage": 0,
        "context": null
    },
    {
        "key": "ARA_napalm_desc:0",
        "original": "In a war, there can be no half measures. Either we are the victors, or we suffer a most ignoble defeat. Thus, our bombers will begin carrying a more devastating weapon - napalm. After all, they can't keep the war up if all their factories are in flames.",
        "translation": "",
        "stage": 0,
        "context": null
    },
    {
        "key": "ARA_finest_aces:0",
        "original": "The Finest Aces",
        "translation": "",
        "stage": 0,
        "context": null
    },
    {
        "key": "ARA_finest_aces_desc:0",
        "original": "A superior training program will ensure only the best fly in our planes; our pilots will be the cream of the crop! In every aspect of warfare, Arantiga shall be at the very top!",
        "translation": "",
        "stage": 0,
        "context": null
    },
    {
        "key": "ARA_new_bombers:0",
        "original": "Salt the Fields",
        "translation": "",
        "stage": 0,
        "context": null
    },
    {
        "key": "ARA_new_bombers_desc:0",
        "original": "Regular bombers are good, but what we need are heavy duty warplanes; bombers that can take a beating and still survive to drop their payload. That is where the future of aeronautics lay.",
        "translation": "",
        "stage": 0,
        "context": null
    },
    {
        "key": "ARA_new_closer_air:0",
        "original": "Guard Our Troops",
        "translation": "",
        "stage": 0,
        "context": null
    },
    {
        "key": "ARA_new_closer_air_desc:0",
        "original": "Coordination between air and land has clear tactical and strategic benefits; creating aircraft designs specifically to aid the boots on the ground will make them grateful for the wings above.",
        "translation": "",
        "stage": 0,
        "context": null
    },
    {
        "key": "ARA_new_heavy_bombers:0",
        "original": "Strategic Destruction",
        "translation": "",
        "stage": 0,
        "context": null
    },
    {
        "key": "ARA_new_heavy_bombers_desc:0",
        "original": "Bombing key enemy positions; supply depots, railways, you name it, will require specialized planes. Designing some should be a priority.",
        "translation": "",
        "stage": 0,
        "context": null
    },
    {
        "key": "ARA_issue_of_economic_dependance:0",
        "original": "Dealing with the Economy",
        "translation": "",
        "stage": 0,
        "context": null
    },
    {
        "key": "ARA_issue_of_economic_dependance_desc:0",
        "original": "Arantiga's economy is in a pitiful state, and we must see to the matter of resolving this issue if we wish to become a regional power. The first task on the list is deciding our stance towards Wingbardy.",
        "translation": "",
        "stage": 0,
        "context": null
    },
    {
        "key": "ARA_our_own_way:0",
        "original": "Our Own Path",
        "translation": "",
        "stage": 0,
        "context": null
    },
    {
        "key": "ARA_our_own_way_desc:0",
        "original": "Arantiga must forge its own path. If we do not make ourselves economically independent, we will be, beyond our obligations in the Pact, forced into wars with them. As such, it is time to begin cutting ourselves free from the claws of Wingbardy's industry.",
        "translation": "",
        "stage": 0,
        "context": null
    },
    {
        "key": "ARA_build_roads:0",
        "original": "Arantigan Railroad",
        "translation": "",
        "stage": 0,
        "context": null
    },
    {
        "key": "ARA_build_roads_desc:0",
        "original": "If we are to become an industrial power, we will need the base infrastructure for it. Preparing ourselves for the great leap forward is a must if we are to be economically separate.",
        "translation": "",
        "stage": 0,
        "context": null
    },
    {
        "key": "ARA_industrial_buildup:0",
        "original": "Industrial Buildup",
        "translation": "",
        "stage": 0,
        "context": null
    },
    {
        "key": "ARA_industrial_buildup_desc:0",
        "original": "More factories can only benefit us. Therefore, it is logical we should center our efforts on expanding our industry. We shall give subsidies to a select number of companies.",
        "translation": "",
        "stage": 0,
        "context": null
    },
    {
        "key": "ARA_mining_operations:0",
        "original": "Ores in the Hills",
        "translation": "",
        "stage": 0,
        "context": null
    },
    {
        "key": "ARA_mining_operations_desc:0",
        "original": "With the recent location of new metal deposits in Arantiga's hills, we can open up additional mines to secure more resources for our economy. Arantiga must be reliant on its own resource base, and not from foreigners.",
        "translation": "",
        "stage": 0,
        "context": null
    },
    {
        "key": "ARA_import_machinery:0",
        "original": "Import Machinery",
        "translation": "",
        "stage": 0,
        "context": null
    },
    {
        "key": "ARA_import_machinery_desc:0",
        "original": "We will need tractors, trucks and other industrial machines to help fuel our growing industry. Purchasing some is an excellent solution to help us meet our material needs.",
        "translation": "",
        "stage": 0,
        "context": null
    },
    {
        "key": "ARA_foreign_experts:0",
        "original": "Invite Foreign Experts",
        "translation": "",
        "stage": 0,
        "context": null
    },
    {
        "key": "ARA_foreign_experts_desc:0",
        "original": "Not only will allowing foreign exports to examine our economy benefit it, they will also help with the pandemic illiteracy rampaging around our nation. Incentives, however, will be required to attract them to Arantiga. A small price for progress, nonetheless.",
        "translation": "",
        "stage": 0,
        "context": null
    },
    {
        "key": "ARA_industrial_revolution:0",
        "original": "Industrial Modernisation",
        "translation": "",
        "stage": 0,
        "context": null
    },
    {
        "key": "ARA_industrial_revolution_desc:0",
        "original": "With all our buildup, we can move ourselves away from our backward technology and into the age of industry proper!",
        "translation": "",
        "stage": 0,
        "context": null
    },
    {
        "key": "ARA_transition_finished:0",
        "original": "The Economy Reborn!",
        "translation": "",
        "stage": 0,
        "context": null
    },
    {
        "key": "ARA_transition_finished_desc:0",
        "original": "With the recent improvements to our economy complete, we can finally declare ourselves our own economic power, if only a small one. Arantiga stands proudly on the results of her own efforts.",
        "translation": "",
        "stage": 0,
        "context": null
    },
    {
        "key": "ARA_go_with_wingbardians:0",
        "original": "Go With the Wingbardians",
        "translation": "",
        "stage": 0,
        "context": null
    },
    {
        "key": "ARA_go_with_wingbardians_desc:0",
        "original": "Our economy is already closely tied to Wingbardy. It only makes sense that we should therefore build up our ties and use them to our advantage. While this will, of course, make us dependent on Wingbardy, there are clear benefits to it as well.",
        "translation": "",
        "stage": 0,
        "context": null
    },
    {
        "key": "ARA_vinyards:0",
        "original": "Expand Alubviran Vineyards",
        "translation": "",
        "stage": 0,
        "context": null
    },
    {
        "key": "ARA_vinyards_desc:0",
        "original": "Wine is a common luxury, enjoyed throughout Griffon lands and beyond. As such, it is in constant demand. Expanding our already present vineyards in Alubvira should help our economy prosper.",
        "translation": "",
        "stage": 0,
        "context": null
    },
    {
        "key": "ARA_tourism:0",
        "original": "Encourage Tourism",
        "translation": "",
        "stage": 0,
        "context": null
    },
    {
        "key": "ARA_tourism_desc:0",
        "original": "Tourism is a wonderful thing. Ponies, griffons and even zebras come to visit and marvel at the wonders of our achievements. Encouraging them so that they come to spend their money in our country, therefore, is an excellent way to bring more money into our economy.",
        "translation": "",
        "stage": 0,
        "context": null
    },
    {
        "key": "ARA_tax_incentives:0",
        "original": "Invite Investors",
        "translation": "",
        "stage": 0,
        "context": null
    },
    {
        "key": "ARA_tax_incentives_desc:0",
        "original": "Investors will be needed to bring money and business into our growing economy. Inviting and offering incentives to them should allow our economy to blossom.",
        "translation": "",
        "stage": 0,
        "context": null
    },
    {
        "key": "ARA_cement_factories:0",
        "original": "Arantigan Lumber Industry",
        "translation": "",
        "stage": 0,
        "context": null
    },
    {
        "key": "ARA_cement_factories_desc:0",
        "original": "Our nation, small as it is, is home to a wide variety of forests. From aging oaks to young maples, Arantiga has no lack of biodiversity. And yet we have scarcely utilised this natural resource. After deliberation with Wingbardian investors, we shall begin exploiting our forests, but for each tree felled, we shall plant two new ones. This prevents the erosion of the soil and preserves our natural beauty.",
        "translation": "",
        "stage": 0,
        "context": null
    },
    {
        "key": "ARA_industrial_assistance:0",
        "original": "Request Industrial Assistance",
        "translation": "",
        "stage": 0,
        "context": null
    },
    {
        "key": "ARA_industrial_assistance_desc:0",
        "original": "Arrogance has to be a thing of the past; we must be humble if we seek to gain power to place ourselves on equal footing with Wingbardy. Requesting assistance to develop and transition our economy is therefore a must.",
        "translation": "",
        "stage": 0,
        "context": null
    },
    {
        "key": "ARA_cigars:0",
        "original": "Pontels Cigar Factory",
        "translation": "",
        "stage": 0,
        "context": null
    },
    {
        "key": "ARA_cigars_desc:0",
        "original": "Cigars are an excellent investment; not only are they used constantly, but they are easy to produce and will keep the citizenry placated. Rumours of life expectancy tanking as a result of overuse are just exaggerations.",
        "translation": "",
        "stage": 0,
        "context": null
    },
    {
        "key": "ARA_equals:0",
        "original": "A New Path",
        "translation": "",
        "stage": 0,
        "context": null
    },
    {
        "key": "ARA_equals_desc:0",
        "original": "Our economy is reborn! Thanks to the cooperation of our allies, Arantiga stands tall and proud. Our economic ties to them bind us all together.",
        "translation": "",
        "stage": 0,
        "context": null
    },
    {
        "key": "ARA_science_base:0",
        "original": "Modernisation Efforts",
        "translation": "",
        "stage": 0,
        "context": null
    },
    {
        "key": "ARA_science_base_desc:0",
        "original": "With a developed industrial base, we can now devote our efforts toward scientific matters. The bright future in science will be ours.",
        "translation": "",
        "stage": 0,
        "context": null
    },
    {
        "key": "ARA_new_age_new_army:0",
        "original": "New Age, New Army",
        "translation": "",
        "stage": 0,
        "context": null
    },
    {
        "key": "ARA_new_age_new_army_desc:0",
        "original": "We are entering a new era of warfare. Gone are the days of the spear and shield. Here and now is the age of guns and tanks. We must choose where we stand, and ensure we do not fall behind.",
        "translation": "",
        "stage": 0,
        "context": null
    },
    {
        "key": "ARA_new_academy:0",
        "original": "Examine the Officers",
        "translation": "",
        "stage": 0,
        "context": null
    },
    {
        "key": "ARA_new_academy_desc:0",
        "original": "Once, we were the greatest nation on Griffonia. The ancient military doctrines need to be adapted to modernity. Our officers need to be reinstructed with a mix of classic and modern works about warfare. After that, it is time to develop new doctrines, and adapt to the ever-changing ways of war.",
        "translation": "",
        "stage": 0,
        "context": null
    },
    {
        "key": "ARA_mobile_warfare_doctrine:0",
        "original": "Unimagined Speed",
        "translation": "",
        "stage": 0,
        "context": null
    },
    {
        "key": "ARA_mobile_warfare_doctrine_desc:0",
        "original": "Tanks, jeeps, and trucks are all new inventions that are changing the shape of warfare. While the trenches of old stand tall and strong, these mechanical beasts lumber forth, destroying all who dare stand in our way. It is clear that adopting such a doctrine will only benefit us in the long run.",
        "translation": "",
        "stage": 0,
        "context": null
    },
    {
        "key": "ARA_develop_doctrine:0",
        "original": "Lead from the Front!",
        "translation": "",
        "stage": 0,
        "context": null
    },
    {
        "key": "ARA_develop_doctrine_desc:0",
        "original": "It is said Arantigos favoured to lead the mobile wing of his army from the front. He did not fear danger and neither should our officers. If we are to adapt the risky manoeuvres that come with our doctrine, we need to show the troops that our officers are not afraid to lead them into battle themselves!",
        "translation": "",
        "stage": 0,
        "context": null
    },
    {
        "key": "ARA_cult_of_speed:0",
        "original": "A Cult of Speed",
        "translation": "",
        "stage": 0,
        "context": null
    },
    {
        "key": "ARA_cult_of_speed_desc:0",
        "original": "Speed is the deciding factor in warfare. If you can decide where to fight and who you face when, you have already won half your battles. And if we can push forward faster than they can retreat, then our enemies have no chance against us.",
        "translation": "",
        "stage": 0,
        "context": null
    },
    {
        "key": "ARA_actual_trucks:0",
        "original": "Unit Motorisation",
        "translation": "",
        "stage": 0,
        "context": null
    },
    {
        "key": "ARA_actual_trucks_desc:0",
        "original": "Armoured, motorised infantry is an ideal the Great Conqueror himself never had access to. If one unit can act both as a hammer and an anvil, exploiting gaps and keeping an enemy in place, we should make haste to reform our army into such a force.",
        "translation": "",
        "stage": 0,
        "context": null
    },
    {
        "key": "ARA_tanks_for_the_army:0",
        "original": "Knights of the New Age",
        "translation": "",
        "stage": 0,
        "context": null
    },
    {
        "key": "ARA_tanks_for_the_army_desc:0",
        "original": "In the past, stalwart Knights adorned in great armour battled against beasts of legend and the enemies of their nations. Now, it is clear that these Knights, while inspirational, are quite outdated. We must adapt to the times, or be left behind.",
        "translation": "",
        "stage": 0,
        "context": null
    },
    {
        "key": "ARA_better_tanks:0",
        "original": "Rolling Out",
        "translation": "",
        "stage": 0,
        "context": null
    },
    {
        "key": "ARA_better_tanks_desc:0",
        "original": "Our armoured behemoths are ready to go forth and destroy our enemies. The tank has been revealed as a great weapon of war, which can multiply the strength of an army in the claws of a great tactician. Our foes will find that Arantigan tanks will outmanoeuvre and outfight anything they can bring to the battlefield.",
        "translation": "Our armoured behemoths are ready to go forth and destroy our enemies. The tank has been revealed as a great weapon of war, which can multiply the strength of an army in the hands of a great tactician. Our foes will find that Arantigan tanks will outmanoeuvre and outfight anything they can bring to the battlefield.",
        "stage": 1,
        "context": null
    },
    {
        "key": "ARA_superior_warfare_doctrine:0",
        "original": "Fire From a Distance",
        "translation": "",
        "stage": 0,
        "context": null
    },
    {
        "key": "ARA_superior_warfare_doctrine_desc:0",
        "original": "Arantigos Featherin himself already appreciated the use of weapons with longer range then your opponents. A very simple truth still rings true even into this millennium. They cannot pose a threat to us if they are dead before they get to us.",
        "translation": "",
        "stage": 0,
        "context": null
    },
    {
        "key": "ARA_develop_superior_doctrine:0",
        "original": "Safe and Sound",
        "translation": "",
        "stage": 0,
        "context": null
    },
    {
        "key": "ARA_develop_superior_doctrine_desc:0",
        "original": "We will defeat the enemy safe and sound in our bunkers while our artillery rips them to shreds. None will stand in our way. There is no reason to throw away Arantigan lives without reason, since any Arantigan is worth ten times that of another soldier.",
        "translation": "",
        "stage": 0,
        "context": null
    },
    {
        "key": "ARA_mass_artillery:0",
        "original": "Massed Artillery Fire",
        "translation": "",
        "stage": 0,
        "context": null
    },
    {
        "key": "ARA_mass_artillery_desc:0",
        "original": "Through the use of massed artillery fire, we shall not only annihilate the enemy's fighting spirit, but also wreck their defences. The following infantry charge will see little to no resistance. The Great Conqueror himself used this tactic to great effect, disorganising the enemy's front line and then trampling over them with a charge.",
        "translation": "",
        "stage": 0,
        "context": null
    },
    {
        "key": "ARA_better_artillery:0",
        "original": "Modern Artillery Pieces",
        "translation": "",
        "stage": 0,
        "context": null
    },
    {
        "key": "ARA_better_artillery_desc:0",
        "original": "The days of catapults and ballistae are but legends. Gone are the days of star-shaped forts and cannons. Technology marches forward unrelentingly and in this new age, we have howitzers and bunkers. We must make sure we keep up with all new developments.",
        "translation": "",
        "stage": 0,
        "context": null
    },
    {
        "key": "ARA_fancier_guns:0",
        "original": "Preparing the Vanguard",
        "translation": "",
        "stage": 0,
        "context": null
    },
    {
        "key": "ARA_fancier_guns_desc:0",
        "original": "Having all these big guns are virtually useless if we do not have the means to protect them. Even with all these new weapons, the Arantigan soldier is still the mainstay of the army. We should ensure that he is equipped with the best weapons that money can buy.",
        "translation": "",
        "stage": 0,
        "context": null
    },
    {
        "key": "ARA_continous_planning:0",
        "original": "Dedicated Officer Core",
        "translation": "",
        "stage": 0,
        "context": null
    },
    {
        "key": "ARA_continous_planning_desc:0",
        "original": "With our big guns now being the central philosophy of our army, we should ensure our officers are able to put them to use, as well as assigning officers to these artillery crews so they are more efficient.",
        "translation": "",
        "stage": 0,
        "context": null
    },
    {
        "key": "ARA_new_school:0",
        "original": "The Sparleto Military Academy",
        "translation": "",
        "stage": 0,
        "context": null
    },
    {
        "key": "ARA_new_school_desc:0",
        "original": "The ancient Academy in our capital has become the domain of dust and paper rot! But with our officer corps in place, we can turn the old grounds into a bustling hub of military knowledge once again. The spirit of conquerors still dwells in our people and with proper study, that spirit will manifest into its fullest potential.",
        "translation": "",
        "stage": 0,
        "context": null
    },
    {
        "key": "ARA_new_guns:0",
        "original": "Guns For the Troops",
        "translation": "",
        "stage": 0,
        "context": null
    },
    {
        "key": "ARA_new_guns_desc:0",
        "original": "Even with artillery and tanks aplenty, the core of warfare will always truly be the brave infantry who risk their lives out there. The least we can do is make sure they are all armed properly.",
        "translation": "",
        "stage": 0,
        "context": null
    },
    {
        "key": "ARA_new_artillery:0",
        "original": "Cannons of the New Age",
        "translation": "",
        "stage": 0,
        "context": null
    },
    {
        "key": "ARA_new_artillery_desc:0",
        "original": " With these new massive guns, no enemy will be able to hide from our might. No pillbox, no trench, no fortification will be able to stand up to the salvos of our guns. We will force them to face us on even ground!",
        "translation": "",
        "stage": 0,
        "context": null
    },
    {
        "key": "ARA_new_equipment:0",
        "original": "Sturdy Shovels",
        "translation": "",
        "stage": 0,
        "context": null
    },
    {
        "key": "ARA_new_equipment_desc:0",
        "original": "An infantrygriff cannot defend himself if he has no hole to hide in. Improving our support equipment should be a priority. An Arantigan infantrygriff should be able to march for days while fully packed. Surely they can carry an extra shovel or first aid kit.",
        "translation": "An infantryman cannot defend himself if he has no hole to hide in. Improving our support equipment should be a priority. An Arantigan infantryman should be able to march for days while fully packed. Surely they can carry an extra shovel or first aid kit.",
        "stage": 1,
        "context": null
    },
    {
        "key": "ARA_spec_ops_program:0",
        "original": "Forze Speciali",
        "translation": "",
        "stage": 0,
        "context": null
    },
    {
        "key": "ARA_spec_ops_program_desc:0",
        "original": "Unconventional warfare is the deadliest. Using new tactics, we can surprise our foes with special operations. We merely need to plan the way we will fight.",
        "translation": "",
        "stage": 0,
        "context": null
    },
    {
        "key": "ARA_nation_under_arms:0",
        "original": "An Armed Society",
        "translation": "",
        "stage": 0,
        "context": null
    },
    {
        "key": "ARA_nation_under_arms_desc:0",
        "original": "Tensions are rising rapidly all around us. It is clear that we cannot afford to stand back and watch the world burn. We must arm ourselves. Once, the entire nation was mobilised for conquest and if necessary, we can militarise again.",
        "translation": "",
        "stage": 0,
        "context": null
    },
    {
        "key": "ARA_prepare_the_people:0",
        "original": "Is a Polite Society",
        "translation": "",
        "stage": 0,
        "context": null
    },
    {
        "key": "ARA_prepare_the_people_desc:0",
        "original": "Our griffons will not need to stay home and protect their families. They can join the army, since they know that in a militarised society, all those who stay behind will be protected as well.",
        "translation": "",
        "stage": 0,
        "context": null
    },
    {
        "key": "ARA_the_cadets:0",
        "original": "The Giovani Cadetti",
        "translation": "",
        "stage": 0,
        "context": null
    },
    {
        "key": "ARA_the_cadets_desc:0",
        "original": "The Cadetti are a branch of Arantigan military scientists, tasked with developing new weapons for the military. We should expand their ranks and make sure to also task them with civilian projects if necessary.",
        "translation": "",
        "stage": 0,
        "context": null
    },
    {
        "key": "ARA_guerilla_warfare:0",
        "original": "No Surrender",
        "translation": "",
        "stage": 0,
        "context": null
    },
    {
        "key": "ARA_guerilla_warfare_desc:0",
        "original": "Surrender is the cowards' path. We will fight to the death. Every last Arantigan will brave the perils of war, or die trying. The forests of Arantiga will be utilised for our partisan movement, with hidden equipment caches.",
        "translation": "",
        "stage": 0,
        "context": null
    },
    {
        "key": "ARA_mandatory_training:0",
        "original": "Implement Mandatory Military Training",
        "translation": "",
        "stage": 0,
        "context": null
    },
    {
        "key": "ARA_mandatory_training_desc:0",
        "original": "We cannot afford for everygriff to remain a civilian. Everyone must be ready to be conscripted if it is needed. Therefore, all griffons should be trained in the ways of war, so that new recruits can quickly be prepared for combat, should the need arise.",
        "translation": "",
        "stage": 0,
        "context": null
    },
    {
        "key": "ARA_radio_stations:0",
        "original": "Military Frequencies",
        "translation": "",
        "stage": 0,
        "context": null
    },
    {
        "key": "ARA_radio_stations_desc:0",
        "original": "If you know what your enemy is up to, you have already won half of the battle. Although spies remain important, new technologies will allow us to see the world far more clearly. We should make use of this.",
        "translation": "",
        "stage": 0,
        "context": null
    },
    {
        "key": "ARA_extensive_coscription_laws:0",
        "original": "Expand Conscription",
        "translation": "",
        "stage": 0,
        "context": null
    },
    {
        "key": "ARA_extensive_coscription_laws_desc:0",
        "original": "Our military is quite small, and as such, we need a greater proportion of bodies watching the borders. Updating our conscription laws should serve to fix this issue nicely.",
        "translation": "",
        "stage": 0,
        "context": null
    },
    {
        "key": "ARA_military_railroads:0",
        "original": "Is a Functioning Society",
        "translation": "",
        "stage": 0,
        "context": null
    },
    {
        "key": "ARA_military_railroads_desc:0",
        "original": "A militarised society should use military precision and drill for every aspect of life. Much more can be pushed out of our infrastructure if we enforce exact timetables and sober use of seating on trains. This will effectively increase our infrastructure's capacity.",
        "translation": "",
        "stage": 0,
        "context": null
    },
    {
        "key": "ARA_builder_divisions:0",
        "original": "Divisioni di Lavoro",
        "translation": "",
        "stage": 0,
        "context": null
    },
    {
        "key": "ARA_builder_divisions_desc:0",
        "original": "The Divisions of Labour are a group of military engineers. These engineers specialise in constructing and maintaining the industry and infrastructure of our nation, military and civilian. It is time to give them the support they need to be more effective.",
        "translation": "",
        "stage": 0,
        "context": null
    },
    {
        "key": "ARA_reservist_housing:0",
        "original": "Reservist Housing",
        "translation": "",
        "stage": 0,
        "context": null
    },
    {
        "key": "ARA_reservist_housing_desc:0",
        "original": "Building more barracks for our troops will allow us to significantly expand our army. A soldier who knows he is well housed, will have one less thing to worry about besides fighting.",
        "translation": "",
        "stage": 0,
        "context": null
    },
    {
        "key": "ARA_fortified_nation:0",
        "original": "Hunker Down",
        "translation": "",
        "stage": 0,
        "context": null
    },
    {
        "key": "ARA_fortified_nation_desc:0",
        "original": "Compared to quite a few, our army is small, but elite. As such, we must secure every advantage we can that will inflict greater losses on the enemy for less of ours. It is time to dig in.",
        "translation": "",
        "stage": 0,
        "context": null
    },
    {
        "key": "ARA_stocked_arsenals:0",
        "original": "Stock the Arsenals",
        "translation": "",
        "stage": 0,
        "context": null
    },
    {
        "key": "ARA_stocked_arsenals_desc:0",
        "original": "We cannot fight if we do not have guns. We need to make sure everygriff in our army is supplied and ready. The cost of preparation is invaluable, and the troops will appreciate our efforts.",
        "translation": "",
        "stage": 0,
        "context": null
    },
    {
        "key": "ARA_mobilized_economy:0",
        "original": "Mobilise the Economy",
        "translation": "",
        "stage": 0,
        "context": null
    },
    {
        "key": "ARA_mobilized_economy_desc:0",
        "original": "Our economy, while reasonable, is also mostly civilian. We must mobilize it and make it ready for war. A modern war is won on the homefront and if we are to win heroic victories, we should be supplied with legendary weaponry.",
        "translation": "",
        "stage": 0,
        "context": null
    },
    {
        "key": "ARA_legendary:0",
        "original": "Making Arantigos Proud",
        "translation": "",
        "stage": 0,
        "context": null
    },
    {
        "key": "ARA_legendary_desc:0",
        "original": "Look at us now; mobilized and ready for war. We are ready to reclaim our birth right and take our destiny into our own claws. Arantigos would be proud! We march again!",
        "translation": "Look at us now; mobilized and ready for war. We are ready to reclaim our birth right and take our destiny into our own hands. Arantigos would be proud! We march again!",
        "stage": 1,
        "context": null
    },
    {
        "key": "ARA_unmatched_army:0",
        "original": "An Army Without Peer",
        "translation": "",
        "stage": 0,
        "context": null
    },
    {
        "key": "ARA_unmatched_army_desc:0",
        "original": "None may claim to hold the same standards as the Sparletan people. Ours is an army rich in history and powerful, ready to take on the world in Arantiga's defence. The spirit of the ancient conqueror lives anew amongst our ranks. Glory to Arantiga!",
        "translation": "",
        "stage": 0,
        "context": null
    },
    {
        "key": "ARA_the_aftermath_of_the_coup:0",
        "original": "The Aftermath",
        "translation": "",
        "stage": 0,
        "context": null
    },
    {
        "key": "ARA_the_aftermath_of_the_coup_desc:0",
        "original": "The dust has settled after the coup Dorotheos launched. The only question; did it succeed?",
        "translation": "",
        "stage": 0,
        "context": null
    },
    {
        "key": "ARA_coup_prevented:0",
        "original": "Margareth's Victory",
        "translation": "",
        "stage": 0,
        "context": null
    },
    {
        "key": "ARA_coup_prevented_desc:0",
        "original": "Dorotheos has been defeated, and he has been arrested, awaiting his fate. It is obvious we cannot govern like before. Changes to the government must be made!",
        "translation": "",
        "stage": 0,
        "context": null
    },
    {
        "key": "ARA_army_purges:0",
        "original": "Retire the Disloyal",
        "translation": "",
        "stage": 0,
        "context": null
    },
    {
        "key": "ARA_army_purges_desc:0",
        "original": "Given the support Dorotheos had, it is essential that we root out traitors within our ranks, or we'll be having an another revolt on our claws.",
        "translation": "",
        "stage": 0,
        "context": null
    },
    {
        "key": "ARA_deal_with_dorotheos:0",
        "original": "Dorotheos' Trial",
        "translation": "",
        "stage": 0,
        "context": null
    },
    {
        "key": "ARA_deal_with_dorotheos_desc:0",
        "original": "Dorotheos has been brought to the court on grounds of high treason, and faces either death, or life imprisonment. There is no chance of clemency for him.",
        "translation": "",
        "stage": 0,
        "context": null
    },
    {
        "key": "ARA_more_political_freedoms:0",
        "original": "Open Up the Political Sphere",
        "translation": "",
        "stage": 0,
        "context": null
    },
    {
        "key": "ARA_more_political_freedoms_desc:0",
        "original": "Although the descendants of Arantigos has been ruling Arantiga in a just and fair manner for the past centuries, it has become clear that the status quo is becoming unsustainable. Political parties will be allowed to form and run for office.",
        "translation": "",
        "stage": 0,
        "context": null
    },
    {
        "key": "ARA_deal_with_aftermath:0",
        "original": "A Shift in Policy",
        "translation": "",
        "stage": 0,
        "context": null
    },
    {
        "key": "ARA_deal_with_aftermath_desc:0",
        "original": "A movement to more harmonic policies must be made; only then will Arantiga begin to deal with the aftermath of the coup.",
        "translation": "",
        "stage": 0,
        "context": null
    },
    {
        "key": "ARA_the_first_election:0",
        "original": "The First Election",
        "translation": "",
        "stage": 0,
        "context": null
    },
    {
        "key": "ARA_the_first_election_desc:0",
        "original": "With elections legalised, various parties have formed and are now competing. Political experts are suggesting that anyone could be the winner of the elections, save for the disgraced extremists.",
        "translation": "",
        "stage": 0,
        "context": null
    },
    {
        "key": "ARA_PR_victory:0",
        "original": "A Victory For the Riformatore",
        "translation": "",
        "stage": 0,
        "context": null
    },
    {
        "key": "ARA_PR_victory_desc:0",
        "original": "In a surprising sweep, the Riformatore have claimed victory in the elections. They are promising a harmonic state, similar to distant Equestria, but with our own unique characteristics. The griffons of Arantiga wish to shake off their militaristic mindset, to some extent.",
        "translation": "",
        "stage": 0,
        "context": null
    },
    {
        "key": "ARA_welfare_state:0",
        "original": "Benessere",
        "translation": "",
        "stage": 0,
        "context": null
    },
    {
        "key": "ARA_welfare_state_desc:0",
        "original": "Arantigans are a proud people who never ask for much, but it is undeniable there is a section of society that subsists on far less than they should have. We shall implement a basic welfare system, so that griffons who have truly struck harsh times are not left on their own.",
        "translation": "",
        "stage": 0,
        "context": null
    },
    {
        "key": "ARA_educate_the_poor:0",
        "original": "Educate the Impoverished",
        "translation": "",
        "stage": 0,
        "context": null
    },
    {
        "key": "ARA_educate_the_poor_desc:0",
        "original": "Our education program is solid, but there are still some griffons who have never received proper schooling due to their destitute situation. An improvement to this situation is in order, and we aim to completely eliminate illiteracy in the next five years.",
        "translation": "",
        "stage": 0,
        "context": null
    },
    {
        "key": "ARA_foreign_investors:0",
        "original": "Foreign Investments",
        "translation": "",
        "stage": 0,
        "context": null
    },
    {
        "key": "ARA_foreign_investors_desc:0",
        "original": "We have done much to improve our economy in the past year, but there is still much to do, and we cannot do it on our own. Tax breaks and subsidies should encourage wealthy foreigners to invest in Arantiga.",
        "translation": "",
        "stage": 0,
        "context": null
    },
    {
        "key": "ARA_shakes_claws_with_the_baroness:0",
        "original": "Shake Claws With the Baroness",
        "translation": "",
        "stage": 0,
        "context": null
    },
    {
        "key": "ARA_shakes_claws_with_the_baroness_desc:0",
        "original": "The Baroness, while a noble, still ruled us well for many years. Cooperating with her would not only turn the conservatives to our side, but would increase our legitimacy as well.",
        "translation": "",
        "stage": 0,
        "context": null
    },
    {
        "key": "ARA_a_rolemodel:0",
        "original": "A Proper Rolemodel",
        "translation": "",
        "stage": 0,
        "context": null
    },
    {
        "key": "ARA_a_rolemodel_desc:0",
        "original": "Look at us now, a proper rolemodel for Griffonian Harmony. We are truly the jewel of the South, a beacon of liberty against the staunch depravity of radicals and imperialists around us. Our roots will not be forgotten, of course, but they shall used only to guarantee Arantiga's independence.",
        "translation": "",
        "stage": 0,
        "context": null
    },
    {
        "key": "ARA_SDL_victory:0",
        "original": "The Sostenitori Win!",
        "translation": "The Sosenitori Win!",
        "stage": 1,
        "context": null
    },
    {
        "key": "ARA_SDL_victory_desc:0",
        "original": "The Sostenitori have been given an another chance by the public, let us not squander it. Steady, non-disruptive reforms will gently drag Arantiga to the future, and prevent growth of any further extremism.",
        "translation": "The Sosenitori have been given an another chance by the public, let us not squander it. Steady, non-disruptive reforms will gently drag Arantiga to the future, and prevent growth of any further extremism.",
        "stage": 1,
        "context": null
    },
    {
        "key": "ARA_support_local_industries:0",
        "original": "Support Local Businesses",
        "translation": "",
        "stage": 0,
        "context": null
    },
    {
        "key": "ARA_support_local_industries_desc:0",
        "original": "Funding local entrepreneurs shall be our first act. Their hard work is what makes Arantiga prosperous, and not pittance thrown at us by sneering foreigners!",
        "translation": "",
        "stage": 0,
        "context": null
    },
    {
        "key": "ARA_arantigan_diplomacy:0",
        "original": "Arantigan Diplomacy",
        "translation": "",
        "stage": 0,
        "context": null
    },
    {
        "key": "ARA_arantigan_diplomacy_desc:0",
        "original": "In this changing world, the importance of diplomatic flexibility cannot be understated. Arantiga must maneuver itself diplomatically, or we will certainly perish.",
        "translation": "",
        "stage": 0,
        "context": null
    },
    {
        "key": "ARA_new_police_force:0",
        "original": "Guardia Pubblica",
        "translation": "",
        "stage": 0,
        "context": null
    },
    {
        "key": "ARA_new_police_force_desc:0",
        "original": "There are still some remnants of Dorotheos' influence in our society, alongside communist agitators and fascist troublemakers. Forming a guard against such threats is a good first step to stability.",
        "translation": "",
        "stage": 0,
        "context": null
    },
    {
        "key": "ARA_arantigan_identity:0",
        "original": "Reinforce Our Identity",
        "translation": "",
        "stage": 0,
        "context": null
    },
    {
        "key": "ARA_arantigan_identity_desc:0",
        "original": "We are Sparletans. While reclaiming our old legacy is simply unfeasiable, we should not forget who we are. Tradition makes us strong and guides in these trying times.",
        "translation": "",
        "stage": 0,
        "context": null
    },
    {
        "key": "ARA_sunny_spot:0",
        "original": "The Sunny Spot of Griffonia",
        "translation": "",
        "stage": 0,
        "context": null
    },
    {
        "key": "ARA_sunny_spot_desc:0",
        "original": "Through the capable leadership of the Baroness, we have successfully reformed Arantiga for the modern world. Old Arantigos certainly wouldn't be content with this small patch of land, but he'd dearly appreciate its beauty and splendour.",
        "translation": "",
        "stage": 0,
        "context": null
    },
    {
        "key": "ARA_proper_base:0",
        "original": "A Modern Society",
        "translation": "",
        "stage": 0,
        "context": null
    },
    {
        "key": "ARA_proper_base_desc:0",
        "original": "It is time to shake off the superstitions of old, and enter the world anew as a truly modern society. Scientific progress is the most important for a nation.",
        "translation": "",
        "stage": 0,
        "context": null
    },
    {
        "key": "ARA_PCNA_victory:0",
        "original": "PCNA Prevails",
        "translation": "",
        "stage": 0,
        "context": null
    },
    {
        "key": "ARA_PCNA_victory_desc:0",
        "original": "A radical group known as the PCNA have surprised all by winning the elections. Their esoteric manifesto combines many beliefs from both extremes of the political spectrum, which has appealed to the common Arantigan. Employment and prosperity for all, protected by a strong army!",
        "translation": "",
        "stage": 0,
        "context": null
    },
    {
        "key": "ARA_industrial_development_PCNA:0",
        "original": "National Industrialisation Effort",
        "translation": "",
        "stage": 0,
        "context": null
    },
    {
        "key": "ARA_industrial_development_PCNA_desc:0",
        "original": "A strong state is an industrialised state. And more importantly, an industrialised state is an armed state. Our existing military factories must be expanded and improved, if we wish to preserve our new order.",
        "translation": "",
        "stage": 0,
        "context": null
    },
    {
        "key": "ARA_loyal_army:0",
        "original": "A Loyal Army",
        "translation": "",
        "stage": 0,
        "context": null
    },
    {
        "key": "ARA_loyal_army_desc:0",
        "original": "An army loyal not only to the state but to the state's beliefs as well is the most loyal army of all. As such, we shall \"reeducate\" our soldiers and teach them about our cause, in order to make them fanatical warriors, indeed.",
        "translation": "",
        "stage": 0,
        "context": null
    },
    {
        "key": "ARA_education_reforms_PCNA:0",
        "original": "Education Reforms",
        "translation": "",
        "stage": 0,
        "context": null
    },
    {
        "key": "ARA_education_reforms_PCNA_desc:0",
        "original": "The many impoverished and sick griffons in our nation have been trampled for far too long. We shall help them back onto their feet by granting them state-funded education, which certainly includes teachings about our unique socialist methods.",
        "translation": "",
        "stage": 0,
        "context": null
    },
    {
        "key": "ARA_foreign_intelligence_office:0",
        "original": "Servizio di Sicurezza Nazionale",
        "translation": "",
        "stage": 0,
        "context": null
    },
    {
        "key": "ARA_foreign_intelligence_office_desc:0",
        "original": "The recently attempted coup has shown that there are traitors within. The newly founded SSN will carefully observe our citizens and ensure that no such attempt at seizing power through open rebellion can ever be made again. It will also ensure the populace firmly supports our cause.",
        "translation": "",
        "stage": 0,
        "context": null
    },
    {
        "key": "ARA_into_the_world:0",
        "original": "Into the World",
        "translation": "",
        "stage": 0,
        "context": null
    },
    {
        "key": "ARA_into_the_world_desc:0",
        "original": "Arantiga, under our new leadership, has begun to prosper, once more. Our society advances ever onwards toward the modern age, and we shall not slow down for anyone! Onwards, into the world!",
        "translation": "",
        "stage": 0,
        "context": null
    },
    {
        "key": "ARA_arantigos_reborn:0",
        "original": "Dorotheos' Takeover",
        "translation": "",
        "stage": 0,
        "context": null
    },
    {
        "key": "ARA_arantigos_reborn_desc:0",
        "original": "Dorotheos' gamble has been a great success. The ineffective old order has been cast out, and soon enough, we shall restore our ancient glory.",
        "translation": "",
        "stage": 0,
        "context": null
    },
    {
        "key": "ARA_save_sparletan_language:0",
        "original": "Resurrect the Sparletan Language",
        "translation": "",
        "stage": 0,
        "context": null
    },
    {
        "key": "ARA_save_sparletan_language_desc:0",
        "original": "The Sparletan language has withered, but not fully decayed. A national effort to teach all Arantigans the language must be made. Criticisms about its unviability and difficulty will not be tolerated.",
        "translation": "",
        "stage": 0,
        "context": null
    },
    {
        "key": "ARA_support_the_cult_of_megas_arantigos:0",
        "original": "Support the Cult of Arantigos-Boreas",
        "translation": "",
        "stage": 0,
        "context": null
    },
    {
        "key": "ARA_support_the_cult_of_megas_arantigos_desc:0",
        "original": "Arantigos, the Griffon who lead our nation to rule over half of Griffonia. There is a widespread belief in Arantiga that Arantigos was the divine incarnation of Boreas, and his mission was to unite all Griffons. Ensuring these beliefs are no longer prosecuted will earn their gratitude and support for our own ends.",
        "translation": "",
        "stage": 0,
        "context": null
    },
    {
        "key": "ARA_church_universities:0",
        "original": "Temple Schools",
        "translation": "",
        "stage": 0,
        "context": null
    },
    {
        "key": "ARA_church_universities_desc:0",
        "original": "While some say that religion has little place in education, others do. With religious support from the Cult, we can begin opening new schools and universities for our nation.",
        "translation": "",
        "stage": 0,
        "context": null
    },
    {
        "key": "ARA_solidify_rule:0",
        "original": "Cement Dorotheos' Rule",
        "translation": "",
        "stage": 0,
        "context": null
    },
    {
        "key": "ARA_solidify_rule_desc:0",
        "original": "There are still some who are afraid of Arantiga's true destiny. We must ensure that all embrace the glory we will bring back to our nation.",
        "translation": "",
        "stage": 0,
        "context": null
    },
    {
        "key": "ARA_army_and_nation:0",
        "original": "An Army With a Nation",
        "translation": "",
        "stage": 0,
        "context": null
    },
    {
        "key": "ARA_army_and_nation_desc:0",
        "original": "The distinction between civilian and soldier must be severed. We shall conscript every griffon if necessary, for this is the only way we can restore our splendour.",
        "translation": "",
        "stage": 0,
        "context": null
    },
    {
        "key": "ARA_loyatly_to_the_baron:0",
        "original": "Loyalty to Dorotheos",
        "translation": "",
        "stage": 0,
        "context": null
    },
    {
        "key": "ARA_loyatly_to_the_baron_desc:0",
        "original": "Dorotheos' rule is absolute. The Arantigans shall follow without question. Only with everygriff serving the state, can we achieve our ambitions.",
        "translation": "",
        "stage": 0,
        "context": null
    },
    {
        "key": "ARA_heavy_nationalization:0",
        "original": "Heavy Nationalisation",
        "translation": "",
        "stage": 0,
        "context": null
    },
    {
        "key": "ARA_heavy_nationalization_desc:0",
        "original": "We cannot afford for our nation's assets to lie around being wasted. Nationalising our industry is the only way forward, we must control every aspect of production.",
        "translation": "",
        "stage": 0,
        "context": null
    },
    {
        "key": "ARA_industrial_development:0",
        "original": "Industrial Modernisation",
        "translation": "",
        "stage": 0,
        "context": null
    },
    {
        "key": "ARA_industrial_development_desc:0",
        "original": "With an ever growing economy, we are now able to advance our society as a whole. One step toward the future at a time, toward forming a truly modernised society.",
        "translation": "",
        "stage": 0,
        "context": null
    },
    {
        "key": "ARA_autarky:0",
        "original": "Aftarkeia",
        "translation": "",
        "stage": 0,
        "context": null
    },
    {
        "key": "ARA_autarky_desc:0",
        "original": "We must become independant of the Karthin pact economically, and so, promoting self sufficiency is a must. If we cannot shake off the shackles of Wingbardy, how are we to reclaim our legacy?",
        "translation": "",
        "stage": 0,
        "context": null
    },
    {
        "key": "ARA_to_the_strongest:0",
        "original": "Arantigos Reborn",
        "translation": "",
        "stage": 0,
        "context": null
    },
    {
        "key": "ARA_to_the_strongest_desc:0",
        "original": "Dorotheos has received a vision from Boreas Himself. He has instructed Dorotheos to take the mantle of old, to proclaim himself the new Arantigos. This is nothing less than an explicit approval from the Gods! We must realise our destiny.",
        "translation": "",
        "stage": 0,
        "context": null
    },
    {
        "key": "ARA_ancient_claims:0",
        "original": "Ancient Claims",
        "translation": "",
        "stage": 0,
        "context": null
    },
    {
        "key": "ARA_ancient_claims_desc:0",
        "original": "Our neighbours, even those who are currently our allies, possess territory that was once ours. While that time has long since passed, we cannot forget that they once belonged to us. They shall be ours again soon.",
        "translation": "",
        "stage": 0,
        "context": null
    },
    {
        "key": "ARA_we_shall_rule:0",
        "original": "We Shall Rule!",
        "translation": "",
        "stage": 0,
        "context": null
    },
    {
        "key": "ARA_we_shall_rule_desc:0",
        "original": "Just like the Arantigos of the past, the Arantigos of the present will carve a bloody swathe across Griffonia, and restore the ancient Kingdom. It is our birthright, it is our dream that will soon enough come to realisation.",
        "translation": "",
        "stage": 0,
        "context": null
    },
    {
        "key": "ARA_proper_base_arantigos:0",
        "original": "Scientific Advancement",
        "translation": "",
        "stage": 0,
        "context": null
    },
    {
        "key": "ARA_proper_base_arantigos_desc:0",
        "original": "Our nation cannot reclaim its great destiny and noble birthright, if it stays behind in the past. Our nation must be at the forefront of every advancement.",
        "translation": "",
        "stage": 0,
        "context": null
    },
    {
        "key": "arantiga.1.t:0",
        "original": "The Issue of Arantigan Economic Dependence",
        "translation": "",
        "stage": 0,
        "context": null
    },
    {
        "key": "arantiga.1.d:0",
        "original": "As a small nation in southern Griffonia, Arantiga has never had the best of economies. When the Griffonian Empire collapsed, and Arantiga truly became independent, the situation worsened.\\n\\nBut not all seemed lost. Arantiga united with the Wingbardians to our south, and joined the Karthinian Pact in hopes of defending against aggressors and rebuilding its economy.\\n\\nSadly, Wingbardy used their ever growing influence over us to profit from our weakened economy. This has become a massive issue in Arantigan politics, seeing as how Wingbardian entrepreneurs and companies seize a majority of the profits made.\\n\\nThe question has yet to answered. How will Arantiga continue on? Will we cut ties with the Wingbardians, and strive to become economically independent from them? Or will we try and simply lower their influence, in an attempt to minimise the cons and maximising the pros of their economic 'assistance'?",
        "translation": "",
        "stage": 0,
        "context": null
    },
    {
        "key": "arantiga.1.a:0",
        "original": "Arantiga shall control its own destiny!",
        "translation": "",
        "stage": 0,
        "context": null
    },
    {
        "key": "arantiga.1.b:0",
        "original": "Perhaps we could become equals instead?",
        "translation": "",
        "stage": 0,
        "context": null
    },
    {
        "key": "arantiga.2.t:0",
        "original": "The Ides of March",
        "translation": "",
        "stage": 0,
        "context": null
    },
    {
        "key": "arantiga.2.d:0",
        "original": "Today was the day Dorotheos had been waiting for.\\n\\nIt was just shortly after two in the afternoon, and it seemed as if half of Sparleto was up in arms. Together with his followers, Dorotheos plowed his way through the capital city, all the way to the government district. There, the first shots were exchanged between loyalist police forces and soldiers. As the battle in the streets began to flare up, Dorotheos and his personal guard managed to breach the defenses, and entered the House of Government.\\n\\nMargareth stood in front of the window in her office, observing the battle. She had already called for reinforcements when she heard the first reports of the possible coup, but for now, their defences would need to hold.\\n\\nSuddenly, the door to her office was busted open, and as Margareth turned around, she saw her own brother, revolver in his claw, approaching her. She walked backwards, hitting the window behind her. Dorotheos armed his revolver as Margareth closed her eyes, praying to the gods.\\n\\nJust as he is about to pull the trigger, voices sound from outside the office, getting closer and closer, to the point where they're just around the corner.",
        "translation": "",
        "stage": 0,
        "context": null
    },
    {
        "key": "arantiga.2.a:0",
        "original": "It's Dorotheos' griffons, the coup succeeds!",
        "translation": "",
        "stage": 0,
        "context": null
    },
    {
        "key": "arantiga.2.b:0",
        "original": "It's Margareth's reinforcements, Dorotheos is arrested!",
        "translation": "",
        "stage": 0,
        "context": null
    },
    {
        "key": "arantiga.3.t:0",
        "original": "Dorotheos' Trial",
        "translation": "",
        "stage": 0,
        "context": null
    },
    {
        "key": "arantiga.3.d:0",
        "original": "It was a sad moment for Margareth today. To see her own brother, with whom she had grown up and played with since they were both little chicks, on trial for treason. She held back the tears, at least for the moment, but she, and most likely everyone else in the courtroom knew that he was guilty, and that there was no hope in Boreas that he'd come out alive.\\n\\nThe trial itself did not take long. There were mountains of evidence, including witnesses, the many dead bodies in the streets of Sparleto and, last but not least, Margareth herself, whom he had tried to kill in person before her soldiers overwhelmed and arrested him.\\n\\nThe judge was cold, but only did his duty as he announced that Dorotheos was guilty as charged. Treason of the highest order. The punishment was none other than death.\\n\\nAs the guards dragged a grim-looking Dorotheos out of the courtroom, and past Margareth, she couldn't help but finally break out into tears.",
        "translation": "",
        "stage": 0,
        "context": null
    },
    {
        "key": "arantiga.3.a:0",
        "original": "May Boreas save him.",
        "translation": "",
        "stage": 0,
        "context": null
    },
    {
        "key": "arantiga.4.t:0",
        "original": "A Shift in Policy",
        "translation": "",
        "stage": 0,
        "context": null
    },
    {
        "key": "arantiga.4.d:0",
        "original": "The recently attempted coup has shown us that our current government policies must be corrected in order to appease the public more. We must strive for a democratically elected government, in order to prevent any incidents like these in the future.\\n\\nLaws were passed, allowing almost complete freedom of speech. Criticizing the government and the Baroness' rule was no longer punishable, and any restrictions on forming political organizations were removed as well. Soon enough democrats and national communists were spreading word of their ideologies and finding more support among the dissatisfied populace. Some remained loyal to Baroness and her conservative rule.",
        "translation": "",
        "stage": 0,
        "context": null
    },
    {
        "key": "arantiga.4.a:0",
        "original": "Times are changing.",
        "translation": "",
        "stage": 0,
        "context": null
    },
    {
        "key": "arantiga.5.t:0",
        "original": "The First Election",
        "translation": "",
        "stage": 0,
        "context": null
    },
    {
        "key": "arantiga.5.d:0",
        "original": "The news of the election made the nation rejoice, and all sorts of movements and parties began to campaign across the country, advertising for their cause and fighting for public support.\\n\\nShortly before the election was held, there were about three possible candidates that could come out as the victor in the upcoming election. The reformist PR, the currently ruling conservative SDL, or the socialist PCNA.\\n\\nThe vote has finally been held, and the results are in.",
        "translation": "",
        "stage": 0,
        "context": null
    },
    {
        "key": "arantiga.5.a:0",
        "original": "The Partito Riformatore secures a victory!",
        "translation": "",
        "stage": 0,
        "context": null
    },
    {
        "key": "arantiga.5.b:0",
        "original": "The Sostenitori retain leadership!",
        "translation": "The Sosenitori retain leadership!",
        "stage": 1,
        "context": null
    },
    {
        "key": "arantiga.5.c:0",
        "original": "The Partito Comunista Nazionale wins!",
        "translation": "",
        "stage": 0,
        "context": null
    },
    {
        "key": "arantiga.6.t:0",
        "original": "Shaking Claws",
        "translation": "",
        "stage": 0,
        "context": null
    },
    {
        "key": "arantiga.6.d:0",
        "original": "The Riformatore have been chosen by the people to represent them, but they are regarded as wide eyed optimists by the old guard. Sensing that this could inhibit their attempts to reform the country, Antioco Moro has seeked an audience with the former ruler of Arantiga, Margareth Featherin.\\n\\nSeveral hours has passed as the two sides have deliberated on how extensive Arantiga's reforms will be, primarily focused on the topics of military, education and industry. To the relief of most griffons, the talks have been a success, and the old nobility shall support the democratically chosen government of Arantiga. They have already pledged to finance the construction of a new cement factory.",
        "translation": "",
        "stage": 0,
        "context": null
    },
    {
        "key": "arantiga.6.a:0",
        "original": "Brilliant!",
        "translation": "",
        "stage": 0,
        "context": null
    },
    {
        "key": "arantiga.7.t:0",
        "original": "The Arantigan Identity",
        "translation": "",
        "stage": 0,
        "context": null
    },
    {
        "key": "arantiga.7.d:0",
        "original": "Arantiga is not the home of radicals, of those who would seek trouble or the destruction of society or peace. Arantiga is home to those who seek to sow peace, only to harvest prosperity. Let us go forth, claw in claw, and heed the Baroness' call, for she will guide us ever steadily into the future.",
        "translation": "",
        "stage": 0,
        "context": null
    },
    {
        "key": "arantiga.7.a:0",
        "original": "Lunga vita alla Baronia!",
        "translation": "",
        "stage": 0,
        "context": null
    },
    {
        "key": "arantiga.8.t:0",
        "original": "The Sparletan Rebirth",
        "translation": "",
        "stage": 0,
        "context": null
    },
    {
        "key": "arantiga.8.d:0",
        "original": "The national revival of Dorotheos goes far, further than many had first expected. Today, the ancient Sparletan language was officially revived and introduced as a second official language. While some citizens are annoyed at having to learn a long dead language, many see this as a great cultural revival, and welcome this decision. Additionally, this allows us to remove foreign influences from our language that we deem to be unpatriotic.",
        "translation": "",
        "stage": 0,
        "context": null
    },
    {
        "key": "arantiga.8.a:0",
        "original": "Zíto o Sparléos!",
        "translation": "",
        "stage": 0,
        "context": null
    },
    {
        "key": "arantiga.9.t:0",
        "original": "Arantigos Reborn!",
        "translation": "",
        "stage": 0,
        "context": null
    },
    {
        "key": "arantiga.9.d:0",
        "original": "The time has come to reclaim the glory of our homeland! Arantiga, once proud and prosperous, has only been held back by its so called \"allies\" in the recent past, and it was once trampled by the vile imperials. No longer, I say! Let us revive our nation's glory, and march on! March on toward the bright light of victory!",
        "translation": "",
        "stage": 0,
        "context": null
    },
    {
        "key": "arantiga.9.a:0",
        "original": "The world shall be mine!",
        "translation": "",
        "stage": 0,
        "context": null
    },
    {
        "key": "arantiga.10.t:0",
        "original": "Coup In Arantiga",
        "translation": "",
        "stage": 0,
        "context": null
    },
    {
        "key": "arantiga.10.d:0",
        "original": "News has reached us about the coup that has recently struck the small barony of Arantiga. In what is dubbed \"the ides of March\" by the local population, a prominent general by the name of Dorotheos Featherin has seized control of the state, and is already in the process of expelling foreign influences, as he promises a return to \"Arantiga's ancient roots\". One of his first decisions was leaving our formal alliance pact.\\n\\nAlthough Arantigan history is certainly impressive, yet filled with bloodshed, the joint military staffs of the Pact believe there is no real threat coming from such a minor nation. After all, what are the chances of a new Arantigos rising up to conquer the continent?",
        "translation": "",
        "stage": 0,
        "context": null
    },
    {
        "key": "arantiga.10.a:0",
        "original": "We'll keep an eye on Arantiga.",
        "translation": "",
        "stage": 0,
        "context": null
    },
    {
        "key": "ARA_our_own_economy:0",
        "original": "We have decided to marginalise Wingbardy's influence in our economy",
        "translation": "",
        "stage": 0,
        "context": null
    },
    {
        "key": "ARA_wingbardian_help:0",
        "original": "We have decided to work together with Wingbardy to improve our economy",
        "translation": "",
        "stage": 0,
        "context": null
    },
    {
        "key": "ARA_coup_succeeded:0",
        "original": "The Coup was Successful!",
        "translation": "",
        "stage": 0,
        "context": null
    },
    {
        "key": "ARA_coup_stopped:0",
        "original": "The Coup was Stopped.",
        "translation": "",
        "stage": 0,
        "context": null
    },
    {
        "key": "ARA_PR_wins_election:0",
        "original": "The PR Have Won the Election",
        "translation": "",
        "stage": 0,
        "context": null
    },
    {
        "key": "ARA_SDL_wins_election:0",
        "original": "The SDL Have Won the Election",
        "translation": "",
        "stage": 0,
        "context": null
    },
    {
        "key": "ARA_PCNA_wins_election:0",
        "original": "The PCNA Have Won the Election",
        "translation": "",
        "stage": 0,
        "context": null
    },
    {
        "key": "ARA_elections_in_progress:0",
        "original": "Elections in Progress",
        "translation": "",
        "stage": 0,
        "context": null
    },
    {
        "key": "ARA_tanks_tp:0",
        "original": "Spawns §YOne Tank Brigade.§!\\n\\n",
        "translation": "",
        "stage": 0,
        "context": null
    },
    {
        "key": "ARA_military_coup_tp:0",
        "original": "Will cause a §RCoup§! later on!\\n\\n",
        "translation": "",
        "stage": 0,
        "context": null
    },
    {
        "key": "ARA_military_coup_warning_tp:0",
        "original": "§RIf Dorotheos' coup succeeds, this national spirit will be removed!§!\\n\\n",
        "translation": "",
        "stage": 0,
        "context": null
    },
    {
        "key": "ARA_cores_tp:0",
        "original": "You will gain cores on §YTarrin§!, §YGoldenfeather§! and §YRoameo§!.\\n\\n",
        "translation": "",
        "stage": 0,
        "context": null
    },
    {
        "key": "generic_neutral_leader_desc:0",
        "original": "Baroness Margareth Featherin has been ruling Arantiga for the past decade with a just and fair claw, but even she cannot deny that under her reign, there has been a decisive lack of progress as Wingbardian capitalists seized most of the Arantigan industry. However, she believes that the pen is mightier than the sword, and that Arantiga's current woes can be resolved with a few careful words, something her more notable brother and general in the army, Dorotheos, disagrees with.",
        "translation": "",
        "stage": 0,
        "context": null
    },
    {
        "key": "literally_alexander_desc:0",
        "original": "The younger brother of the former Baroness, Dorotheos Featherin has been yearning to learn about the Arantigan military as long as he could remember. He spent many hours in the national library perusing the tales of old Arantigos, how he had defeated armies more numerous than his, only to be felled by the plague after his latest conquest. Since then, Dorotheos has made it his life goal to join the Arantigan officer corps, with his brilliant mind astounding even the most senior leadership. His quick rise to success can be attributed solely to his capabilities, and once he was in position to reform the armed forces, he did so with great fervour, restoring some of their old glory. But this was not enough for Dorotheos, as he wished above all to restore the ancient Kingdom. The die was cast, and the coup was a success - he shall restore Arantiga's glory.",
        "translation": "",
        "stage": 0,
        "context": null
    },
    {
        "key": "generic_harmony_birb_desc:0",
        "original": "One of the many Wingbardian investors who made their fortune in Arantiga, Antioco Moro has made Arantiga his home. Smitten by the local culture and history, he has invested much of his profits into rebuilding Arantiga, and unlike his fellow capitalists, his workers had a fair paycheck and numerous benefits. The dreadful coup has almost destroyed his lifework, and he was one of the first to gather his political party for the elections, campaigning on the promises of a better, peaceful Arantiga. The populace have not forgotten his contribution to the society, and he now leads Arantiga to a brighter tomorrow.",
        "translation": "",
        "stage": 0,
        "context": null
    },
    {
        "key": "another_nazbol_guy_desc:0",
        "original": "Ciriaco Mediate leads the new Arantiga. He was content as a common soldier in the Arantigan army, proud of his state, but much changed after he read a particularly thought provoking manifesto. The Rozenkamp brothers' unique blend of socialism and nationalism great inspired him, and he began spreading his views within his battalion. Although some suspect he was covertly supporting Dorotheos in his failed coup, he dismissed all those claims, saying that the state must achieve balance between the patriots and the proletariat. Ciriaco's extreme ideology has found fertile ground in every aspect of Arantiga's society, even as some questioned its viability.",
        "translation": "",
        "stage": 0,
        "context": null
    },
    {
        "key": "alexander_but_woke_desc:0",
        "original": "Dorotheos Featherin has heard Boreas' instructions and he has taken them well. Having proclaimed himself the reborn Arantigos, he is set to fulfill his destiny and reestablish the ancient Kingdom. This he swears.",
        "translation": "",
        "stage": 0,
        "context": null
    },
    {
        "key": "ARA_sparleos_neutrality:0",
        "original": "Kingdom of Sparléos",
        "translation": "스파를레오스 왕국",
        "stage": 1,
        "context": null
    },
    {
        "key": "ARA_sparleos_fascism:0",
        "original": "Kingdom of Sparléos",
        "translation": "스파를레오스 왕국",
        "stage": 1,
        "context": null
    },
    {
        "key": "ARA_sparleos_communism:0",
        "original": "People's Republic of Sparléos",
        "translation": "스파를레오스 인민공화국",
        "stage": 1,
        "context": null
    },
    {
        "key": "ARA_sparleos_democratic:0",
        "original": "Kingdom of Sparléos",
        "translation": "스파를레오스 왕국",
        "stage": 1,
        "context": null
    },
    {
        "key": "ARA_sparleos_neutrality_DEF:0",
        "original": "The Kingdom of Sparléos",
        "translation": "스파를레오스 왕국",
        "stage": 1,
        "context": null
    },
    {
        "key": "ARA_sparleos_fascism_DEF:0",
        "original": "The Kingdom of Sparléos",
        "translation": "스파를레오스 왕국",
        "stage": 1,
        "context": null
    },
    {
        "key": "ARA_sparleos_communism_DEF:0",
        "original": "The People's Republic of Sparléos",
        "translation": "스파를레오스 인민공화국",
        "stage": 1,
        "context": null
    },
    {
        "key": "ARA_sparleos_democratic_DEF:0",
        "original": "The Kingdom of Sparléos",
        "translation": "스파를레오스 왕국",
        "stage": 1,
        "context": null
    },
    {
        "key": "ARA_sparleos_fascism_ADJ:0",
        "original": "Sparléan",
        "translation": "스파를레오스",
        "stage": 1,
        "context": null
    },
    {
        "key": "ARA_sparleos_democratic_ADJ:0",
        "original": "Sparléan",
        "translation": "스파를레오스",
        "stage": 1,
        "context": null
    },
    {
        "key": "ARA_sparleos_neutrality_ADJ:0",
        "original": "Sparléan",
        "translation": "스파를레오스",
        "stage": 1,
        "context": null
    },
    {
        "key": "ARA_sparleos_communism_ADJ:0",
        "original": "Sparléan",
        "translation": "스파를레오스",
        "stage": 1,
        "context": null
    },
    {
        "key": "arantigos_reborn:0",
        "original": "Arantigos Reborn",
        "translation": "",
        "stage": 0,
        "context": null
    },
    {
        "key": "ARA_remove_influence:0",
        "original": "Remove Wingbardian Influence",
        "translation": "",
        "stage": 0,
        "context": null
    },
    {
        "key": "ARA_vp_sparleos:0",
        "original": "Sparléos",
        "translation": "스파를레오스",
        "stage": 1,
        "context": null
    }
]