[
    {
        "key": "All_ponies_front:0",
        "original": "United Ponies Alliance",
        "translation": "포니 연합 동맹",
        "stage": 1,
        "context": null
    },
    {
        "key": "eqs_ole_temp_faction:0",
        "original": "Equestrian-Olenian Alliance for Harmony",
        "translation": "이퀘스트리아-올레니아 조화동맹",
        "stage": 1,
        "context": null
    },
    {
        "key": "Socialist_Union:0",
        "original": "Socialist Union",
        "translation": "사회주의 연방",
        "stage": 1,
        "context": null
    },
    {
        "key": "Gray_Pact:0",
        "original": "Gray Pact",
        "translation": "잿빛 조약",
        "stage": 1,
        "context": null
    },
    {
        "key": "Ponyleague_faction:0",
        "original": "Equestrian League",
        "translation": "이퀘스트리아 연맹",
        "stage": 1,
        "context": null
    },
    {
        "key": "Southern_Kingdoms:0",
        "original": "Karthinian Pact",
        "translation": "카르티니아 조약",
        "stage": 1,
        "context": null
    },
    {
        "key": "griffonian_protection_alliance:0",
        "original": "Griffonian Protection Alliance",
        "translation": "그리폰 보호 동맹",
        "stage": 1,
        "context": null
    },
    {
        "key": "griffonian_holy_alliance:0",
        "original": "The Holy League",
        "translation": "신성 연맹",
        "stage": 1,
        "context": null
    },
    {
        "key": "Anti_communist_league:0",
        "original": "Anti-Communist League",
        "translation": "반공산주의 동맹",
        "stage": 1,
        "context": null
    },
    {
        "key": "GRI_empire:0",
        "original": "Griffonian Empire",
        "translation": "그리포니아 제국",
        "stage": 1,
        "context": null
    },
    {
        "key": "changeling_hegemony:0",
        "original": "Changeling Hegemony",
        "translation": "체인질링 패권",
        "stage": 1,
        "context": null
    },
    {
        "key": "northern_pact:0",
        "original": "Northern Pact",
        "translation": "북방 조약",
        "stage": 1,
        "context": null
    },
    {
        "key": "Griffon_Liberation_Alliance:0",
        "original": "Griffon Liberation Alliance",
        "translation": "그리폰 해방 동맹",
        "stage": 1,
        "context": null
    },
    {
        "key": "CCN_TCC:0",
        "original": "The Duskian Concordat",
        "translation": "더스키안 협약",
        "stage": 1,
        "context": null
    },
    {
        "key": "CCN_OLE:0",
        "original": "Changeling-Olenian Pact",
        "translation": "체인질링-올레니아 조약",
        "stage": 1,
        "context": null
    },
    {
        "key": "northern_alliance:0",
        "original": "Northern Alliance",
        "translation": "북방 동맹",
        "stage": 1,
        "context": null
    },
    {
        "key": "northern_defense_pact:0",
        "original": "The Arctic Circle",
        "translation": "북극권",
        "stage": 1,
        "context": null
    },
    {
        "key": "Aquileia:0",
        "original": "Crown of Aquileia",
        "translation": "아퀼레이아 연합왕국",
        "stage": 1,
        "context": null
    },
    {
        "key": "united_southern_allies:0",
        "original": "United Southern Allies",
        "translation": "남부 연합 동맹",
        "stage": 1,
        "context": null
    },
    {
        "key": "league_of_honour:0",
        "original": "League of Honour",
        "translation": "명예의 연맹",
        "stage": 1,
        "context": null
    },
    {
        "key": "Pan_Equestrian_Socialist_Alliance:0",
        "original": "Pan-Equestrian Socialist Alliance",
        "translation": "범이퀘스트리아 사회주의 동맹",
        "stage": 1,
        "context": null
    },
    {
        "key": "Equestrian_Federation:0",
        "original": "Equestrian Federation",
        "translation": "이퀘스트리아 연방",
        "stage": 1,
        "context": null
    },
    {
        "key": "Equestrian_Confederacy:0",
        "original": "Equestrian Confederacy",
        "translation": "이퀘스트리아 연맹",
        "stage": 1,
        "context": null
    },
    {
        "key": "Republican_Confederacy:0",
        "original": "Republican Confederacy",
        "translation": "공화주의자 연맹",
        "stage": 1,
        "context": null
    },
    {
        "key": "NESU:0",
        "original": "N.E.S.U.",
        "translation": "",
        "stage": 0,
        "context": null
    },
    {
        "key": "Evian_Pact:0",
        "original": "Evian Pact",
        "translation": "에비안 조약",
        "stage": 1,
        "context": null
    },
    {
        "key": "Holy_Order:0",
        "original": "Holy Order",
        "translation": "신성 기사단",
        "stage": 1,
        "context": null
    },
    {
        "key": "Hillfolk_League:0",
        "original": "Hillfolk League",
        "translation": "힐포크 연맹",
        "stage": 1,
        "context": null
    },
    {
        "key": "Griffonian_Peoples_Front:0",
        "original": "Griffonian People's Front",
        "translation": "그리포니아 인민전선",
        "stage": 1,
        "context": null
    },
    {
        "key": "Griffonian_Peoples_Defense_Initiative:0",
        "original": "Griffonian People's Defense Initiative",
        "translation": "그리포니아 인민 방어전선",
        "stage": 1,
        "context": null
    },
    {
        "key": "United_Workers_Of_Griffonia:0",
        "original": "United Workers Of Griffonia",
        "translation": "그리포니아 노동자 연방",
        "stage": 1,
        "context": null
    },
    {
        "key": "Anti_Communist_Association:0",
        "original": "Anti-Communist Association",
        "translation": "반공산주의 연합",
        "stage": 1,
        "context": null
    },
    {
        "key": "Equestrian_Federal_Republic:0",
        "original": "Equestrian Federal Republic",
        "translation": "이퀘스트리아 연방 공화국",
        "stage": 1,
        "context": null
    },
    {
        "key": "Lunar_World_Order:0",
        "original": "Lunar World Order",
        "translation": "루나 체제",
        "stage": 1,
        "context": null
    },
    {
        "key": "Eastern_Socialist_Alliance:0",
        "original": "Eastern Socialist Alliance",
        "translation": "동부 사회주의 동맹",
        "stage": 1,
        "context": null
    },
    {
        "key": "The_Coltstream_Pact:0",
        "original": "The Coltstream Pact",
        "translation": "콜트스트림 조약",
        "stage": 1,
        "context": null
    },
    {
        "key": "Griffonian_Empire:0",
        "original": "Griffonian Empire",
        "translation": "그리포니아 제국",
        "stage": 1,
        "context": null
    },
    {
        "key": "Pan_Griffonian_Alliance:0",
        "original": "Pan-Griffonian Alliance",
        "translation": "범그리포니아 동맹",
        "stage": 1,
        "context": null
    }
]