[
    {
        "key": "changeling_folder:0",
        "original": "Changeling Technologies",
        "translation": "체인질링 기술",
        "stage": 1,
        "context": null
    },
    {
        "key": "changeling_folder_desc:0",
        "original": "Magical, industrial and military technologies specific to the changeling race.",
        "translation": "체인질링 종족에게 특유한 마법, 산업 및 군사 기술",
        "stage": 1,
        "context": null
    },
    {
        "key": "TITLE_CHANGELING_JAGER_SUBTITLE:0",
        "original": "LIGHT INFANTRY",
        "translation": "경보병",
        "stage": 1,
        "context": null
    },
    {
        "key": "TITLE_CHANGELING_DEVELOPMENT_SUBTITLE:0",
        "original": "WAR R&D",
        "translation": "전쟁 연구개발",
        "stage": 1,
        "context": null
    },
    {
        "key": "ME_INFILTRATOR_TOOLTIP:0",
        "original": "\\n£unit_infiltrator_company_icon_small Infiltrator Company will require §YMagical Infantry Equipment§! instead of §YInfantry Equipment§!",
        "translation": "\\n£unit_infiltrator_company_icon_small 침투 중대는 §Y보병 장비§! 대신 §Y마법 보병 장비§!를 필요로 합니다.",
        "stage": 1,
        "context": null
    },
    {
        "key": "changeling_race:0",
        "original": "Changeling Race",
        "translation": "체인질링 종족",
        "stage": 1,
        "context": null
    },
    {
        "key": "tech_changeling_a:0",
        "original": "Specialised Factory Drones",
        "translation": "산업 특화 개체",
        "stage": 1,
        "context": null
    },
    {
        "key": "tech_changeling_a_desc:0",
        "original": "Our drones need to be trained for specialised tasks, we should look into how to improve our workers. Training a caste drones of workers specifically to work in factories, with the appropriate physical build and techniques to use in the workplace.",
        "translation": "생산 효율을 늘리기 위해 각 개체를 전문화할 필요가 있습니다. 이 일꾼들은 공장에 알맞도록 적절히 변형된 신체구조와 지식을 지닌 개체들입니다.",
        "stage": 1,
        "context": null
    },
    {
        "key": "tech_changeling_a2:0",
        "original": "Specialised Miner Drones",
        "translation": "광업 특화 개체",
        "stage": 1,
        "context": null
    },
    {
        "key": "tech_changeling_a2_desc:0",
        "original": "Our drones need to be trained for specialised tasks, we should further train our workers. We should train a caste of miner drones with the aims of increasing the output of raw resources in the mines. The trained workers will have tougher carapaces from a special diet, and increased stamina for longer shifts underground.",
        "translation": "원자재 생산을 늘리기 위해 각 개체를 전문화할 필요가 있습니다. 이 일꾼들은 지하에서 오랜 시간 머물 수 있도록 지구력과 기초 신진대사를 크게 향상시킨 개체들입니다.",
        "stage": 1,
        "context": null
    },
    {
        "key": "tech_changeling_a3:0",
        "original": "Specialised Engineer Drones",
        "translation": "공학 특화 개체",
        "stage": 1,
        "context": null
    },
    {
        "key": "tech_changeling_a3_desc:0",
        "original": "Our drones need to be trained for specialised tasks, we should begin training our troops for specialised engineering tasks. We need dedicated combat engineers to construct temporary fortifications for the soldiers on the front lines. A tougher and stricter training regimen should give these engineers the strength they  need to put up defences quicker than usual.",
        "translation": "전선의 병사들이 머물 참호를 건설하기 위해 각 개체를 전문화할 필요가 있습니다. 이 일꾼들은 엄격한 훈련 끝에 헌신의 가치를 주입받은 개체들입니다.",
        "stage": 1,
        "context": null
    },
    {
        "key": "tech_changeling_b:0",
        "original": "Love Extraction",
        "translation": "사랑 추출",
        "stage": 1,
        "context": null
    },
    {
        "key": "tech_changeling_b_desc:0",
        "original": "Extracting love from another living creature, normally a pony, is a natural process for a changeling. To meet the increased demands of a growing nation, the natural magic involved in the process can be improved through research.",
        "translation": "다른 생명체들, 특히 포니들로부터 사랑을 추출하는 것은 체인질링의 생존에 있어 필수적인 과정입니다. 연구를 통해 추출 마법의 효율을 높일 수 있습니다.",
        "stage": 1,
        "context": null
    },
    {
        "key": "tech_changeling_b2:0",
        "original": "Love Refining",
        "translation": "사랑 정제",
        "stage": 1,
        "context": null
    },
    {
        "key": "tech_changeling_b2_desc:0",
        "original": "War does not breed much love among the races of the world. To survive and fight in prolonged wars, we must find a way to get the most out of all the love we can harvest.",
        "translation": "전쟁 때문에 전세계의 사랑 수치가 줄어들었습니다. 우리의 승리와 번영을 위해서는 추출한 사랑을 최대한 이용해야 합니다.",
        "stage": 1,
        "context": null
    },
    {
        "key": "tech_changeling_b3:0",
        "original": "Advanced Breeding Techniques",
        "translation": "개선된 교미 방식",
        "stage": 1,
        "context": null
    },
    {
        "key": "tech_changeling_b3_desc:0",
        "original": "A surplus of love means more changelings. We can look into methods of making more changelings; these methods can then be taught to the general populace. But first, our hypotheses must be 'tested' on some willing members of our science division.",
        "translation": "많은 사랑은 많은 체인질링으로 이어집니다. 더 많은 체인질링을 생산하는 방법의 개발이 끝났고 막 대중들에게 보급할 계획입니다. 본격적인 보급 이전에 우리 과학부서 인원들이 새로운 교미 방식을 \"임상 시험\"해보겠다며 자원해왔습니다.",
        "stage": 1,
        "context": null
    },
    {
        "key": "tech_changeling_c:0",
        "original": "Warswarms",
        "translation": "전쟁군단",
        "stage": 1,
        "context": null
    },
    {
        "key": "tech_changeling_c_desc:0",
        "original": "A Warswarm is a group of changelings who have formed a unit to punch a hole in the enemies' front line. They are a versatile unit of changelings with the capacity to wreak havoc on the battlefield.",
        "translation": "전쟁군단은 적의 전선에 구멍을 만들기 위해 조직된 체인질링 무리입니다. 이들 모두가 혼란과 불신을 퍼뜨리는데 도가 튼 다재다능한 개체들입니다.",
        "stage": 1,
        "context": null
    },
    {
        "key": "tech_changeling_c2:0",
        "original": "Magical Fuel Additives",
        "translation": "마법 연료 강화제",
        "stage": 1,
        "context": null
    },
    {
        "key": "tech_changeling_c2_desc:0",
        "original": "Improvements to fuel technology and magical innovations have lead to the development of magically enhanced fuel to our vehicles. Our ground vehicles have seen an overall increase to their speed, whilst our aviation department has seen improved turning rates and increased acceleration from their planes.",
        "translation": "연료 기술의 발전과 적절한 마법 덕분에 신 연료를 개발해낼 수 있었습니다. 모든 차량과 항공기의 속도가 증가했으며 연비 또한 뛰어납니다.",
        "stage": 1,
        "context": null
    },
    {
        "key": "tech_changeling_c3:0",
        "original": "Magical Munitions",
        "translation": "마법탄",
        "stage": 1,
        "context": null
    },
    {
        "key": "tech_changeling_c3_desc:0",
        "original": "Magically enhanced munitions are the natural next step for us to take. More explosive power can be packet into artillery shells, making our shelling operations more efficient. Magical munitions also improve upon the lethally and penetration potential of the guns the air force use in their planes.",
        "translation": "마법탄의 발명은 막을 수 없는 흐름이었습니다. 이 흐름은 더 강한 폭발, 더 효율적인 포격, 더 위협적인 공군으로까지 이어집니다.",
        "stage": 1,
        "context": null
    },
    {
        "key": "infiltrator_company:0",
        "original": "Infiltrator Company",
        "translation": "침투 중대",
        "stage": 1,
        "context": null
    },
    {
        "key": "tech_infiltrators:0",
        "original": "Infiltrator Company",
        "translation": "침투 중대",
        "stage": 1,
        "context": null
    },
    {
        "key": "tech_infiltrators_desc:0",
        "original": "The Infiltrator Company is a small group of changelings trained specifically to infiltrate both enemy lines and behind enemy lines. This is both to provide intelligence on enemy movements, but to also disrupt their capabilities.",
        "translation": "침투 중대는 적진에 침투하기 위해 훈련된 소규모 체인질링 무리입니다. 이들은 적진에 혼란과 불신을 심고 다니며 그들의 정보를 캐는 일을 합니다.",
        "stage": 1,
        "context": null
    },
    {
        "key": "tech_infiltrators_di:0",
        "original": "Strategic Infiltration",
        "translation": "전략적 침투",
        "stage": 1,
        "context": null
    },
    {
        "key": "tech_infiltrators_di_desc:0",
        "original": "Favouring large scale infiltration, the strategic infiltration doctrine will allow  infiltration companies to covertly suppress rebellious groups of individuals. It also details the proper way to scout the enemy.",
        "translation": "대규모 침투를 이용하는 전략적 침투 교리는 침투 중대가 저항세력을 암암리에 억제할 수 있게 합니다. 또한 적을 정찰하기 위한 적합한 방법도 제시해 줍니다.",
        "stage": 1,
        "context": null
    },
    {
        "key": "tech_infiltrators_di2:0",
        "original": "Chameleon Cloaks",
        "translation": "카멜레온 망토",
        "stage": 1,
        "context": null
    },
    {
        "key": "tech_infiltrators_di2_desc:0",
        "original": "The development of magically enchanted cloaks that can help hide the identity of a disguised or concealed changeling infiltrator. These cloaks also allow soldiers to blend in with terrain, not good enough to fool somepony on the ground but good enough to mostly hide them from enemy air support.",
        "translation": "침투 중대에게 보급할 마법 망토를 개발해냈습니다. 이 망토에는 초보적인 수준의 투명화 기술이 적용되어 있어, 지상의 적을 속이기는 어려워도 공중 정찰로부터 몸을 숨겨줄 수는 있을 것입니다.",
        "stage": 1,
        "context": null
    },
    {
        "key": "tech_infiltrators_di3:0",
        "original": "Spy Networks",
        "translation": "첩보망",
        "stage": 1,
        "context": null
    },
    {
        "key": "tech_infiltrators_di3_desc:0",
        "original": "Establishing spy networks in nations across the world will allow for better gathering of intelligence on the plans of local or opposing nations. A more local spy network would suppress any groups of partisans trying to organise themselves in territory we occupy.",
        "translation": "전 세계를 무대로 하는 첩보망을 구축해서 적국의 정보를 수집해야 합니다. 첩보망이 촘촘할수록 점령지를 관리하기도 용이해 질 것입니다.",
        "stage": 1,
        "context": null
    },
    {
        "key": "tech_infiltrators_di4:0",
        "original": "Massive Impersonation",
        "translation": "대량 사칭",
        "stage": 1,
        "context": null
    },
    {
        "key": "tech_infiltrators_di4_desc:0",
        "original": "The mass impersonation of individuals in nations will allow us to perform subversive activities at a reduced cost. With more disguised changelings around to carry out plans, the easier it becomes to organise plots of subterfuge in other countries.",
        "translation": "적은 비용과 부담으로 더 큰 파괴 공작을 벌이려면 중요 인물 한 명이 아니라 대중을 사칭해야 합니다. 사회에 숨어든 체인질링이 많을수록, 그 사회를 속이기는 쉬워질 것입니다.",
        "stage": 1,
        "context": null
    },
    {
        "key": "tech_infiltrators_di_lar:0",
        "original": "Strategic Infiltration",
        "translation": "전략적 침투",
        "stage": 1,
        "context": null
    },
    {
        "key": "tech_infiltrators_di_lar_desc:0",
        "original": "Favouring large scale infiltration, the strategic infiltration doctrine will allow  infiltration companies to covertly suppress rebellious groups of individuals. It also details the proper way to scout the enemy.",
        "translation": "대규모 침투를 이용하는 전략적 침투 교리는 침투 중대가 저항세력을 암암리에 억제할 수 있게 합니다. 또한 적을 정찰하기 위한 적합한 방법도 제시해 줍니다.",
        "stage": 1,
        "context": null
    },
    {
        "key": "tech_infiltrators_di2_lar:0",
        "original": "Chameleon Cloaks",
        "translation": "카멜레온 망토",
        "stage": 1,
        "context": null
    },
    {
        "key": "tech_infiltrators_di2_lar_desc:0",
        "original": "The development of magically enchanted cloaks that can help hide the identity of a disguised or concealed changeling infiltrator. These cloaks also allow soldiers to blend in with terrain, not good enough to fool somepony on the ground but good enough to mostly hide them from enemy air support.",
        "translation": "침투 중대에게 보급할 마법 망토를 개발해냈습니다. 이 망토에는 초보적인 수준의 투명화 기술이 적용되어 있어, 지상의 적을 속이기는 어려워도 공중 정찰로부터 몸을 숨겨줄 수는 있을 것입니다.",
        "stage": 1,
        "context": null
    },
    {
        "key": "tech_infiltrators_di3_lar:0",
        "original": "Spy Networks",
        "translation": "첩보망",
        "stage": 1,
        "context": null
    },
    {
        "key": "tech_infiltrators_di3_lar_desc:0",
        "original": "Establishing spy networks in nations across the world will allow for better gathering of intelligence on the plans of local or opposing nations. A more local spy network would suppress any groups of partisans trying to organise themselves in territory we occupy.",
        "translation": "전 세계를 무대로 하는 첩보망을 구축해서 적국의 정보를 수집해야 합니다. 첩보망이 촘촘할수록 점령지를 관리하기도 용이해 질 것입니다.",
        "stage": 1,
        "context": null
    },
    {
        "key": "tech_infiltrators_di4_lar:0",
        "original": "Massive Impersonation",
        "translation": "대량 사칭",
        "stage": 1,
        "context": null
    },
    {
        "key": "tech_infiltrators_di4_lar_desc:0",
        "original": "The mass impersonation of individuals in nations will allow us to perform subversive activities at a reduced cost. With more disguised changelings around to carry out plans, the easier it becomes to organise plots of subterfuge in other countries.",
        "translation": "적은 비용과 부담으로 더 큰 파괴 공작을 벌이려면 중요 인물 한 명이 아니라 대중을 사칭해야 합니다. 사회에 숨어든 체인질링이 많을수록, 그 사회를 속이기는 쉬워질 것입니다.",
        "stage": 1,
        "context": null
    },
    {
        "key": "tech_infiltrators_si:0",
        "original": "Tactical Infiltration",
        "translation": "전략적 침투",
        "stage": 1,
        "context": null
    },
    {
        "key": "tech_infiltrators_si_desc:0",
        "original": "Favouring quick decisions and immediate effects, the tactical infiltration doctrine will empower the infiltration companies to perform more efficiently on the battlefield.",
        "translation": "신속한 의사결정과 즉각적인 효과를 추구하는 전략적 침투 교리는 침투 중대가 전장에서 벌이는 모든 활동의 효율을 증대시킬 것입니다.",
        "stage": 1,
        "context": null
    },
    {
        "key": "tech_infiltrators_si2:0",
        "original": "Targeted Insertion",
        "translation": "표적 각인",
        "stage": 1,
        "context": null
    },
    {
        "key": "tech_infiltrators_si2_desc:0",
        "original": "Infiltrator companies will need to hit their targets quickly and efficiently. They need to be adept at planning incursions into enemy territory and thus quicker with completing them, ready to be used.",
        "translation": "침투는 빠르게, 표적은 정확하게, 수습은 깔끔하게. 침투 중대는 효율적으로 목표를 달성해야 합니다.",
        "stage": 1,
        "context": null
    },
    {
        "key": "tech_infiltrators_si3:0",
        "original": "Chaos, Confusion, Concealment",
        "translation": "혼돈, 혼란, 은폐",
        "stage": 1,
        "context": null
    },
    {
        "key": "tech_infiltrators_si3_desc:0",
        "original": "Changeling infiltrator companies must be trained into sowing chaos into the front lines and the battlefield. Additionally, we should look into ways to better resist would-be conquerors.",
        "translation": "체인질링 침투 중대는 적들의 최전선에 혼란을 뿌리는 법을 훈련받아야 합니다. 또한 우리 영토를 점령한 적에게 저항하는 방법도 연구해 봐야 할 것입니다.",
        "stage": 1,
        "context": null
    },
    {
        "key": "tech_infiltrators_si4:0",
        "original": "Social Engineering Training",
        "translation": "사회공학 훈련",
        "stage": 1,
        "context": null
    },
    {
        "key": "tech_infiltrators_si4_desc:0",
        "original": "To truly live up to their names, changeling infiltrator squads must also know how to act like a pony during reconnaissance excursions. This training will aid them in the circumstance of being forced to disguise to properly gauge the enemy before a fight, and assist them with future decisions.",
        "translation": "침투 중대원들은 포니처럼 행동하고, 포니처럼 말하는 법을 배워야 합니다. 이 훈련은 임무 수행 중 어쩔 수 없이 포니들에게 이득이 되는 행동을 해야하는 상황이 오더라도 태연히 해내는 체인질링 침투 중대원을 키워내기 위한 훈련입니다.",
        "stage": 1,
        "context": null
    },
    {
        "key": "tech_infiltrators_si_lar:0",
        "original": "Tactical Infiltration",
        "translation": "전략적 침투",
        "stage": 1,
        "context": null
    },
    {
        "key": "tech_infiltrators_si_lar_desc:0",
        "original": "Favouring quick decisions and immediate effects, the strategic infiltration doctrine will empower the infiltration companies to perform more efficiently on the battlefield.",
        "translation": "신속한 의사결정과 즉각적인 효과를 추구하는 전략적 침투 교리는 침투 중대가 전장에서 벌이는 모든 활동의 효율을 증대시킬 것입니다.",
        "stage": 1,
        "context": null
    },
    {
        "key": "tech_infiltrators_si2_lar:0",
        "original": "Targeted Insertion",
        "translation": "표적 각인",
        "stage": 1,
        "context": null
    },
    {
        "key": "tech_infiltrators_si2_lar_desc:0",
        "original": "Infiltrator companies will need to hit their targets quickly and efficiently. They need to be adept at planning incursions into enemy territory and thus quicker with completing them, ready to be used.",
        "translation": "침투는 빠르게, 표적은 정확하게, 수습은 깔끔하게. 침투 중대는 효율적으로 목표를 달성해야 합니다.",
        "stage": 1,
        "context": null
    },
    {
        "key": "tech_infiltrators_si3_lar:0",
        "original": "Chaos, Confusion, Concealment",
        "translation": "혼돈, 혼란, 은폐",
        "stage": 1,
        "context": null
    },
    {
        "key": "tech_infiltrators_si3_lar_desc:0",
        "original": "Changeling infiltrator companies must be trained into sowing chaos into the front lines and the battlefield. Additionally, we should look into ways to better resist would-be conquerors.",
        "translation": "체인질링 침투 중대는 적들의 최전선에 혼란을 뿌리는 법을 훈련받아야 합니다. 또한 우리 영토를 점령한 적에게 저항하는 방법도 연구해 봐야 할 것입니다.",
        "stage": 1,
        "context": null
    },
    {
        "key": "tech_infiltrators_si4_lar:0",
        "original": "Social Engineering Training",
        "translation": "사회공학 훈련",
        "stage": 1,
        "context": null
    },
    {
        "key": "tech_infiltrators_si4_lar_desc:0",
        "original": "To truly live up to their names, changeling infiltrator squads must also know how to act like a pony during reconnaissance excursions. This training will aid them in the circumstance of being forced to disguise to properly gauge the enemy before a fight, and assist them with future decisions.",
        "translation": "침투 중대원들은 포니처럼 행동하고, 포니처럼 말하는 법을 배워야 합니다. 이 훈련은 임무 수행 중 어쩔 수 없이 포니들에게 이득이 되는 행동을 해야하는 상황이 오더라도 태연히 해내는 체인질링 침투 중대원을 키워내기 위한 훈련입니다.",
        "stage": 1,
        "context": null
    },
    {
        "key": "infiltrator_tech:0",
        "original": "Infiltration Technology",
        "translation": "침투 기술",
        "stage": 1,
        "context": null
    },
    {
        "key": "jager_tech:0",
        "original": "Jager Technology",
        "translation": "예거 기술",
        "stage": 1,
        "context": null
    },
    {
        "key": "tech_jager:0",
        "original": "Jagers I",
        "translation": "예거 I",
        "stage": 1,
        "context": null
    },
    {
        "key": "tech_jager_desc:0",
        "original": "Jagers are light infantry that are trained to fight in close quarters combat behind enemy lines.",
        "translation": "예거는 적의 전선 뒤에서 근접전을 벌이도록 훈련받은 경보병입니다.",
        "stage": 1,
        "context": null
    },
    {
        "key": "tech_jager2:0",
        "original": "Jagers II",
        "translation": "예거 II",
        "stage": 1,
        "context": null
    },
    {
        "key": "tech_jager2_desc:0",
        "original": "Jagers will be given specialised equipment for guerrilla warfare behind enemy lines, and trained in guerrilla warfare to increase their organisation on the field.",
        "translation": "예거는 게릴라전에 필요한 전문 장비를 다루고 적들을 기습하는 법을 집중적으로 배웁니다.",
        "stage": 1,
        "context": null
    },
    {
        "key": "tech_jager3:0",
        "original": "Jagers III",
        "translation": "예거 III",
        "stage": 1,
        "context": null
    },
    {
        "key": "tech_jager3_desc:0",
        "original": "Standardising Jager equipment will reduce the chances of confusion on the field and make equipment easier to maintain.",
        "translation": "예거의 장비를 표준화하여 혼선을 줄이고 훈련기간을 단축할 수 있습니다.",
        "stage": 1,
        "context": null
    },
    {
        "key": "tech_jager_a:0",
        "original": "Jagers IV",
        "translation": "예거 IV",
        "stage": 1,
        "context": null
    },
    {
        "key": "tech_jager_a_desc:0",
        "original": "Jager units are given stricter leaders, who are trained exclusively for Jager squads. They will know how to handle command these squads in the field of battle.",
        "translation": "예거 부대는 엄격한 훈련을 받은 예거 출신 지휘관이 지휘합니다. 그들은 전장에서 예거를 어떻게 운용해야 하는지를 누구보다 잘 압니다.",
        "stage": 1,
        "context": null
    },
    {
        "key": "tech_jager_b:0",
        "original": "Jagers V",
        "translation": "예거 V",
        "stage": 1,
        "context": null
    },
    {
        "key": "tech_jager_b_desc:0",
        "original": "Jagers go through situational and hypothetical scenario training. Each scenario is devised from experience on the field from other jagers, and from intelligence gathered from other nations.",
        "translation": "예거가 되기 위해선 다양한 가상 시나리오 훈련을 통과해야 합니다. 모든 시나리오는 선임 예거의 현장 경험과 각국에서 수집한 정보를 이용해 고안한 것입니다.",
        "stage": 1,
        "context": null
    },
    {
        "key": "tech_jager_c:0",
        "original": "Jagers VI",
        "translation": "예거 VI",
        "stage": 1,
        "context": null
    },
    {
        "key": "tech_jager_c_desc:0",
        "original": "Jagers go through very rigorous training to ensure that they act as a cohesive and functional unit on the battlefield or behind enemy lines.",
        "translation": "예거는 적진 한가운데 고립되어서도 군기와 결속을 유지해야 하기에 말로 다할 수 없을 만큼 힘든 훈련을 받습니다.",
        "stage": 1,
        "context": null
    }
]