[
    {
        "key": "GFF_virgil_rules:0",
        "original": "Virgil Stayed in Power",
        "translation": "",
        "stage": 0,
        "context": null
    },
    {
        "key": "GFF_redtail_rules:0",
        "original": "Redtail Took Power",
        "translation": "",
        "stage": 0,
        "context": null
    },
    {
        "key": "BAL_berry_wins:0",
        "original": "Larry Berry is the Chairpony",
        "translation": "",
        "stage": 0,
        "context": null
    },
    {
        "key": "BAL_chafer_wins:0",
        "original": "Diamond Chafer is the Chairpony",
        "translation": "",
        "stage": 0,
        "context": null
    },
    {
        "key": "BAL_berry_dead:0",
        "original": "Larry Berry is dead",
        "translation": "",
        "stage": 0,
        "context": null
    },
    {
        "key": "element_of_magic:0",
        "original": "Element of Magic",
        "translation": "마법의 원소",
        "stage": 1,
        "context": null
    },
    {
        "key": "friendship_games_flag:0",
        "original": "Equestria Games happened",
        "translation": "",
        "stage": 0,
        "context": null
    },
    {
        "key": "celestia_chosen:0",
        "original": "Side with §YEquestria§!",
        "translation": "§Y이퀘스트리아§!의 편에 섭니다",
        "stage": 1,
        "context": null
    },
    {
        "key": "luna_chosen:0",
        "original": "Side with §YLunar Empire§!",
        "translation": "§Y루나 제국§!의 편에 섭니다",
        "stage": 1,
        "context": null
    },
    {
        "key": "EQC_tag_switch:0",
        "original": "§YNew Mareland§! has special focus trees under Lunar or Solar rule. Switch to playing §YNew Mareland§!",
        "translation": "§Y뉴메어랜드§!는 루나 제국이나 태양 제국의 속국 전용 국가중점 계통도를 가지고 있습니다. §Y뉴메어랜드§!로 플레이합니다.",
        "stage": 1,
        "context": null
    },
    {
        "key": "CRY_tag_switch:0",
        "original": "§YCrystal Empire§! has special focus trees under Lunar or Solar rule. Switch to playing §YCrystal Empire§!",
        "translation": "§Y크리스탈 왕국§!은 루나 제국이나 태양 제국의 속국 전용 국가중점 계통도를 가지고 있습니다. §Y크리스탈 왕국§!으로 플레이합니다.",
        "stage": 1,
        "context": null
    },
    {
        "key": "luna_reforms_support:0",
        "original": "§YCelestia and Canterlot will work to support Luna's reforms. This is a risk free path but will take effort.§!",
        "translation": "§Y셀레스티아와 캔틀롯은 루나의 개혁을 위해 함께 일할 것입니다. 이것은 안전한 경로이지만 약간의 노력이 필요할 것입니다.§!",
        "stage": 1,
        "context": null
    },
    {
        "key": "luna_reforms_independent:0",
        "original": "§YLuna will attempt her reforms without Celestia. This could end very well or very badly.§!",
        "translation": "§Y루나는 셀레스티아 없이 개혁을 시도할 것입니다. 이것은 잘 끝나거나, 끔찍하게 끝날 것입니다.§!",
        "stage": 1,
        "context": null
    },
    {
        "key": "NLR_cult_radical_tt:0",
        "original": "§GIn an event of an armed conflict the lunarist forces will be supplemented with a significant amount of modern equipment provided by the cultists.§!\\n§RCauses some suspicious activity.§!\\n§YToo much suspicious activity may cause the plot to be discovered.§!",
        "translation": "§G무력 충돌이 발생할 경우, 루나 충성파 세력은 광신도들이 제공한 상당한 양의 현대식 장비를 보급받을 것입니다.§!\\n§R약간의 의심스러운 행동을 발생시킵니다.§!\\n§Y너무 많은 의심스러운 행동은 음모가 들통나게 할 수도 있습니다.§!",
        "stage": 1,
        "context": null
    },
    {
        "key": "NLR_cult_moderate_tt:0",
        "original": "§YIn an event of an armed conflict the lunarist forces will be supplemented with a moderate amount of outdated equipment provided by the cultists.§!\\n§YCauses a little suspicious activity.§!\\n§YToo much suspicious activity may cause the plot to be discovered.§!",
        "translation": "§Y무력 충돌이 발생할 경우, 루나 충성파 세력은 광신도들이 제공한 적당한 양의 구식 장비를 보급받을 것입니다.§!\\n§Y아주 약간의 의심스러운 행동을 발생시킵니다.§!\\n§Y너무 많은 의심스러운 행동은 음모가 들통나게 할 수도 있습니다.§!",
        "stage": 1,
        "context": null
    },
    {
        "key": "NLR_cult_calm_tt:0",
        "original": "§RIn an event of an armed conflict the lunarist forces will be supplemented with a small amount of outdated equipment provided by the cultists.§!\\n§GCauses no suspicious activity.§!",
        "translation": "§R무력 충돌이 발생할 경우, 루나 충성파 세력은 광신도들이 제공한 조금의 구식 장비를 보급받을 것입니다.§!\\n§G의심스러운 행동이 발생하지 않습니다.§!",
        "stage": 1,
        "context": null
    },
    {
        "key": "NLR_sympathizers_radical_tt:0",
        "original": "§GLuna's speech will rally numerous factory workers of the eastern coast to the secret plot. In an event of an armed conflict this will significantly boost Luna's military industrial capacity§!\\n§RCauses some suspicious activity.§!\\n§YToo much suspicious activity may cause the plot to be discovered.§!",
        "translation": "§G루나의 연설은 동부 해안의 수많은 공장 노동자들을 비밀스러운 음모로 모을 것입니다. 이것은 무력 충돌이 발생할 경우 루나의 군사 산업 역량을 크게 향상시킬 것입니다.§!\\n§R약간의 의심스러운 행동을 발생시킵니다.§!\\n§Y너무 많은 의심스러운 행동은 음모가 들통나게 할 수도 있습니다.§!",
        "stage": 1,
        "context": null
    },
    {
        "key": "NLR_sympathizers_moderate_tt:0",
        "original": "§YLuna's speech will rally some factory workers of the eastern coast to the secret plot. In an event of an armed conflict this will slightly boost Luna's military industrial capacity§!\\n§YCauses a little suspicious activity.§!\\n§YToo much suspicious activity may cause the plot to be discovered.§!",
        "translation": "§Y루나의 연설은 동부 해안의 일부 공장 노동자들을 비밀스러운 음모로 모을 것입니다. 이것은 무력 충돌이 발생할 경우 루나의 군사 산업 역량을 약간 향상시킬 것입니다.§!\\n§Y아주 약간의 의심스러운 행동을 발생시킵니다.§!\\n§Y너무 많은 의심스러운 행동은 음모가 들통나게 할 수도 있습니다.§!",
        "stage": 1,
        "context": null
    },
    {
        "key": "NLR_sympathizers_calm_tt:0",
        "original": "§RLuna's speech will rally a few factory workers of the eastern coast to the secret plot. In an event of an armed conflict this will marginally boost Luna's military industrial capacity§!\\n§GCauses no suspicious activity.§!",
        "translation": "§R루나의 연설은 동부 해안의 적은 수의 공장 노동자들을 비밀스러운 음모로 모을 것입니다. 이것은 무력 충돌이 발생할 경우 루나의 군사 산업 역량을 미미하게 향상시킬 것입니다.§!\\n§G의심스러운 행동이 발생하지 않습니다.§!",
        "stage": 1,
        "context": null
    },
    {
        "key": "NLR_batpony_family_radical_tt:0",
        "original": "§GBatponies will form organized militias to help protect Luna's protestors. In an event of an armed conflict the lunarist forces will be supported by several well-equipped thestral divisions.§!\\n§RCauses some suspicious activity.§!\\n§YToo much suspicious activity may cause the plot to be discovered.§!",
        "translation": "§G박쥐포니들은 루나의 시위대를 보호하기 위해 조직적인 민병대를 구성할 것입니다. 무력 충돌이 발생할 경우, 루나군은 잘 무장된 테스트라 사단 여러개를 받을 것입니다.§!\\n§R약간의 의심스러운 행동을 발생시킵니다.§!\\n§Y너무 많은 의심스러운 행동은 음모가 들통나게 할 수도 있습니다.§!",
        "stage": 1,
        "context": null
    },
    {
        "key": "NLR_batpony_family_moderate_tt:0",
        "original": "§YBatponies will form some escort troops and minor militias to be available during the protests. In an event of an armed conflict the lunarist forces will be supported by a few partially equipped thestral divisions.§!\\n§YCauses a little suspicious activity.§!\\n§YToo much suspicious activity may cause the plot to be discovered.§!",
        "translation": "§Y박쥐포니들은 시위 기간 동안 이용할 호위대와 소규모 민병대를 구성할 것입니다. 무력 충돌이 발생할 경우, 루나군은 일부만 무장된 테스트라 사단을 조금 받을 것입니다.§!\\n§Y아주 약간의 의심스러운 행동을 발생시킵니다.§!\\n§Y너무 많은 의심스러운 행동은 음모가 들통나게 할 수도 있습니다.§!",
        "stage": 1,
        "context": null
    },
    {
        "key": "NLR_batpony_family_calm_tt:0",
        "original": "§RBatponies forces will be ready to be called up for future conflicts, but not immediately available if an armed conflict occurs.§!\\n§GCauses no suspicious activity.§!",
        "translation": "§R박쥐포니들은 향후의 분쟁에 대비해 소집될 준비가 되어 있을 것이지만, 무력 충돌이 일어나도 즉시 소집되지는 않을 것입니다.§!\\n§G의심스러운 행동이 발생하지 않습니다.§!",
        "stage": 1,
        "context": null
    },
    {
        "key": "NLR_partisans_radical_tt:0",
        "original": "§GThe cultists will gather around the city of Whinnyapolis and attempt to take control of it and the surrounding area if an armed conflict occurs.§!\\n§RCauses some suspicious activity.§!\\n§YToo much suspicious activity may cause the plot to be discovered.§!",
        "translation": "§G광신도들은 위니아폴리스 시 주변에 모여 무력 충돌이 일어나면 이 도시와 주변 지역을 장악하려고 시도할 것입니다.§!\\n§R약간의 의심스러운 행동을 발생시킵니다.§!\\n§Y너무 많은 의심스러운 행동은 음모가 들통나게 할 수도 있습니다.§!",
        "stage": 1,
        "context": null
    },
    {
        "key": "NLR_partisans_moderate_tt:0",
        "original": "§YTheir primary goal hindered, the cultists will make a smaller push for the town of Ponderosa and attempt to take control of it and the surrounding area if an armed conflict occurs.§!\\n§YCauses a little suspicious activity.§!\\n§YToo much suspicious activity may cause the plot to be discovered.§!",
        "translation": "§Y광신도들의 주 목표가 방해받으면서 그들은 폰데로사 마을에서 분발할 것이며, 무력 충돌이 일어나면 그 마을과 주변 지역을 장악하려고 시도할 것입니다.§!\\n§Y아주 약간의 의심스러운 행동을 발생시킵니다.§!\\n§Y너무 많은 의심스러운 행동은 음모가 들통나게 할 수도 있습니다.§!",
        "stage": 1,
        "context": null
    },
    {
        "key": "NLR_partisans_calm_tt:0",
        "original": "§RThe cultists will not be able to launch additional attacks if an armed conflcit occurs.§!\\n§GCauses no suspicious activity.§!",
        "translation": "§R무력 충돌이 일어나도 광신도들은 추가적인 공격을 할 수 없을 것입니다.§!\\n§G의심스러운 행동이 발생하지 않습니다.§!",
        "stage": 1,
        "context": null
    },
    {
        "key": "NLR_luna_speech_aggro_tt:0",
        "original": "§RThis will start a civil war.§!",
        "translation": "§R내전이 시작될 것입니다.§!",
        "stage": 1,
        "context": null
    },
    {
        "key": "NLR_luna_try_for_peace_tt:0",
        "original": "§YThis may not succeed...§!",
        "translation": "§Y성공하지 못할 수도 있습니다...§!",
        "stage": 1,
        "context": null
    },
    {
        "key": "eqs_refused_holding_games:0",
        "original": "Refused to hold Crystal Fair",
        "translation": "",
        "stage": 0,
        "context": null
    },
    {
        "key": "common_threat:0",
        "original": "Common Threat",
        "translation": "",
        "stage": 0,
        "context": null
    },
    {
        "key": "stg_annexed_states:0",
        "original": "Stolen States",
        "translation": "",
        "stage": 0,
        "context": null
    },
    {
        "key": "equestrian_civil_war:0",
        "original": "Equestrian Civil War has started",
        "translation": "",
        "stage": 0,
        "context": null
    },
    {
        "key": "stg_refused_help:0",
        "original": "Refused Help in Darkest Hour",
        "translation": "",
        "stage": 0,
        "context": null
    },
    {
        "key": "besties:0",
        "original": "Friends",
        "translation": "",
        "stage": 0,
        "context": null
    },
    {
        "key": "equestrian_com_civil_war_ended:0",
        "original": "Communist Civil War has ended",
        "translation": "",
        "stage": 0,
        "context": null
    },
    {
        "key": "nightmare_moon_focus:0",
        "original": "Luna is abandoned",
        "translation": "",
        "stage": 0,
        "context": null
    },
    {
        "key": "equestrian_civil_war_ended:0",
        "original": "Equestrian Civil War has ended.",
        "translation": "이퀘스트리아 내전이 끝났습니다.",
        "stage": 1,
        "context": null
    },
    {
        "key": "hostility:0",
        "original": "Hostility",
        "translation": "",
        "stage": 0,
        "context": null
    },
    {
        "key": "griffon_intervention:0",
        "original": "Griffon Intervention",
        "translation": "",
        "stage": 0,
        "context": null
    },
    {
        "key": "eqs_civil_war_victory:0",
        "original": "Equestria won in the Civil War",
        "translation": "",
        "stage": 0,
        "context": null
    },
    {
        "key": "nlr_civil_war_victory:0",
        "original": "Lunar Empire won in the Civil War",
        "translation": "",
        "stage": 0,
        "context": null
    },
    {
        "key": "vasya_government:0",
        "original": "The Purge",
        "translation": "",
        "stage": 0,
        "context": null
    },
    {
        "key": "stg_compromise:0",
        "original": "Compromise is found",
        "translation": "",
        "stage": 0,
        "context": null
    },
    {
        "key": "vasya_elected:0",
        "original": "Vasiliy is elected",
        "translation": "",
        "stage": 0,
        "context": null
    },
    {
        "key": "sinister_elected:0",
        "original": "Sinister is elected",
        "translation": "",
        "stage": 0,
        "context": null
    },
    {
        "key": "polya_dies:0",
        "original": "Altidiya retires",
        "translation": "",
        "stage": 0,
        "context": null
    },
    {
        "key": "polya_dies2:0",
        "original": "Altidiya retires",
        "translation": "",
        "stage": 0,
        "context": null
    },
    {
        "key": "darkwing_elected:0",
        "original": "Dark Wing is elected",
        "translation": "",
        "stage": 0,
        "context": null
    },
    {
        "key": "old_admins_elections:0",
        "original": "Elections",
        "translation": "",
        "stage": 0,
        "context": null
    },
    {
        "key": "compromise_elections:0",
        "original": "Elections",
        "translation": "",
        "stage": 0,
        "context": null
    },
    {
        "key": "vasya_focus:0",
        "original": "Supported Vasiliy",
        "translation": "",
        "stage": 0,
        "context": null
    },
    {
        "key": "polya_focus:0",
        "original": "Supported Altidiya",
        "translation": "",
        "stage": 0,
        "context": null
    },
    {
        "key": "vasya_leaves:0",
        "original": "Vasiliy left the party",
        "translation": "",
        "stage": 0,
        "context": null
    },
    {
        "key": "vasya_leaves_tooltip:0",
        "original": "Vasiliy leaves the party.",
        "translation": "",
        "stage": 0,
        "context": null
    },
    {
        "key": "friendly_government:0",
        "original": "Friendly Government",
        "translation": "",
        "stage": 0,
        "context": null
    },
    {
        "key": "vasya_chosen:0",
        "original": "Supported Vasiliy",
        "translation": "",
        "stage": 0,
        "context": null
    },
    {
        "key": "polya_chosen:0",
        "original": "Supported Altidiya",
        "translation": "",
        "stage": 0,
        "context": null
    },
    {
        "key": "the_war:0",
        "original": "The War has started",
        "translation": "",
        "stage": 0,
        "context": null
    },
    {
        "key": "the_war_ended:0",
        "original": "The War has ended",
        "translation": "",
        "stage": 0,
        "context": null
    },
    {
        "key": "GRF_junta:0",
        "original": "Military Junta took power",
        "translation": "",
        "stage": 0,
        "context": null
    },
    {
        "key": "stalliongradians_arrested:0",
        "original": "Griffon Junta arrested communists",
        "translation": "",
        "stage": 0,
        "context": null
    },
    {
        "key": "GRF_teafeather_dead:0",
        "original": "Governor Teafeather has been assasinated",
        "translation": "",
        "stage": 0,
        "context": null
    },
    {
        "key": "eqs_banned_activists:0",
        "original": "Activists Banned",
        "translation": "",
        "stage": 0,
        "context": null
    },
    {
        "key": "communist_focus_tlp:0",
        "original": "Communist focus path will be unlocked.",
        "translation": "",
        "stage": 0,
        "context": null
    },
    {
        "key": "end_food_problem_tlt:0",
        "original": "The §YFood Shortages§W problem will start disappearing over time.",
        "translation": "",
        "stage": 0,
        "context": null
    },
    {
        "key": "harmony_advisors_cry:0",
        "original": "Spawns §YFive Volunteer Brigades§!\\n",
        "translation": "",
        "stage": 0,
        "context": null
    },
    {
        "key": "spies_equestria:0",
        "original": "Spies will be sent to §Y[EQS.GetName]§!\\n",
        "translation": "",
        "stage": 0,
        "context": null
    },
    {
        "key": "finding_spies1:0",
        "original": "The spy network will be taken down fast.",
        "translation": "",
        "stage": 0,
        "context": null
    },
    {
        "key": "finding_spies2:0",
        "original": "The spy network will be taken down slower.",
        "translation": "",
        "stage": 0,
        "context": null
    },
    {
        "key": "finding_spies3:0",
        "original": "It will take a considerable amount of time to destroy the spy network.",
        "translation": "",
        "stage": 0,
        "context": null
    },
    {
        "key": "finding_spies4:0",
        "original": "No special efforts will be undertaken to destroy the spy network.",
        "translation": "",
        "stage": 0,
        "context": null
    },
    {
        "key": "friendship_BAL:0",
        "original": "Friendship of Nations",
        "translation": "",
        "stage": 0,
        "context": null
    },
    {
        "key": "workers_BAL:0",
        "original": "Worker Solidarity",
        "translation": "",
        "stage": 0,
        "context": null
    },
    {
        "key": "GEU_altidiya_killed:0",
        "original": "Altidiya Killed",
        "translation": "",
        "stage": 0,
        "context": null
    },
    {
        "key": "GEU_altidiya_lives:0",
        "original": "Altidiya Survived",
        "translation": "",
        "stage": 0,
        "context": null
    },
    {
        "key": "GEU_sucess:0",
        "original": "An Inside Job",
        "translation": "",
        "stage": 0,
        "context": null
    },
    {
        "key": "invitation_to_join_the_club:0",
        "original": "Invitation taken.\\n",
        "translation": "",
        "stage": 0,
        "context": null
    },
    {
        "key": "invitation_taken:0",
        "original": "You take the invitation to the Club.\\n",
        "translation": "",
        "stage": 0,
        "context": null
    },
    {
        "key": "invitation_decline:0",
        "original": "You throw the invitation away.\\n",
        "translation": "",
        "stage": 0,
        "context": null
    },
    {
        "key": "invitation_saved:0",
        "original": "You pack the card into your saddle bag.\\n",
        "translation": "",
        "stage": 0,
        "context": null
    },
    {
        "key": "invitation_thrown_away:0",
        "original": "You throw the card away after all.\\n",
        "translation": "",
        "stage": 0,
        "context": null
    },
    {
        "key": "walk_into_the_club:0",
        "original": "You walk into the club.\\n",
        "translation": "",
        "stage": 0,
        "context": null
    },
    {
        "key": "walk_away:0",
        "original": "You walk away.\\n",
        "translation": "",
        "stage": 0,
        "context": null
    },
    {
        "key": "joined_the_club:0",
        "original": "Joined the club.\\n",
        "translation": "",
        "stage": 0,
        "context": null
    },
    {
        "key": "join_the_club_tlp:0",
        "original": "You join the club.\\n",
        "translation": "",
        "stage": 0,
        "context": null
    },
    {
        "key": "reported_sombras:0",
        "original": "You report the Club to the police.\\n",
        "translation": "",
        "stage": 0,
        "context": null
    },
    {
        "key": "not_reported_sombras:0",
        "original": "You do nothing.\\n",
        "translation": "",
        "stage": 0,
        "context": null
    },
    {
        "key": "less_sombra_tlp:0",
        "original": "Sombra loses supporters.\\n",
        "translation": "",
        "stage": 0,
        "context": null
    },
    {
        "key": "learned_about_the_crystals:0",
        "original": "Studies are complete.\\n",
        "translation": "",
        "stage": 0,
        "context": null
    },
    {
        "key": "sakira_sick:0",
        "original": "Is sick.\\n",
        "translation": "",
        "stage": 0,
        "context": null
    },
    {
        "key": "player_sick:0",
        "original": "Is sick.\\n",
        "translation": "",
        "stage": 0,
        "context": null
    },
    {
        "key": "sick_together:0",
        "original": "You and Sakira are sick.\\n",
        "translation": "",
        "stage": 0,
        "context": null
    },
    {
        "key": "dust_sick:0",
        "original": "Is sick.\\n",
        "translation": "",
        "stage": 0,
        "context": null
    },
    {
        "key": "umbrum_planted:0",
        "original": "Umbrum planted.\\n",
        "translation": "",
        "stage": 0,
        "context": null
    },
    {
        "key": "heart_will_grow:0",
        "original": "Dark Heart will start growing.\\n",
        "translation": "",
        "stage": 0,
        "context": null
    },
    {
        "key": "help_the_club:0",
        "original": "You will support the Club.\\n",
        "translation": "",
        "stage": 0,
        "context": null
    },
    {
        "key": "support_the_club:0",
        "original": "You will support the Club materially.\\n(This will skip the event chain, but still place you on Sombra's side.)\\n",
        "translation": "",
        "stage": 0,
        "context": null
    },
    {
        "key": "dark_heart_is_ready:0",
        "original": "Dark Heart has grown.\\n",
        "translation": "",
        "stage": 0,
        "context": null
    },
    {
        "key": "dark_heart_in_progress:0",
        "original": "Search for crystals is in progress.\\n",
        "translation": "",
        "stage": 0,
        "context": null
    },
    {
        "key": "lake_blind:0",
        "original": "§YLake Frost§! is unavailable.\\n",
        "translation": "",
        "stage": 0,
        "context": null
    },
    {
        "key": "royal_family_captured:0",
        "original": "Royal Family Captured",
        "translation": "",
        "stage": 0,
        "context": null
    },
    {
        "key": "unicorn_tech:0",
        "original": "Unicorn Tech",
        "translation": "",
        "stage": 0,
        "context": null
    },
    {
        "key": "mortal_enemies:0",
        "original": "Mortal enemies",
        "translation": "",
        "stage": 0,
        "context": null
    },
    {
        "key": "sombra_returned:0",
        "original": "§YKing Sombra§! has returned.\\n",
        "translation": "",
        "stage": 0,
        "context": null
    },
    {
        "key": "sombra_civil_war_tt:0",
        "original": "Volunteers will be recruited\\n",
        "translation": "",
        "stage": 0,
        "context": null
    },
    {
        "key": "sombra_cores:0",
        "original": "Gain cores on all of §Ythe old regions on the Crystal Empire§!.\\n",
        "translation": "",
        "stage": 0,
        "context": null
    },
    {
        "key": "military_concerns_are_opened:0",
        "original": "Opens military concerns.",
        "translation": "",
        "stage": 0,
        "context": null
    },
    {
        "key": "opens_amethyst_university_concern:0",
        "original": "Opens Amethyst University Concern",
        "translation": "",
        "stage": 0,
        "context": null
    },
    {
        "key": "rising_storm_troops_will_appear:0",
        "original": "Spawns §YSeven Infantry Divisions§!\\n",
        "translation": "",
        "stage": 0,
        "context": null
    },
    {
        "key": "executed_royalty:0",
        "original": "Royalty Executed",
        "translation": "",
        "stage": 0,
        "context": null
    },
    {
        "key": "released_royalty:0",
        "original": "Released Royalty",
        "translation": "",
        "stage": 0,
        "context": null
    },
    {
        "key": "opens_welfare_program:0",
        "original": "Opens welfare program",
        "translation": "",
        "stage": 0,
        "context": null
    },
    {
        "key": "STG_agreed_cooperation:0",
        "original": "Stalliongrad agreed to cooperate",
        "translation": "",
        "stage": 0,
        "context": null
    },
    {
        "key": "sent_vet_to_CRY:0",
        "original": "Sent as an advisor to Crystal Empire",
        "translation": "",
        "stage": 0,
        "context": null
    },
    {
        "key": "switching_to_equestria:0",
        "original": "You will be switched to Equestria\\n",
        "translation": "",
        "stage": 0,
        "context": null
    },
    {
        "key": "sent_equipment:0",
        "original": "Sent Equipment",
        "translation": "",
        "stage": 0,
        "context": null
    },
    {
        "key": "sent_volunteers:0",
        "original": "Sent Military Mission",
        "translation": "",
        "stage": 0,
        "context": null
    },
    {
        "key": "STG_darkwing_natbol:0",
        "original": "Darkwing is a traitor to the Revolution.",
        "translation": "",
        "stage": 0,
        "context": null
    },
    {
        "key": "JUN_asshole:0",
        "original": "Exploting the Natives",
        "translation": "",
        "stage": 0,
        "context": null
    },
    {
        "key": "JUN_not_asshole:0",
        "original": "Working with the Natives",
        "translation": "",
        "stage": 0,
        "context": null
    },
    {
        "key": "JUN_kongo:0",
        "original": "The Jungle calls to you",
        "translation": "",
        "stage": 0,
        "context": null
    },
    {
        "key": "GRF_refuse_junta:0",
        "original": "Highhill's Coup failed",
        "translation": "",
        "stage": 0,
        "context": null
    },
    {
        "key": "GRF_PGI_wins:0",
        "original": "Party of Griffons Interests won the election",
        "translation": "",
        "stage": 0,
        "context": null
    },
    {
        "key": "GRF_communists_win:0",
        "original": "Griffonia's People Party won the election",
        "translation": "",
        "stage": 0,
        "context": null
    },
    {
        "key": "GRF_GSDP_win:0",
        "original": "Griffonian Social Democratic Party won the election",
        "translation": "",
        "stage": 0,
        "context": null
    },
    {
        "key": "refused_to_cooperate:0",
        "original": "Cooperation Denied",
        "translation": "",
        "stage": 0,
        "context": null
    },
    {
        "key": "why_you_do_this:0",
        "original": "Refused to support",
        "translation": "",
        "stage": 0,
        "context": null
    },
    {
        "key": "worker_solidarity2:0",
        "original": "Worker Solidarity",
        "translation": "",
        "stage": 0,
        "context": null
    },
    {
        "key": "EQS_aggresion_on_BUF:0",
        "original": "Equestrian agression on the Buffalo State",
        "translation": "",
        "stage": 0,
        "context": null
    },
    {
        "key": "threat_equestrian_civil_war_NLR:0",
        "original": "The beginning of Two Sisters War",
        "translation": "",
        "stage": 0,
        "context": null
    },
    {
        "key": "threat_equestrian_civil_war_SOL:0",
        "original": "The beginning of Solar Civil War",
        "translation": "",
        "stage": 0,
        "context": null
    },
    {
        "key": "equestria_is_com:0",
        "original": "Equestria is Communist",
        "translation": "",
        "stage": 0,
        "context": null
    },
    {
        "key": "equestria_advisors:0",
        "original": "New §YMilitary High Command§! ponies will be unlocked\\n",
        "translation": "새로운 §Y군 고위지휘관§! 포니들을 사용할 수 있을 것입니다.\\n",
        "stage": 1,
        "context": null
    },
    {
        "key": "equestria_generals:0",
        "original": "New §YCommanders§! will be unlocked\\n",
        "translation": "",
        "stage": 0,
        "context": null
    },
    {
        "key": "royal_family_returned:0",
        "original": "Crystal Royal Family rescued",
        "translation": "",
        "stage": 0,
        "context": null
    },
    {
        "key": "available_ship_designer:0",
        "original": "Available as §YShip Designer§!:\\n",
        "translation": "",
        "stage": 0,
        "context": null
    },
    {
        "key": "CRY_solar_governorship:0",
        "original": "Is a Solar Province",
        "translation": "",
        "stage": 0,
        "context": null
    },
    {
        "key": "puppet_can_become_free:0",
        "original": "Can become §YFree§!",
        "translation": "",
        "stage": 0,
        "context": null
    },
    {
        "key": "DED_Black_Crusade_tp:0",
        "original": "§Y[This.GetName]§! begins §Rthe Black Crusade§!.\\n",
        "translation": "",
        "stage": 0,
        "context": null
    },
    {
        "key": "economic_laws_blocked:0",
        "original": "Economy Laws blocked",
        "translation": "",
        "stage": 0,
        "context": null
    },
    {
        "key": "manpower_laws_blocked:0",
        "original": "Conscription Laws blocked",
        "translation": "",
        "stage": 0,
        "context": null
    },
    {
        "key": "trade_laws_blocked:0",
        "original": "Trade Laws blocked",
        "translation": "",
        "stage": 0,
        "context": null
    },
    {
        "key": "trading:0",
        "original": "Trading",
        "translation": "",
        "stage": 0,
        "context": null
    },
    {
        "key": "have_regular_puppets:0",
        "original": "Is a republic",
        "translation": "",
        "stage": 0,
        "context": null
    },
    {
        "key": "TRIGGER_OVERLORD:0",
        "original": "Overlord",
        "translation": "",
        "stage": 0,
        "context": null
    },
    {
        "key": "BRFprince_escaped:0",
        "original": "Brodfeld prince has escaped",
        "translation": "",
        "stage": 0,
        "context": null
    },
    {
        "key": "BRFprince_killed:0",
        "original": "Brodfeld prince was killed",
        "translation": "",
        "stage": 0,
        "context": null
    },
    {
        "key": "BRFprince_captured:0",
        "original": "Brodfeld prince was captured",
        "translation": "",
        "stage": 0,
        "context": null
    },
    {
        "key": "BRFprince_executed:0",
        "original": "Brodfeld prince executed",
        "translation": "",
        "stage": 0,
        "context": null
    },
    {
        "key": "BRFprince_imprisoned:0",
        "original": "Brodfeld prince imprisoned",
        "translation": "",
        "stage": 0,
        "context": null
    },
    {
        "key": "prywhen_civil_war_is_over:0",
        "original": "Prywhen Civil War is Over",
        "translation": "",
        "stage": 0,
        "context": null
    },
    {
        "key": "BRFprince_executed_private:0",
        "original": "Brodfeld prince executed privately",
        "translation": "",
        "stage": 0,
        "context": null
    },
    {
        "key": "GRW_border_guard:0",
        "original": "Border Guard Regiments will be formed",
        "translation": "",
        "stage": 0,
        "context": null
    },
    {
        "key": "common_cause:0",
        "original": "Common Cause",
        "translation": "",
        "stage": 0,
        "context": null
    },
    {
        "key": "brodfeld_brought_tank:0",
        "original": "Brodfeld has aquired a tank",
        "translation": "",
        "stage": 0,
        "context": null
    },
    {
        "key": "kings_labs:0",
        "original": "Adapted Lord's Labs",
        "translation": "",
        "stage": 0,
        "context": null
    },
    {
        "key": "stg_helped:0",
        "original": "Stalliongrad Helped",
        "translation": "",
        "stage": 0,
        "context": null
    },
    {
        "key": "prywhen_civil_war_is_over_ttlp:0",
        "original": "Prywhen Civil War is Over.",
        "translation": "",
        "stage": 0,
        "context": null
    },
    {
        "key": "will_be_annexed:0",
        "original": "§R[Root.GetNameDef] will be annexed.§W\\n",
        "translation": "",
        "stage": 0,
        "context": null
    },
    {
        "key": "holds_griffon_capital:0",
        "original": "Holds the Griffon Capital.",
        "translation": "",
        "stage": 0,
        "context": null
    },
    {
        "key": "PUPPET_TT:0",
        "original": "§R[This.GetName] will become a puppet.§!\\n",
        "translation": "",
        "stage": 0,
        "context": null
    },
    {
        "key": "decrease_poverty_tt:0",
        "original": "Decrease §YPoverty§W\\n",
        "translation": "",
        "stage": 0,
        "context": null
    },
    {
        "key": "decrease_illiteracy_tt:0",
        "original": "Decrease §YIlliteracy§W\\n",
        "translation": "",
        "stage": 0,
        "context": null
    },
    {
        "key": "GRW_approaches_EQS:0",
        "original": "Improved Relations",
        "translation": "",
        "stage": 0,
        "context": null
    },
    {
        "key": "friendship_refused:0",
        "original": "Friendship offer declined",
        "translation": "",
        "stage": 0,
        "context": null
    },
    {
        "key": "skip_annexing_buffalo:0",
        "original": "Buffalo refused to cooperate",
        "translation": "",
        "stage": 0,
        "context": null
    },
    {
        "key": "got_buffalo_response:0",
        "original": "Buffalo accepted friendship",
        "translation": "",
        "stage": 0,
        "context": null
    },
    {
        "key": "nationalistic_thought:0",
        "original": "Nationalistic Thought",
        "translation": "",
        "stage": 0,
        "context": null
    },
    {
        "key": "griffon_manpower:0",
        "original": "Griffon",
        "translation": "그리폰",
        "stage": 1,
        "context": null
    },
    {
        "key": "pony_manpower:0",
        "original": "Pony",
        "translation": "포니",
        "stage": 1,
        "context": null
    },
    {
        "key": "buffalo_power:0",
        "original": "Buffalo",
        "translation": "버팔로",
        "stage": 1,
        "context": null
    },
    {
        "key": "changeling_power:0",
        "original": "Changeling",
        "translation": "체인질링",
        "stage": 1,
        "context": null
    },
    {
        "key": "deer_power:0",
        "original": "Deer",
        "translation": "사슴",
        "stage": 1,
        "context": null
    },
    {
        "key": "yak_race_type:0",
        "original": "Yak",
        "translation": "야크",
        "stage": 1,
        "context": null
    },
    {
        "key": "big_science_base_unlocked:0",
        "original": "Substantial Science Base Unlocked",
        "translation": "",
        "stage": 0,
        "context": null
    },
    {
        "key": "better_science_base_unlocked:0",
        "original": "Small Science Base Unlocked",
        "translation": "",
        "stage": 0,
        "context": null
    },
    {
        "key": "proper_science_base_unlocked:0",
        "original": "Developed Science Base Unlocked",
        "translation": "",
        "stage": 0,
        "context": null
    },
    {
        "key": "supported_somehow:0",
        "original": "Supported",
        "translation": "",
        "stage": 0,
        "context": null
    },
    {
        "key": "will_allow_to_switch_from_poorSB_to_betterSB:0",
        "original": "Possible to switch from §YPoor Science Base§W to §YSmall Science Base§W.\\n",
        "translation": "",
        "stage": 0,
        "context": null
    },
    {
        "key": "will_allow_to_switch_from_betterSB_to_bigSB:0",
        "original": "Possible to switch from §YSmall Science Base§W to §YSubstantial Science Base§W.\\n",
        "translation": "",
        "stage": 0,
        "context": null
    },
    {
        "key": "will_allow_to_switch_from_bigSB_to_developedSB:0",
        "original": "Possible to switch from §YSubstantial Science Base§W to §YDeveloped Science Base§W.\\n",
        "translation": "",
        "stage": 0,
        "context": null
    },
    {
        "key": "increase_society_development_gradual_tt:0",
        "original": "Will §GGradually Increase§W the level of §YSociety Development§W.\\n",
        "translation": "",
        "stage": 0,
        "context": null
    },
    {
        "key": "corporations_stolen:0",
        "original": "Stole corporations",
        "translation": "",
        "stage": 0,
        "context": null
    },
    {
        "key": "equestrian_kindness:0",
        "original": "Equestrian Kindness",
        "translation": "이퀘스트리아의 친절",
        "stage": 1,
        "context": null
    },
    {
        "key": "not_has_agrarian_society:0",
        "original": "Does not have §YAgrarian Society§W.\\n",
        "translation": "",
        "stage": 0,
        "context": null
    },
    {
        "key": "not_has_agrarian_society_or_communal:0",
        "original": "Does not have §YAgrarian Society§W or §YCommunal Society§W\\n",
        "translation": "",
        "stage": 0,
        "context": null
    },
    {
        "key": "GRW_approaches_RIV:0",
        "original": "River Federation - Griffon State Neutrality",
        "translation": "",
        "stage": 0,
        "context": null
    },
    {
        "key": "is_EQS_SOL_tp:0",
        "original": "Country is §YSolar Empire§!\\n",
        "translation": "",
        "stage": 0,
        "context": null
    },
    {
        "key": "is_original_EQS_tp:0",
        "original": "Country is §YEquestria§!\\n",
        "translation": "",
        "stage": 0,
        "context": null
    },
    {
        "key": "is_not_EQS_SOL_tp:0",
        "original": "Country is not §YSolar Empire§!\\n",
        "translation": "",
        "stage": 0,
        "context": null
    },
    {
        "key": "is_not_original_EQS_tp:0",
        "original": "Country is not §YEquestria§!\\n",
        "translation": "",
        "stage": 0,
        "context": null
    },
    {
        "key": "JAK_refused_claim:0",
        "original": "Refused claim\\n",
        "translation": "",
        "stage": 0,
        "context": null
    },
    {
        "key": "pinkie_envoy:0",
        "original": "Pinkie Pie envoy\\n",
        "translation": "핑키 파이 사절단\\n",
        "stage": 1,
        "context": null
    },
    {
        "key": "IS_IN_EQUESTRIA_TT:0",
        "original": "Is in Equestria",
        "translation": "",
        "stage": 0,
        "context": null
    },
    {
        "key": "IS_IN_GRIFFONIA_TT:0",
        "original": "Is in Griffonia",
        "translation": "",
        "stage": 0,
        "context": null
    },
    {
        "key": "equestrian_embassy:0",
        "original": "Equestrian Embassy",
        "translation": "",
        "stage": 0,
        "context": null
    },
    {
        "key": "SRS_owns_all_cores_tt:0",
        "original": "All core states are owned by §Y[SRS.GetName]§!.\\n",
        "translation": "",
        "stage": 0,
        "context": null
    },
    {
        "key": "NTR_controls_all_cores_tt:0",
        "original": "All core states are controlled by §Y[NTR.GetName]§!.\\n",
        "translation": "",
        "stage": 0,
        "context": null
    },
    {
        "key": "NTR_owns_all_cores_tt:0",
        "original": "All core states are owned by §Y[NTR.GetName]§!.\\n",
        "translation": "",
        "stage": 0,
        "context": null
    },
    {
        "key": "STG_EQS_accepted_core_transfer:0",
        "original": "Handed over our rightful territory",
        "translation": "",
        "stage": 0,
        "context": null
    },
    {
        "key": "will_allow_conscription_laws_tt:0",
        "original": "Will allow you to increase §YConscription Laws§W.\\n",
        "translation": "",
        "stage": 0,
        "context": null
    },
    {
        "key": "will_allow_economic_laws_tt:0",
        "original": "Will allow you to increase §YEconomic Laws§W.\\n",
        "translation": "",
        "stage": 0,
        "context": null
    },
    {
        "key": "owns_all_cores_tt:0",
        "original": "All core states are owned by §Y[Root.GetName]§!.\\n",
        "translation": "",
        "stage": 0,
        "context": null
    },
    {
        "key": "owns_all_cores_subject_tt:0",
        "original": "All core states are owned by §Y[Root.GetName]§! or one of their subjects.\\n",
        "translation": "모든 핵심 주를 §Y[Root.GetName]§! 또는 그들의 속국이 소유하고 있습니다.\\n",
        "stage": 1,
        "context": null
    },
    {
        "key": "owns_any_cores_tt:0",
        "original": "Any core state is owned by §Y[Root.GetName]§!.\\n",
        "translation": "",
        "stage": 0,
        "context": null
    },
    {
        "key": "owns_any_cores_subject_tt:0",
        "original": "Any core state is owned by §Y[Root.GetName]§! or one of their subjects.\\n",
        "translation": "",
        "stage": 0,
        "context": null
    },
    {
        "key": "owns_all_cores_original_tt:0",
        "original": "All starting core states are owned by §Y[Root.GetName]§!.\\n",
        "translation": "",
        "stage": 0,
        "context": null
    },
    {
        "key": "owns_all_cores_original_subject_tt:0",
        "original": "All starting core states are owned by §Y[Root.GetName]§! or one of their subjects.\\n",
        "translation": "",
        "stage": 0,
        "context": null
    },
    {
        "key": "owns_any_cores_original_tt:0",
        "original": "Any starting core state is owned by §Y[Root.GetName]§!.\\n",
        "translation": "",
        "stage": 0,
        "context": null
    },
    {
        "key": "owns_any_cores_original_subject_tt:0",
        "original": "Any starting core state is owned by §Y[Root.GetName]§! or one of their subjects.\\n",
        "translation": "",
        "stage": 0,
        "context": null
    },
    {
        "key": "controlls_any_cores_tt:0",
        "original": "Any core state is controlled by §Y[Root.GetName]§!.\\n",
        "translation": "",
        "stage": 0,
        "context": null
    },
    {
        "key": "controlls_any_cores_subject_tt:0",
        "original": "Any core state is controlled by §Y[Root.GetName]§! or one of their subjects.\\n",
        "translation": "",
        "stage": 0,
        "context": null
    },
    {
        "key": "controlls_any_foreign_core_tt:0",
        "original": "Any controlled state is not a core of §Y[Root.GetName]§!.\\n",
        "translation": "",
        "stage": 0,
        "context": null
    },
    {
        "key": "CHN_Embargo:0",
        "original": "Embargo",
        "translation": "금수 조치",
        "stage": 1,
        "context": null
    },
    {
        "key": "nightmare_moon:0",
        "original": "Luna is preparing to become Nightmare Moon",
        "translation": "",
        "stage": 0,
        "context": null
    },
    {
        "key": "distrustful_relations:0",
        "original": "Distrustful Relations",
        "translation": "신뢰할 수 없는 관계",
        "stage": 1,
        "context": null
    },
    {
        "key": "has_illiteracy:0",
        "original": "Has §YMass Illiteracy§!",
        "translation": "",
        "stage": 0,
        "context": null
    },
    {
        "key": "not_has_illiteracy:0",
        "original": "Does not has §YMass Illiteracy§!",
        "translation": "",
        "stage": 0,
        "context": null
    },
    {
        "key": "war_plan_timeout:0",
        "original": "Has enacted or cancelled §YWar Plan§! in the last §Y60§! days.\\n",
        "translation": "",
        "stage": 0,
        "context": null
    },
    {
        "key": "initiated_border_conflict:0",
        "original": "Initiated Border Conflict",
        "translation": "",
        "stage": 0,
        "context": null
    },
    {
        "key": "nuked:0",
        "original": "Fallout",
        "translation": "낙진",
        "stage": 1,
        "context": null
    },
    {
        "key": "demilitarized:0",
        "original": "Has been demilitarised",
        "translation": "",
        "stage": 0,
        "context": null
    },
    {
        "key": "fiendship:0",
        "original": "Fiendship",
        "translation": "",
        "stage": 0,
        "context": null
    },
    {
        "key": "established_embassy:0",
        "original": "Established Embassy",
        "translation": "",
        "stage": 0,
        "context": null
    },
    {
        "key": "turned_down_marriage:0",
        "original": "Turned down a marriage offer",
        "translation": "",
        "stage": 0,
        "context": null
    },
    {
        "key": "leaders_married:0",
        "original": "State Marriage",
        "translation": "",
        "stage": 0,
        "context": null
    },
    {
        "key": "crimes_against_harmony:0",
        "original": "Crimes against Harmony",
        "translation": "",
        "stage": 0,
        "context": null
    },
    {
        "key": "PLB_bears:0",
        "original": "Polar Bear Temper",
        "translation": "",
        "stage": 0,
        "context": null
    },
    {
        "key": "CHN_GRI_Friendship:0",
        "original": "Changeling-Griffonian friendship",
        "translation": "",
        "stage": 0,
        "context": null
    },
    {
        "key": "not_has_poverty:0",
        "original": "Does not have §YPoverty§W\\n",
        "translation": "",
        "stage": 0,
        "context": null
    },
    {
        "key": "is_griffon_empire_country_tt:0",
        "original": "Original country is §Yany Hertzland nation§!.",
        "translation": "",
        "stage": 0,
        "context": null
    },
    {
        "key": "is_core_of_griffon_empire_country_tt:0",
        "original": "Is a core of §Yany Hertzland nation§!.",
        "translation": "",
        "stage": 0,
        "context": null
    },
    {
        "key": "any_controlled_state_is_coastal_tt:0",
        "original": "Any controlled state:\\n   Is coastal.",
        "translation": "통제하고 있는 어떤 주:\\n   해안임",
        "stage": 1,
        "context": null
    },
    {
        "key": "RIV_hates_the_empire:0",
        "original": "Hates the Griffonian Empire",
        "translation": "그리포니아 제국을 싫어함",
        "stage": 1,
        "context": null
    },
    {
        "key": "RIV_annexed_the_north_tt:0",
        "original": "§Y[event_target:RivFed.GetName]§! established control over the North.\\n",
        "translation": "",
        "stage": 0,
        "context": null
    },
    {
        "key": "river_federation_founded:0",
        "original": "§YThe River Federation§! founded",
        "translation": "§Y리버 연방§!이 설립됨",
        "stage": 1,
        "context": null
    },
    {
        "key": "NTR_helped_in_the_development:0",
        "original": "Helped in development",
        "translation": "",
        "stage": 0,
        "context": null
    },
    {
        "key": "NTR_isolationism_policy:0",
        "original": "Isolationism policy",
        "translation": "",
        "stage": 0,
        "context": null
    },
    {
        "key": "NTR_enemy_of_griffonkind:0",
        "original": "Enemy of Griffonkind",
        "translation": "",
        "stage": 0,
        "context": null
    },
    {
        "key": "increase_science_base_tt:0",
        "original": "§GWill increase our science base.§!\\n",
        "translation": "§G우리의 과학적 기반을 증진시킬 것입니다.§!\\n",
        "stage": 1,
        "context": null
    },
    {
        "key": "increase_society_development_tt:0",
        "original": "§GWill increase our society development level.§!\\n",
        "translation": "§G우리의 사회적 개발도 단계를 증가시킬 것입니다.§!\\n",
        "stage": 1,
        "context": null
    },
    {
        "key": "accepted_gift_opinion:0",
        "original": "Accepted Gift",
        "translation": "선물의 수용",
        "stage": 1,
        "context": null
    },
    {
        "key": "stole_gift_opinion:0",
        "original": "Stolen Gift",
        "translation": "도둑맞은 선물",
        "stage": 1,
        "context": null
    },
    {
        "key": "sent_gifts:0",
        "original": "Sent Us Gifts",
        "translation": "우리에게 선물을 보내줌",
        "stage": 1,
        "context": null
    },
    {
        "key": "industrial_investments:0",
        "original": "Industrial Investments",
        "translation": "산업 투자",
        "stage": 1,
        "context": null
    },
    {
        "key": "BRZ_mountain_crisis_modifier:0",
        "original": "The Mountain Crisis",
        "translation": "마운틴 위기",
        "stage": 1,
        "context": null
    },
    {
        "key": "BRZ_spoticus_cause:0",
        "original": "The Spoticus Cause",
        "translation": "스포티쿠스",
        "stage": 1,
        "context": null
    },
    {
        "key": "BRZ_murdered_the_emperor:0",
        "original": "Murdered the Emperor",
        "translation": "황제를 살해함",
        "stage": 1,
        "context": null
    },
    {
        "key": "accepted_offer:0",
        "original": "Accepted an offer of collaboration",
        "translation": "협력 제안을 승인함",
        "stage": 1,
        "context": null
    },
    {
        "key": "refused_offer:0",
        "original": "Refused an offer of collaboration",
        "translation": "협력 제안을 거부함",
        "stage": 1,
        "context": null
    },
    {
        "key": "SIC_filthy_traitors:0",
        "original": "Filthy Traitors",
        "translation": "더러운 배신자들",
        "stage": 1,
        "context": null
    },
    {
        "key": "daybreaker_spawned:0",
        "original": "Daybreaker has appeared",
        "translation": "",
        "stage": 0,
        "context": null
    },
    {
        "key": "Pony_Human_friendship:0",
        "original": "Pony-Human Friendship",
        "translation": "",
        "stage": 0,
        "context": null
    },
    {
        "key": "enemies:0",
        "original": "Enemies",
        "translation": "",
        "stage": 0,
        "context": null
    },
    {
        "key": "controlls_all_cores_original_subject_tt:0",
        "original": "All starting core states are controlled by §Y[Root.GetName]§! or one of their subjects.\\n",
        "translation": "",
        "stage": 0,
        "context": null
    },
    {
        "key": "SIC_loyal_subjects:0",
        "original": "Loyal Subjects",
        "translation": "",
        "stage": 0,
        "context": null
    },
    {
        "key": "sheltered_velvet:0",
        "original": "Sheltered Velvet",
        "translation": "",
        "stage": 0,
        "context": null
    },
    {
        "key": "recruitment_in_process:0",
        "original": "Local Operative recruitment already in progress",
        "translation": "",
        "stage": 0,
        "context": null
    },
    {
        "key": "war_economy_only_flag:0",
        "original": "Locked to War Economy",
        "translation": "",
        "stage": 0,
        "context": null
    }
]