[
    {
        "key": "generic_griffon_focus:0",
        "original": "the Griffonian Generic Focus Tree",
        "translation": "",
        "stage": 0,
        "context": null
    },
    {
        "key": "griffon_political_effort:0",
        "original": "Open The Political Sphere",
        "translation": "",
        "stage": 0,
        "context": null
    },
    {
        "key": "griffon_political_effort_desc:0",
        "original": "The future of our nation is in our [Root.GetHands]. It is time to decide our destiny.",
        "translation": "",
        "stage": 0,
        "context": null
    },
    {
        "key": "griffon_dreams_of_a_republic:0",
        "original": "Dreams Of A Republic",
        "translation": "",
        "stage": 0,
        "context": null
    },
    {
        "key": "griffon_dreams_of_a_republic_desc:0",
        "original": "There are those within our nation who would see us transition to a republican government. It may be time to seriously consider these suggestions.",
        "translation": "",
        "stage": 0,
        "context": null
    },
    {
        "key": "griffon_gather_support:0",
        "original": "Gather Support",
        "translation": "",
        "stage": 0,
        "context": null
    },
    {
        "key": "griffon_gather_support_desc:0",
        "original": "Increasing support for a republic and drafting a constitution will allow us to complete all the necessary steps in order to form a republic.",
        "translation": "",
        "stage": 0,
        "context": null
    },
    {
        "key": "griffon_popular_revolution:0",
        "original": "Popular Revolution",
        "translation": "",
        "stage": 0,
        "context": null
    },
    {
        "key": "griffon_popular_revolution_desc:0",
        "original": "[Root.GetPopularRevolutionDesc]",
        "translation": "",
        "stage": -1,
        "context": null
    },
    {
        "key": "griffon_popular_revolution_desc_grif:0",
        "original": "Some argue that griffons are naturally greedy and selfish, but these concepts have no place in our nation. With the support of the people, we shall usher in a new age of prosperity and equality by following socialist teachings.",
        "translation": "",
        "stage": 0,
        "context": null
    },
    {
        "key": "griffon_popular_revolution_desc_other:0",
        "original": "With the support of the people, we shall usher in a new age of prosperity and equality by following socialist teachings.",
        "translation": "",
        "stage": 0,
        "context": null
    },
    {
        "key": "griffon_land_reform:0",
        "original": "Land Reform",
        "translation": "",
        "stage": 0,
        "context": null
    },
    {
        "key": "griffon_land_reform_desc:0",
        "original": "The land within our borders is currently held only by a few [Root.GetRaceMembers], with most farmers struggling under their oppressive rule. This cannot stand. We must establish collective farms, with every farmer working for the good of the entire nation, not just their coin purse.",
        "translation": "",
        "stage": 0,
        "context": null
    },
    {
        "key": "griffon_five_year_plan:0",
        "original": "Five Year Plan",
        "translation": "",
        "stage": 0,
        "context": null
    },
    {
        "key": "griffon_five_year_plan_desc:0",
        "original": "An important pillar of socialism is a planned economy. By drafting a five year plan for the growth of our economy, we can vastly improve our industrial capabilities in the long run.",
        "translation": "",
        "stage": 0,
        "context": null
    },
    {
        "key": "griffon_spread_the_revolution:0",
        "original": "Spread The Revolution",
        "translation": "",
        "stage": 0,
        "context": null
    },
    {
        "key": "griffon_spread_the_revolution_desc:0",
        "original": "We may have achieved a socialist utopia here, but many people must still suffer under the oppression of capitalism. By sending volunteers to nations at war with the imperialists, we can fight against oppression wherever it appears.",
        "translation": "",
        "stage": 0,
        "context": null
    },
    {
        "key": "griffon_fight_to_the_last:0",
        "original": "Fight To The Last",
        "translation": "",
        "stage": 0,
        "context": null
    },
    {
        "key": "griffon_fight_to_the_last_desc:0",
        "original": "Our national borders must be enforced no matter the cost. Any outside force attempting to undermine our sovereignty will face the full might of our army. And should our worst nightmares come to pass, we will make sure every [Root.GetRaceMember] is willing to die in the defence of their homeland.",
        "translation": "",
        "stage": 0,
        "context": null
    },
    {
        "key": "griffon_ideological_though:0",
        "original": "Ideological Thought",
        "translation": "",
        "stage": 0,
        "context": null
    },
    {
        "key": "griffon_ideological_though_desc:0",
        "original": "We must strengthen the ideological foundation of our country. The world must know what we stand for, and that we are willing to fight for our values.",
        "translation": "",
        "stage": 0,
        "context": null
    },
    {
        "key": "griffon_expansionist_focus:0",
        "original": "Expansionist Focus",
        "translation": "",
        "stage": 0,
        "context": null
    },
    {
        "key": "griffon_expansionist_focus_desc:0",
        "original": "All around us, foreign nations await the opportunity to subjugate us. We must not show weakness now, lest they carry out their nefarious plans. Our fate is our own, and should preemptive strikes be necessary to secure the future of our people, then so be it.",
        "translation": "",
        "stage": 0,
        "context": null
    },
    {
        "key": "griffon_our_own_way:0",
        "original": "Our Own Way",
        "translation": "",
        "stage": 0,
        "context": null
    },
    {
        "key": "griffon_our_own_way_desc:0",
        "original": "Whatever our plans for the future may be, we will make it clear that we are our own nation. Whatever we do will be for the good of our own people.",
        "translation": "",
        "stage": 0,
        "context": null
    },
    {
        "key": "griffon_neutrality_focus:0",
        "original": "Neutrality Focus",
        "translation": "",
        "stage": 0,
        "context": null
    },
    {
        "key": "griffon_neutrality_focus_desc:0",
        "original": "Let other nations fight each other until they can fight no more. We will never willingly get involved in any military conflict which does not affect our nation or people directly.",
        "translation": "",
        "stage": 0,
        "context": null
    },
    {
        "key": "griffon_strengthen_government:0",
        "original": "Strengthen The Government",
        "translation": "",
        "stage": 0,
        "context": null
    },
    {
        "key": "griffon_strengthen_government_desc:0",
        "original": "It is becoming more and more clear that a strong, centralised state is required for any modern nation. The days of feudal realms are numbered.",
        "translation": "",
        "stage": 0,
        "context": null
    },
    {
        "key": "griffon_fundations_of_a_modern_state:0",
        "original": "The Foundations Of A Modern State",
        "translation": "",
        "stage": 0,
        "context": null
    },
    {
        "key": "griffon_fundations_of_a_modern_state_desc:0",
        "original": "Our nation must be united under a large, centralised government. Every citizens allegiance will be to the state and the state alone.",
        "translation": "",
        "stage": 0,
        "context": null
    },
    {
        "key": "griffon_only_strong_will_survive:0",
        "original": "Survival Of The Strongest",
        "translation": "",
        "stage": 0,
        "context": null
    },
    {
        "key": "griffon_only_strong_will_survive_desc:0",
        "original": "The world is growing dangerous. Our nation will have to be strong to face the coming storm, because ultimately, only the strongest will survive. We will make sure that WE are the strongest. And when the dust settles, we will be mightier than ever before.",
        "translation": "",
        "stage": 0,
        "context": null
    },
    {
        "key": "griffon_nationalist_thought:0",
        "original": "Nationalist Thought",
        "translation": "",
        "stage": 0,
        "context": null
    },
    {
        "key": "griffon_nationalist_thought_desc:0",
        "original": "Our nation's needs must always come first. Foreign powers seek only to undermine our state and steal our progress for their own sinister purposes. Our nation will reign supreme, and if we must use force to accomplish this, then so be it. ",
        "translation": "",
        "stage": 0,
        "context": null
    },
    {
        "key": "griffon_gear_for_war:0",
        "original": "Gear For War",
        "translation": "",
        "stage": 0,
        "context": null
    },
    {
        "key": "griffon_gear_for_war_desc:0",
        "original": "It is becoming more and more obvious every day that war with our neighbours is inevitable. We will make sure that we are prepared for prolonged conflict when the time comes.",
        "translation": "",
        "stage": 0,
        "context": null
    },
    {
        "key": "griffon_militarization:0",
        "original": "Militarisation",
        "translation": "",
        "stage": 0,
        "context": null
    },
    {
        "key": "griffon_militarization_desc:0",
        "original": "Our people must be ready to take up arms and fight for the state at a moment's notice. We will require many capable soldiers for our future campaigns.",
        "translation": "",
        "stage": 0,
        "context": null
    },
    {
        "key": "griffon_rightful_rule:0",
        "original": "Rightful Rule",
        "translation": "",
        "stage": 0,
        "context": null
    },
    {
        "key": "griffon_rightful_rule_desc:0",
        "original": "There is only one [Root.GetRaceMember] who can rule our nation: the rightful monarch. Where others would seek radical change, we will protect that which made us great in the first place.",
        "translation": "",
        "stage": 0,
        "context": null
    },
    {
        "key": "griffon_noble_birthright:0",
        "original": "Noble Birthright",
        "translation": "",
        "stage": 0,
        "context": null
    },
    {
        "key": "griffon_noble_birthright_desc:0",
        "original": "Recently, some silly ideas concerning the notion of all [Root.GetRaceMembers] being equal have made the rounds in our country. We must do away with such foolishness immediately and reaffirm the ancient birthright of the nobility.",
        "translation": "",
        "stage": 0,
        "context": null
    },
    {
        "key": "griffon_harmony_and_liberty:0",
        "original": "Harmony And Liberty",
        "translation": "",
        "stage": 0,
        "context": null
    },
    {
        "key": "griffon_harmony_and_liberty_desc:0",
        "original": "The ponies of Equestria have shown us the way to harmony centuries ago, yet our citizens were always slow to adapt to new ideas. We must finally overcome this obstacle and embrace harmony and liberty for all of our citizens.",
        "translation": "",
        "stage": 0,
        "context": null
    },
    {
        "key": "griffon_carry_the_torch:0",
        "original": "Carry The Torch",
        "translation": "",
        "stage": 0,
        "context": null
    },
    {
        "key": "griffon_carry_the_torch_desc:0",
        "original": "Now that our population has finally been enlightened and embraced harmony, we will be able to conduct all kinds of research much more effectively.",
        "translation": "",
        "stage": 0,
        "context": null
    },
    {
        "key": "griffon_words_not_swords:0",
        "original": "Words, Not Swords",
        "translation": "",
        "stage": 0,
        "context": null
    },
    {
        "key": "griffon_words_not_swords_desc:0",
        "original": "We will make it known that upholding the peace is the highest priority in our international policy. By encouraging trade and diplomacy, we can become a bastion of stability in a steadily deteriorating world.",
        "translation": "",
        "stage": 0,
        "context": null
    },
    {
        "key": "griffon_common_good:0",
        "original": "The Common Good",
        "translation": "",
        "stage": 0,
        "context": null
    },
    {
        "key": "griffon_common_good_desc:0",
        "original": "Our hopes for a lasting peace are getting smaller by the day. We must prepare our industry and people for the possibility of an armed conflict. Every [Root.GetRaceMember] must lend their [Root.GetHands], either by fighting or by working in our factories and mines.",
        "translation": "",
        "stage": 0,
        "context": null
    },
    {
        "key": "griffon_stronger_together:0",
        "original": "Strength In Unity",
        "translation": "",
        "stage": 0,
        "context": null
    },
    {
        "key": "griffon_stronger_together_desc:0",
        "original": "Even if we face near-impossible odds, working together we can accomplish tremendous feats. Not only will we encourage cooperation and friendship within our borders, but we will also strengthen our diplomatic ties with like-minded nations across the world.",
        "translation": "",
        "stage": 0,
        "context": null
    },
    {
        "key": "griffon_the_old_ways:0",
        "original": "The Old Ways",
        "translation": "",
        "stage": 0,
        "context": null
    },
    {
        "key": "griffon_the_old_ways_desc:0",
        "original": "Monarchy has worked well for thousands of years, why should we change our government now? Radical changes can be very harmful and even dangerous to our society. We will make sure that every [Root.GetRaceMember] understands the importance of tradition and the old ways.",
        "translation": "",
        "stage": 0,
        "context": null
    },
    {
        "key": "griffon_defend_the_tradition:0",
        "original": "Deterrence",
        "translation": "",
        "stage": 0,
        "context": null
    },
    {
        "key": "griffon_defend_the_tradition_desc:0",
        "original": "Our culture and traditions are sacred. Our sovereignty must be secured in order for our national identity to survive. By fortifying our borders, we will make sure that any foreign power attempting to strike our homeland will pay a terrible price.",
        "translation": "",
        "stage": 0,
        "context": null
    },
    {
        "key": "griffon_home_guard:0",
        "original": "Home Guard",
        "translation": "",
        "stage": 0,
        "context": null
    },
    {
        "key": "griffon_home_guard_desc:0",
        "original": "By forming paramilitary units in which every [Root.GetRaceMember] must serve for a time, we can drastically increase the amount of trained soldiers at our disposal as well as improving our general defensive capabilities.",
        "translation": "",
        "stage": 0,
        "context": null
    },
    {
        "key": "griffon_leading_the_way:0",
        "original": "Leading The Way",
        "translation": "",
        "stage": 0,
        "context": null
    },
    {
        "key": "griffon_leading_the_way_desc:0",
        "original": "We must make sure that every soldier knows exactly what they are fighting for. Every [Root.GetRaceMember] serving in our armed forces must be willing to die for their country.",
        "translation": "",
        "stage": 0,
        "context": null
    },
    {
        "key": "griffon_industrial_effort:0",
        "original": "Industrial Effort",
        "translation": "",
        "stage": 0,
        "context": null
    },
    {
        "key": "griffon_industrial_effort_desc:0",
        "original": "In order to become a modern state, we must improve our industrial capabilities. Funding research in new technological fields would certainly help in this endeavour.",
        "translation": "",
        "stage": 0,
        "context": null
    },
    {
        "key": "griffon_cottage_industry:0",
        "original": "Cottage Industry",
        "translation": "",
        "stage": 0,
        "context": null
    },
    {
        "key": "griffon_cottage_industry_desc:0",
        "original": "By encouraging our population to take up smaller crafts in addition to their full-time occupation, we should be able to improve our light industry.",
        "translation": "",
        "stage": 0,
        "context": null
    },
    {
        "key": "griffon_roads:0",
        "original": "Roads and Railways",
        "translation": "",
        "stage": 0,
        "context": null
    },
    {
        "key": "griffon_roads_desc:0",
        "original": "We must improve our general infrastructure in order to achieve greater economic growth. To this end, we will construct railways connecting our entire nation, as well as improving our road network.",
        "translation": "",
        "stage": 0,
        "context": null
    },
    {
        "key": "griffon_boost_economy:0",
        "original": "Economic Stimulus",
        "translation": "",
        "stage": 0,
        "context": null
    },
    {
        "key": "griffon_boost_economy_desc:0",
        "original": "By subsidising important parts of our economy and funding industrial research, we can devise a program which will stimulate and vitalise our economy and industry.",
        "translation": "",
        "stage": 0,
        "context": null
    },
    {
        "key": "griffon_industrial_revolution:0",
        "original": "Industrial Revolution",
        "translation": "",
        "stage": 0,
        "context": null
    },
    {
        "key": "griffon_industrial_revolution_desc:0",
        "original": "Most other nations of the world have long embraced the Industrial Revolution and all the benefits that come with it. By building large manufacturies using the latest machinery, we can significantly improve our heavy industry.",
        "translation": "",
        "stage": 0,
        "context": null
    },
    {
        "key": "griffon_education_reform:0",
        "original": "Education Reform",
        "translation": "",
        "stage": 0,
        "context": null
    },
    {
        "key": "griffon_education_reform_desc:0",
        "original": "It is well known that we are lacking in the scientific sector. A universal education reform will help us improve our scientific capabilities in the future.",
        "translation": "",
        "stage": 0,
        "context": null
    },
    {
        "key": "griffon_railway:0",
        "original": "Improved Railways",
        "translation": "",
        "stage": 0,
        "context": null
    },
    {
        "key": "griffon_railway_desc:0",
        "original": "By further increasing the size of our national railway network as well as standardising all train cars and engines used we can significantly improve the infrastructure of our nation.",
        "translation": "",
        "stage": 0,
        "context": null
    },
    {
        "key": "griffon_economic_boom:0",
        "original": "Economic Boom",
        "translation": "",
        "stage": 0,
        "context": null
    },
    {
        "key": "griffon_economic_boom_desc:0",
        "original": "Our efforts to stimulate our economy have been very successful thus far. It is important that we build on our success and keep up our industrial development, lest our efforts be for nothing.",
        "translation": "",
        "stage": 0,
        "context": null
    },
    {
        "key": "griffon_science_effort:0",
        "original": "Scientific Effort",
        "translation": "",
        "stage": 0,
        "context": null
    },
    {
        "key": "griffon_science_effort_desc:0",
        "original": "Building on the success of our education reform, we should now fund higher education programs to further increase our scientific capabilities.",
        "translation": "",
        "stage": 0,
        "context": null
    },
    {
        "key": "griffon_science_effort_ii:0",
        "original": "Scientific Effort II",
        "translation": "",
        "stage": 0,
        "context": null
    },
    {
        "key": "griffon_science_effort_ii_desc:0",
        "original": "By inviting foreign scientists to teach and work at our universities, we should be able train a new generation of skilled scientists, allowing us to do more research than ever before.",
        "translation": "",
        "stage": 0,
        "context": null
    },
    {
        "key": "griffon_universities:0",
        "original": "New Universities",
        "translation": "",
        "stage": 0,
        "context": null
    },
    {
        "key": "griffon_universities_desc:0",
        "original": "Merely improving our existing universities is not enough. We must construct more universities using state-of-the-art architecture and construction techniques. We can expect many breakthroughs to happen in these grand halls of learning.",
        "translation": "",
        "stage": 0,
        "context": null
    },
    {
        "key": "griffon_scientific_breakthrough:0",
        "original": "Scientific Breakthrough",
        "translation": "",
        "stage": 0,
        "context": null
    },
    {
        "key": "griffon_scientific_breakthrough_desc:0",
        "original": "Owing to our recent industrial and educational reforms, we are now in a position to become one of the most advanced nations in the world. Now, we can reap our reward and take full advantage of our industrial and scientific prowess.",
        "translation": "",
        "stage": 0,
        "context": null
    },
    {
        "key": "griffon_industrial_effort_ii:0",
        "original": "Industrial Effort II",
        "translation": "",
        "stage": 0,
        "context": null
    },
    {
        "key": "griffon_industrial_effort_ii_desc:0",
        "original": "Our recent scientific and industrial advances should allow us to improve our industrial capabilities even further by applying new technologies and practices.",
        "translation": "",
        "stage": 0,
        "context": null
    },
    {
        "key": "griffon_new_factories:0",
        "original": "New Factories",
        "translation": "",
        "stage": 0,
        "context": null
    },
    {
        "key": "griffon_new_factories_desc:0",
        "original": "We should construct a number of new factories from the ground up, using state-of-the-art machinery and construction techniques.",
        "translation": "",
        "stage": 0,
        "context": null
    },
    {
        "key": "griffon_modernise_society:0",
        "original": "Modernise Society",
        "translation": "",
        "stage": 0,
        "context": null
    },
    {
        "key": "griffon_modernise_society_desc:0",
        "original": "Our industrial power has increased immeasurably in the past few years alone. Along with it, our society has changed as well, becoming comparable to the great nations of the world. It is time for us to fully reap the benefits of our new, modern society and industry.",
        "translation": "",
        "stage": 0,
        "context": null
    },
    {
        "key": "griffon_arms_effort:0",
        "original": "Armaments Effort",
        "translation": "",
        "stage": 0,
        "context": null
    },
    {
        "key": "griffon_arms_effort_desc:0",
        "original": "The world is growing dangerous, and whether or not we will be drawn into a military conflict, we must be prepared. Funding our heavy industry will allow us to equip our soldiers with everything they need.",
        "translation": "",
        "stage": 0,
        "context": null
    },
    {
        "key": "griffon_arms_effort_ii:0",
        "original": "Armaments Effort II",
        "translation": "",
        "stage": 0,
        "context": null
    },
    {
        "key": "griffon_arms_effort_ii_desc:0",
        "original": "Now that we have embraced the industrial revolution, we should be able to improve our military production as well as our civilian industry.",
        "translation": "",
        "stage": 0,
        "context": null
    },
    {
        "key": "griffon_arms_effort_iii:0",
        "original": "Armaments Effort III",
        "translation": "",
        "stage": 0,
        "context": null
    },
    {
        "key": "griffon_arms_effort_iii_desc:0",
        "original": "Our light industry has improved significantly, but our heavy industry is still lacking in some departments. Further developing our military industry will allow us to maintain a larger military.",
        "translation": "",
        "stage": 0,
        "context": null
    },
    {
        "key": "griffon_expand_army:0",
        "original": "Army Expansion",
        "translation": "",
        "stage": 0,
        "context": null
    },
    {
        "key": "griffon_expand_army_desc:0",
        "original": "Military conflict seems more likely by the day. In order to prepare us for this possibility, we should expand and improve our army.",
        "translation": "",
        "stage": 0,
        "context": null
    },
    {
        "key": "griffon_improved_weapons:0",
        "original": "Improved Weapons",
        "translation": "",
        "stage": 0,
        "context": null
    },
    {
        "key": "griffon_improved_weapons_desc:0",
        "original": "Most of the infantry equipment in use by our army is woefully outdated. If we wish to field a modern and effective army, we must develop new weapon systems as soon as possible.",
        "translation": "",
        "stage": 0,
        "context": null
    },
    {
        "key": "griffon_artillery_effort:0",
        "original": "Artillery Effort",
        "translation": "",
        "stage": 0,
        "context": null
    },
    {
        "key": "griffon_artillery_effort_desc:0",
        "original": "Artillery is very effective at supporting our infantry. Developing new artillery guns would go a long way to improving our army's capabilities.",
        "translation": "",
        "stage": 0,
        "context": null
    },
    {
        "key": "griffon_special_forces:0",
        "original": "Special Forces",
        "translation": "",
        "stage": 0,
        "context": null
    },
    {
        "key": "griffon_special_forces_desc:0",
        "original": "Special Forces are able to carry out missions that are too dangerous or complicated for our regular troops. When used correctly, they are able to turn the tide of a war.",
        "translation": "",
        "stage": 0,
        "context": null
    },
    {
        "key": "griffon_doctrine_advancement:0",
        "original": "Doctrinal Advancement",
        "translation": "",
        "stage": 0,
        "context": null
    },
    {
        "key": "griffon_doctrine_advancement_desc:0",
        "original": "We have equipped our army with the best armaments available to us, turning it into an effective force. There is still room for improvement, however, especially in our military doctrine. By studying modern combat and conducting training exercises, we should be able to improve the tactical and strategical competence of our officers.",
        "translation": "",
        "stage": 0,
        "context": null
    },
    {
        "key": "griffon_support:0",
        "original": "Support Companies",
        "translation": "",
        "stage": 0,
        "context": null
    },
    {
        "key": "griffon_support_desc:0",
        "original": "Support companies such as engineers or recon units are able to assist our main force in many ways. Integrating support companies into our divisions will surely improve the effectiveness of our army.",
        "translation": "",
        "stage": 0,
        "context": null
    },
    {
        "key": "griffon_traditonal_warfair:0",
        "original": "Traditional Warfare",
        "translation": "",
        "stage": 0,
        "context": null
    },
    {
        "key": "griffon_traditonal_warfair_desc:0",
        "original": "[Root.GetTraditionalWarfareDesc]",
        "translation": "",
        "stage": -1,
        "context": null
    },
    {
        "key": "griffon_traditonal_warfair_desc_grif:0",
        "original": "Our knights have stood strong for generations, and are still more than capable of defending our nation against any foreign power. We will focus on improving our knights' tactics and equipment instead of radically changing the core of our army.",
        "translation": "",
        "stage": 0,
        "context": null
    },
    {
        "key": "griffon_traditonal_warfair_desc_pony:0",
        "original": "Our pegasi soldiers have stood strong for generations, and are still more than capable of defending our nation against any foreign power. We will focus on improving our pegasi's tactics and equipment instead of radically changing the core of our army.",
        "translation": "",
        "stage": 0,
        "context": null
    },
    {
        "key": "griffon_traditonal_warfair_desc_other:0",
        "original": "In those changing times we need to focus on what protected us for all previous generations. Only by staying true to tradition we can prevail.",
        "translation": "",
        "stage": 0,
        "context": null
    },
    {
        "key": "griffon_modern_warfair:0",
        "original": "Modern Warfare",
        "translation": "",
        "stage": 0,
        "context": null
    },
    {
        "key": "griffon_modern_warfair_desc:0",
        "original": "The world has changed a lot in the past few years, and so has the nature of conflict. Mobility is becoming more important than ever, and so it would be madness to keep relying on traditional warfare tactics and equipment.",
        "translation": "",
        "stage": 0,
        "context": null
    },
    {
        "key": "griffon_local_tank_production:0",
        "original": "Local Tank Production",
        "translation": "",
        "stage": 0,
        "context": null
    },
    {
        "key": "griffon_local_tank_production_desc:0",
        "original": "In order to fully modernise our army, we need to integrate armoured forces into our military. Our local industry and scientists are more than capable of developing and producing our own tank models.",
        "translation": "",
        "stage": 0,
        "context": null
    },
    {
        "key": "griffon_tank_licenses:0",
        "original": "Foreign Tank Licenses",
        "translation": "",
        "stage": 0,
        "context": null
    },
    {
        "key": "griffon_tank_licenses_desc:0",
        "original": "Due to our small scientific base, foreign tank designs are far superior to anything we can come up with. Instead of wasting time trying to design our own vehicles, we should fund a production license program and request licenses from allies or other sympathetic regimes.",
        "translation": "",
        "stage": 0,
        "context": null
    },
    {
        "key": "griffon_aviation_effort:0",
        "original": "Aviation Effort",
        "translation": "",
        "stage": 0,
        "context": null
    },
    {
        "key": "griffon_aviation_effort_desc:0",
        "original": "[Root.GetAviationEffortDesc]",
        "translation": "",
        "stage": -1,
        "context": null
    },
    {
        "key": "griffon_aviation_effort_desc_grif:0",
        "original": "Every healthy griffon is capable of flight. In recent times, however, many advances have been made in mechanical aviation. Using modern aircraft, we can fly faster than ever before. The creation of a designated flying corps using only aircraft is in order.",
        "translation": "",
        "stage": 0,
        "context": null
    },
    {
        "key": "griffon_aviation_effort_desc_other:0",
        "original": "Recently, many advances have been made in mechanical aviation. Using modern aircraft, we can fly faster than ever before. The creation of a designated flying corps using only aircraft is in order.",
        "translation": "",
        "stage": 0,
        "context": null
    },
    {
        "key": "griffon_fighter_focus:0",
        "original": "Fighter Focus",
        "translation": "",
        "stage": 0,
        "context": null
    },
    {
        "key": "griffon_fighter_focus_desc:0",
        "original": "Fighters are able to defend our skies from any foreign incursions, and are also capable of assisting bombers with strikes into enemy air space.",
        "translation": "",
        "stage": 0,
        "context": null
    },
    {
        "key": "griffon_fighter_focus_2:0",
        "original": "Advanced Fighter Focus",
        "translation": "",
        "stage": 0,
        "context": null
    },
    {
        "key": "griffon_fighter_focus_2_desc:0",
        "original": "Many advances have been made in fighter development, and many are likely still to come. With increased funding to our scientists, we should be able to speed up the development of new models significantly.",
        "translation": "",
        "stage": 0,
        "context": null
    },
    {
        "key": "griffon_bomber_focus:0",
        "original": "Bomber Focus",
        "translation": "",
        "stage": 0,
        "context": null
    },
    {
        "key": "griffon_bomber_focus_desc:0",
        "original": "Bombers are able to strike deep into enemy airspace, reducing their infrastructure and industry to rubble. Using bombers, we can send our enemies back to the stone age.",
        "translation": "",
        "stage": 0,
        "context": null
    },
    {
        "key": "griffon_bomber_focus_2:0",
        "original": "Advanced Bomber Focus",
        "translation": "",
        "stage": 0,
        "context": null
    },
    {
        "key": "griffon_bomber_focus_2_desc:0",
        "original": "Previous bomber models have proven to be very effective. There are still many improvements to be made, however, and with increased funding, we should be able to develop bombers superior to anything we currently possess.",
        "translation": "",
        "stage": 0,
        "context": null
    },
    {
        "key": "griffon_aviation_effort_2:0",
        "original": "A Modern Air Force",
        "translation": "",
        "stage": 0,
        "context": null
    },
    {
        "key": "griffon_aviation_effort_2_desc:0",
        "original": "We now have access to highly advanced aircraft, but there is still room for improvement. Expanding our airfields and conducting training exercises will allow us to transform our flying corps into a truly modern air force.",
        "translation": "",
        "stage": 0,
        "context": null
    },
    {
        "key": "griffon_purchase_foreign:0",
        "original": "Foreign Aircraft Licenses",
        "translation": "",
        "stage": 0,
        "context": null
    },
    {
        "key": "griffon_purchase_foreign_desc:0",
        "original": "Sadly, we lack the scientific base to develop our own aircraft. We should instead seek production licenses from foreign powers. This should allow us to focus our research on other fields.",
        "translation": "",
        "stage": 0,
        "context": null
    },
    {
        "key": "griffon_fighter_competition:0",
        "original": "Foreign Fighter Competition",
        "translation": "",
        "stage": 0,
        "context": null
    },
    {
        "key": "griffon_fighter_competition_desc:0",
        "original": "We have a choice between many different fighter models from foreign nations. Holding a fighter competition should help us to determine which is the most suited to our needs.",
        "translation": "",
        "stage": 0,
        "context": null
    },
    {
        "key": "griffon_bomber_competition:0",
        "original": "Foreign Bomber Competition",
        "translation": "",
        "stage": 0,
        "context": null
    },
    {
        "key": "griffon_bomber_competition_desc:0",
        "original": "We have a choice between many different bomber models from foreign nations. Holding a bomber competition should help us to determine which is the most suited to our needs.",
        "translation": "",
        "stage": 0,
        "context": null
    },
    {
        "key": "griffon_naval_effort:0",
        "original": "Naval Effort",
        "translation": "",
        "stage": 0,
        "context": null
    },
    {
        "key": "griffon_naval_effort_desc:0",
        "original": "The expansion of our navy should be our first priority. Assign all available resources to new dockyards and research into light surface ships.",
        "translation": "",
        "stage": 0,
        "context": null
    },
    {
        "key": "griffon_flexible_navy:0",
        "original": "Flexible Navy",
        "translation": "",
        "stage": 0,
        "context": null
    },
    {
        "key": "griffon_flexible_navy_desc:0",
        "original": "Reinventing naval warfare to account for the advances in submarine technology will allow us to strike efficiently against enemy convoys.",
        "translation": "",
        "stage": 0,
        "context": null
    },
    {
        "key": "griffon_large_navy:0",
        "original": "Large Navy",
        "translation": "",
        "stage": 0,
        "context": null
    },
    {
        "key": "griffon_large_navy_desc:0",
        "original": "Adapting our naval doctrines to accommodate large ships and ensuring the safety of our trade convoys will teach us much about what sort of ships we need.",
        "translation": "",
        "stage": 0,
        "context": null
    },
    {
        "key": "griffon_cruiser_effort:0",
        "original": "Cruiser Effort",
        "translation": "",
        "stage": 0,
        "context": null
    },
    {
        "key": "griffon_cruiser_effort_desc:0",
        "original": "Before making forays into advanced battleship research, the smaller cruisers are in need of replacement.",
        "translation": "",
        "stage": 0,
        "context": null
    },
    {
        "key": "griffon_submarine_effort:0",
        "original": "Submarine Effort",
        "translation": "",
        "stage": 0,
        "context": null
    },
    {
        "key": "griffon_submarine_effort_desc:0",
        "original": "Submarine warfare is the most exciting naval development in recent years. We would do well to not just protect against submarines, but also use them against enemy shipping.",
        "translation": "",
        "stage": 0,
        "context": null
    },
    {
        "key": "griffon_capital_ships_effort:0",
        "original": "Capital Ship Effort",
        "translation": "",
        "stage": 0,
        "context": null
    },
    {
        "key": "griffon_capital_ships_effort_desc:0",
        "original": "The nation with the most battleships will rule the oceans. Battleships and carriers represent the old and the new in naval superiority.",
        "translation": "",
        "stage": 0,
        "context": null
    },
    {
        "key": "griffon_destroyer_effort:0",
        "original": "Destroyer Effort",
        "translation": "",
        "stage": 0,
        "context": null
    },
    {
        "key": "griffon_destroyer_effort_desc:0",
        "original": "Studying the design and strategic use of submarines, we have also learned how to counter those strategies. Destroyers will be crucial for this.",
        "translation": "",
        "stage": 0,
        "context": null
    },
    {
        "key": "griffonian.3.t:0",
        "original": "The Fight for Survival",
        "translation": "",
        "stage": 0,
        "context": null
    },
    {
        "key": "griffonian.3.d_change:0",
        "original": "Warfare has always been the Griffonian way. Before the Idol of Boreas, there was war. After the artefact disappeared, there was war again. If our nation and our unique people are to survive, the nation must militarise. [Root.GetLeader] has realised this and has given excessive powers to the supremacists to transform the country. Even though both traditionalists and harmonists have protested, we are convinced that this will be our best bet to survive these troubling times.",
        "translation": "",
        "stage": 0,
        "context": null
    },
    {
        "key": "griffonian.3.d:0",
        "original": "Our government has long since realised the dangers of our continent. Hungry powers loom over our borders and even worse, communists lurk within them. To protect our monarch and the nation, we have once again reaffirmed our supremacist thought. Only by strengthening the state and the military, will we carve out a future for [Root.GetName].",
        "translation": "",
        "stage": 0,
        "context": null
    },
    {
        "key": "griffonian.3.a:0",
        "original": "We will survive, no matter the cost.",
        "translation": "",
        "stage": 0,
        "context": null
    },
    {
        "key": "griffonian.3.b:0",
        "original": "We have chosen the right path.",
        "translation": "",
        "stage": 0,
        "context": null
    },
    {
        "key": "griffonian.4.t:0",
        "original": "The Principles of Harmony",
        "translation": "",
        "stage": 0,
        "context": null
    },
    {
        "key": "griffonian.4.d_change:0",
        "original": "Equestrian Harmony has been the driving force on Equus for centuries and has led to peace and prosperity for all ponykind. Griffons, however, have mostly rejected these claims, choosing to fight instead. This has been a disaster for the common people and for our cultural and technological progress. Our monarch, in their infinite wisdom, has decided to take a step back and let harmonic reformers craft a modern constitution. We will be a beacon of light amidst the warring states that surround us.",
        "translation": "",
        "stage": 0,
        "context": null
    },
    {
        "key": "griffonian.4.d:0",
        "original": "Our nation was one of the first in Griffonia to truly embrace the principles of Harmony. As such it is no surprise that our monarch has decided to reaffirm the ideals and values we hold in high esteem. Delivering an address to the griffons about the value of liberty and cooperation, [Root.GetLeader] has expressed their hopes that our country will be an example for our neighbours that griffons can indeed follow harmony.",
        "translation": "",
        "stage": 0,
        "context": null
    },
    {
        "key": "griffonian.4.a:0",
        "original": "The future is ours now.",
        "translation": "",
        "stage": 0,
        "context": null
    },
    {
        "key": "griffonian.4.b:0",
        "original": "Harmony forever!",
        "translation": "",
        "stage": 0,
        "context": null
    },
    {
        "key": "griffonian.5.t:0",
        "original": "A Noble Tradition",
        "translation": "",
        "stage": 0,
        "context": null
    },
    {
        "key": "griffonian.5.d_change:0",
        "original": "Many radicals try to control the nations of Griffonia. They either try to give too many rights to the commoners, weakening the nation beyond repair, or cling to the totalitarian ways of communism or supremacy. These are not the ways of our ancestors. A true griffon knows the values of heritage and tradition. Of the family name and of honour. [Root.GetLeader] has vowed to return to these principles, so that our nation may become what it once was. ",
        "translation": "",
        "stage": 0,
        "context": null
    },
    {
        "key": "griffonian.5.d:0",
        "original": "We have seen how harmonists, communists and supremacists all try to lead the common griffon astray. Their false promises only serve themselves in the end. We have stayed true to the old ways. To the guiding claw of nobility and true griffon tradition. We have put our trust in [Root.GetLeader] as our sovereign. Come what may, they will lead us through these turbulent times.",
        "translation": "",
        "stage": 0,
        "context": null
    },
    {
        "key": "griffonian.5.a:0",
        "original": "Now we know who swings the sceptre.",
        "translation": "",
        "stage": 0,
        "context": null
    },
    {
        "key": "griffonian.5.b:0",
        "original": "We will stay true to the Old Ways!",
        "translation": "",
        "stage": 0,
        "context": null
    },
    {
        "key": "griffonian.10.t:0",
        "original": "[From.GetNameDef] Proposes Alliance",
        "translation": "",
        "stage": 0,
        "context": null
    },
    {
        "key": "griffonian.10.d:0",
        "original": "An envoy has arrived from the now-independent nation of the [From.GetName]. They are proposing a defensive alliance against the resurgent Empire and its illegitimate regent, [GRI.GetLeader]. Divided and alone, the Empire can destroy us one by one, but united we may stand a chance against the might of the Reichsarmee. We would guarantee each other's newly gained independence until the threat of the Empire has been dealt with.",
        "translation": "",
        "stage": 0,
        "context": null
    },
    {
        "key": "griffonian.10.a:0",
        "original": "The envoy is right. We accept.",
        "translation": "",
        "stage": 0,
        "context": null
    },
    {
        "key": "griffonian.10.b:0",
        "original": "We cannot trust them.",
        "translation": "",
        "stage": 0,
        "context": null
    },
    {
        "key": "griffonian.11.t:0",
        "original": "[From.GetNameDef] Accepts Alliance",
        "translation": "",
        "stage": 0,
        "context": null
    },
    {
        "key": "griffonian.11.d:0",
        "original": "Our envoy has returned from [From.Capital.GetName] with a smile on her face, for the [From.GetName] has accepted our proposal for a defensive alliance and have formally guaranteed our independence, promising to come to our aid if we are attacked. We shall do the same for them in return, so we may face the might of the Empire together.",
        "translation": "",
        "stage": 0,
        "context": null
    },
    {
        "key": "griffonian.11.a:0",
        "original": "United we stand!",
        "translation": "",
        "stage": 0,
        "context": null
    },
    {
        "key": "griffonian.12.t:0",
        "original": "[From.GetNameDef] Rejects Alliance",
        "translation": "",
        "stage": 0,
        "context": null
    },
    {
        "key": "griffonian.12.d:0",
        "original": "Our envoy has returned from [From.Capital.GetName] with a frown on her face, for the [From.GetName] has refused our proposal for a defensive alliance and have not agreed to formally guarantee our independence, leaving us to face the threat of the Empire on our own. We will therefore not come to their aid either. It remains to be seen if this stubborn foolishness will bring doom for both of us.",
        "translation": "",
        "stage": 0,
        "context": null
    },
    {
        "key": "griffonian.12.a:0",
        "original": "Unfortunate.",
        "translation": "",
        "stage": 0,
        "context": null
    },
    {
        "key": "griffonian.150.t:0",
        "original": "Fighter Competition",
        "translation": "",
        "stage": 0,
        "context": null
    },
    {
        "key": "griffonian.150.desc:0",
        "original": "A recent study of modern air combat has shown a critical weakness in our air force. Our fighters are severely behind developments in other countries. The Air Ministry has initiated a crash program to acquire a modern fighter as soon as feasible. Since domestic development would take an unacceptable amount of time, it has been decided to purchase a license from abroad. An additional budget has been authorised.\\n\\nExperts differ on what type of plane would be best suited to modernise our fighter wings.",
        "translation": "",
        "stage": 0,
        "context": null
    },
    {
        "key": "griffonian.150.a:0",
        "original": "A small, light interceptor.",
        "translation": "",
        "stage": 0,
        "context": null
    },
    {
        "key": "griffonian.150.b:0",
        "original": "A large, heavy fighter.",
        "translation": "",
        "stage": 0,
        "context": null
    },
    {
        "key": "griffonian.151.t:0",
        "original": "Light Fighter Competition",
        "translation": "",
        "stage": 0,
        "context": null
    },
    {
        "key": "griffonian.151.desc_light_fighter:0",
        "original": "The Air Ministry is looking to procure a new light fighter for offensive fighter sweeps and point defence, but the Foreign Office has suggested that political and diplomatic concerns should also play a role in deciding which country to buy from.",
        "translation": "",
        "stage": 0,
        "context": null
    },
    {
        "key": "griffonian.151.desc_light_fighter_refused:0",
        "original": "Citing national security, the [From.GetAdjective] government has refused to release a production license. We may have better chances elsewhere, or we can look at upgrading our existing planes as an emergency stopgap.",
        "translation": "",
        "stage": 0,
        "context": null
    },
    {
        "key": "griffonian.151.a:0",
        "original": "Approach the Empire.",
        "translation": "",
        "stage": 0,
        "context": null
    },
    {
        "key": "griffonian.151.b:0",
        "original": "Approach [WNG.GetName].",
        "translation": "",
        "stage": 0,
        "context": null
    },
    {
        "key": "griffonian.151.c:0",
        "original": "Approach [JER.GetName].",
        "translation": "",
        "stage": 0,
        "context": null
    },
    {
        "key": "griffonian.151.g:0",
        "original": "Approach [LCT.GetName].",
        "translation": "",
        "stage": 0,
        "context": null
    },
    {
        "key": "griffonian.151.e:0",
        "original": "Approach [EQS.GetName].",
        "translation": "",
        "stage": 0,
        "context": null
    },
    {
        "key": "griffonian.151.f:0",
        "original": "Use experience gained from the competition to improve our own planes.",
        "translation": "",
        "stage": 0,
        "context": null
    },
    {
        "key": "griffonian.152.t:0",
        "original": "Heavy Fighter Competition",
        "translation": "",
        "stage": 0,
        "context": null
    },
    {
        "key": "griffonian.152.desc_heavy_fighter:0",
        "original": "The Air Ministry is looking to procure a new heavy fighter for long range interception and bomber escort, but the Foreign Office has suggested that political and diplomatic concerns should also play a role in deciding which country to buy from.",
        "translation": "",
        "stage": 0,
        "context": null
    },
    {
        "key": "griffonian.152.desc_heavy_fighter_refused:0",
        "original": "Citing national security, the [From.GetAdjective] government has refused to release a production license. We may have better chances elsewhere, or we can look at upgrading our existing planes as an emergency stopgap.",
        "translation": "",
        "stage": 0,
        "context": null
    },
    {
        "key": "griffonian.153.t:0",
        "original": "[From.GetAdjective] Fighter Competition",
        "translation": "",
        "stage": 0,
        "context": null
    },
    {
        "key": "griffonian.153.desc:0",
        "original": "The [From.GetAdjective] Air Force is currently holding trials for a new light fighter. According to our Air Attache, our newest model is poised to win. A formal request from the [From.GetAdjective] government is expected shortly. \\n\\nRepresentatives of the manufacturer are strongly in favour of the sale, but there are national security concerns about selling our most modern equipment to a foreign country. Should we permit the sale to go through?",
        "translation": "",
        "stage": 0,
        "context": null
    },
    {
        "key": "griffonian.153.a:0",
        "original": "Absolutely.",
        "translation": "",
        "stage": 0,
        "context": null
    },
    {
        "key": "griffonian.153.b:0",
        "original": "We can't risk any leaks.",
        "translation": "",
        "stage": 0,
        "context": null
    },
    {
        "key": "griffonian.154.desc:0",
        "original": "The [From.GetAdjective] Air Force is currently holding trials for a new heavy fighter. According to our Air Attache, our newest model is poised to win. A formal request from the [From.GetAdjective] government is expected shortly. \\n\\nRepresentatives of the manufacturer are strongly in favour of the sale, but there are national security concerns about selling our most modern equipment to a foreign country. Should we permit the sale to go through?",
        "translation": "",
        "stage": 0,
        "context": null
    },
    {
        "key": "griffonian.155.t:0",
        "original": "Fighter Competition completed",
        "translation": "",
        "stage": 0,
        "context": null
    },
    {
        "key": "griffonian.155.desc:0",
        "original": "Following negotiations with the manufacturer and state officials, we have successfully secured a production license for a new fighter. An example of the plane has already arrived to train mechanics on its maintenance, and a full set of drawings and blueprints is expected shortly. Production can commence at any time.",
        "translation": "",
        "stage": 0,
        "context": null
    },
    {
        "key": "griffonian.155.a:0",
        "original": "Neat.",
        "translation": "",
        "stage": 0,
        "context": null
    },
    {
        "key": "griffonian.160.t:0",
        "original": "Bomber Competition",
        "translation": "",
        "stage": 0,
        "context": null
    },
    {
        "key": "griffonian.160.desc:0",
        "original": "A study by the Air Ministry has revealed that our air forces are ill-equipped to support the army. Long range air strikes and close air support have both been identified as key areas in which we are critically deficient. The government has made money available for a crash program to acquire a modern bomber, but we must make a decision on which plane we should procure.",
        "translation": "",
        "stage": 0,
        "context": null
    },
    {
        "key": "griffonian.160.a:0",
        "original": "A small bomber for close support.",
        "translation": "",
        "stage": 0,
        "context": null
    },
    {
        "key": "griffonian.160.b:0",
        "original": "A larger plane with more range.",
        "translation": "",
        "stage": 0,
        "context": null
    },
    {
        "key": "griffonian.161.t:0",
        "original": "Light Bomber Competition",
        "translation": "",
        "stage": 0,
        "context": null
    },
    {
        "key": "griffonian.161.desc_cas:0",
        "original": "The Air Ministry is looking to procure a new light bomber for close support of ground forces, but the Foreign Office has suggested that political and diplomatic concerns should also play a role in deciding which country to buy from.",
        "translation": "",
        "stage": 0,
        "context": null
    },
    {
        "key": "griffonian.161.desc_cas_refused:0",
        "original": "Citing national security, the [From.GetAdjective] government has refused to release a production license. We may have better chances elsewhere, or we can look at upgrading our existing planes as an emergency stopgap.",
        "translation": "",
        "stage": 0,
        "context": null
    },
    {
        "key": "griffonian.162.t:0",
        "original": "Medium Bomber Competition",
        "translation": "",
        "stage": 0,
        "context": null
    },
    {
        "key": "griffonian.162.desc_tac:0",
        "original": "The Air Ministry is looking to procure a new medium bomber for long range interdiction and tactical air strikes, but the Foreign Office has suggested that political and diplomatic concerns should also play a role in deciding which country to buy from.",
        "translation": "",
        "stage": 0,
        "context": null
    },
    {
        "key": "griffonian.162.desc_tac_refused:0",
        "original": "Citing national security, the [From.GetAdjective] government has refused to release a production license. We may have better chances elsewhere, or we can look at upgrading our existing planes as an emergency stopgap.",
        "translation": "",
        "stage": 0,
        "context": null
    },
    {
        "key": "griffonian.163.t:0",
        "original": "[From.GetAdjective] Bomber Competition",
        "translation": "",
        "stage": 0,
        "context": null
    },
    {
        "key": "griffonian.163.desc:0",
        "original": "The [From.GetAdjective] Air Force is currently holding trials for a new light bomber. According to our Air Attache, our newest model is poised to win. A formal request from the [From.GetAdjective] government is expected shortly. \\n\\nRepresentatives of the manufacturer are strongly in favour of the sale, but there are national security concerns about selling our most modern equipment to a foreign country. Should we permit the sale to go through?",
        "translation": "",
        "stage": 0,
        "context": null
    },
    {
        "key": "griffonian.164.t:0",
        "original": "[From.GetAdjective] Bomber Competition",
        "translation": "",
        "stage": 0,
        "context": null
    },
    {
        "key": "griffonian.164.desc:0",
        "original": "The [From.GetAdjective] Air Force is currently holding trials for a new medium bomber. According to our Air Attache, our newest model is poised to win. A formal request from the [From.GetAdjective] government is expected shortly. \\n\\nRepresentatives of the manufacturer are strongly in favour of the sale, but there are national security concerns about selling our most modern equipment to a foreign country. Should we permit the sale to go through?",
        "translation": "",
        "stage": 0,
        "context": null
    },
    {
        "key": "griffonian.165.t:0",
        "original": "Bomber Competition completed",
        "translation": "",
        "stage": 0,
        "context": null
    },
    {
        "key": "griffonian.165.desc:0",
        "original": "Following negotiations with the manufacturer and state officials, we have successfully secured a production license for a new bomber. An example of the plane has already arrived to train mechanics on its maintenance, and a full set of drawings and blueprints is expected shortly. Production can commence at any time.",
        "translation": "",
        "stage": 0,
        "context": null
    },
    {
        "key": "griffonian.165.a:0",
        "original": "Neat.",
        "translation": "",
        "stage": 0,
        "context": null
    },
    {
        "key": "griffon_republic_support_idea:0",
        "original": "Republican Sentiment",
        "translation": "",
        "stage": 0,
        "context": null
    },
    {
        "key": "griffon_republic_support_idea_desc:0",
        "original": "Why should we serve a [Root.GetRaceMember] that we did not choose to serve? A Fair and Free Republic should be founded instead.",
        "translation": "",
        "stage": 0,
        "context": null
    },
    {
        "key": "griffon_monarchy_support_idea:0",
        "original": "Monarchist Sentiment",
        "translation": "",
        "stage": 0,
        "context": null
    },
    {
        "key": "griffon_monarchy_support_idea_desc:0",
        "original": "Our Monarch guides and supports all within our proud nation. Why would we ever want this to change?",
        "translation": "",
        "stage": 0,
        "context": null
    },
    {
        "key": "griffon_monarchy_dem_support_idea:0",
        "original": "A Fairer Monarch",
        "translation": "",
        "stage": 0,
        "context": null
    },
    {
        "key": "griffon_monarchy_dem_support_idea_desc:0",
        "original": "Just because we have a monarch does not mean we can't embrace ideas such as Harmony and Friendship.",
        "translation": "",
        "stage": 0,
        "context": null
    },
    {
        "key": "griffon_monarchy_fas_support_idea:0",
        "original": "A Forceful Monarch",
        "translation": "",
        "stage": 0,
        "context": null
    },
    {
        "key": "griffon_monarchy_fas_support_idea_desc:0",
        "original": "Recently our monarch's ear has been bent by various supremacists and other rightists within the land.",
        "translation": "",
        "stage": 0,
        "context": null
    },
    {
        "key": "griffon_communism_support_idea:0",
        "original": "Communist Sentiment",
        "translation": "",
        "stage": 0,
        "context": null
    },
    {
        "key": "griffon_communism_support_idea_desc:0",
        "original": "Leaflets and posters, marches on the streets - communism is spreading its red tendrils in our country.",
        "translation": "",
        "stage": 0,
        "context": null
    },
    {
        "key": "griffon_fascism_support_idea:0",
        "original": "Supremacist Gatherings",
        "translation": "",
        "stage": 0,
        "context": null
    },
    {
        "key": "griffon_fascism_support_idea_desc:0",
        "original": "Our citizens are starting to believe that a strong government should rule our country.",
        "translation": "",
        "stage": 0,
        "context": null
    },
    {
        "key": "griffon_harmony_support_idea:0",
        "original": "Harmonious Thoughts",
        "translation": "",
        "stage": 0,
        "context": null
    },
    {
        "key": "griffon_harmony_support_idea_desc:0",
        "original": "Friendship and Harmony, free elections - such are the demands of the populace.",
        "translation": "",
        "stage": 0,
        "context": null
    },
    {
        "key": "griffon_neutrality_support_idea:0",
        "original": "The Old Ways",
        "translation": "",
        "stage": 0,
        "context": null
    },
    {
        "key": "griffon_neutrality_support_idea_desc:0",
        "original": "Change for the sake of it never works well for those who instigate it - The Old Ways are simply the best.",
        "translation": "",
        "stage": 0,
        "context": null
    },
    {
        "key": "griffon_land_reform_idea:0",
        "original": "Land Reform",
        "translation": "",
        "stage": 0,
        "context": null
    },
    {
        "key": "griffon_land_reform_idea_desc:0",
        "original": "We are confiscating and redistributing land throughout the country to better support our goals.",
        "translation": "",
        "stage": 0,
        "context": null
    },
    {
        "key": "griffon_five_year_plan_idea:0",
        "original": "Five Year Plan",
        "translation": "",
        "stage": 0,
        "context": null
    },
    {
        "key": "griffon_five_year_plan_idea_desc:0",
        "original": "Our current industrial capacity no longer meets our needs. We shall follow a Five Year Plan to more rapidly upgrade our lacking industry.",
        "translation": "",
        "stage": 0,
        "context": null
    },
    {
        "key": "griffon_spread_the_revolution_idea:0",
        "original": "Spreading the Revolution",
        "translation": "",
        "stage": 0,
        "context": null
    },
    {
        "key": "griffon_spread_the_revolution_idea_desc:0",
        "original": "We can no longer sit idle and watch our fellow [Root.GetRaceMembers] suffer! We must bring them freedom!",
        "translation": "",
        "stage": 0,
        "context": null
    },
    {
        "key": "griffon_nationalist_thought_idea:0",
        "original": "Nationalist Rhetoric",
        "translation": "",
        "stage": 0,
        "context": null
    },
    {
        "key": "griffon_nationalist_thought_idea_desc:0",
        "original": "The idea that we are all the same is laughable. Our People are superior in every way and this we shall prove by might!",
        "translation": "",
        "stage": 0,
        "context": null
    },
    {
        "key": "griffon_gear_for_war_idea:0",
        "original": "Gear Up for War",
        "translation": "",
        "stage": 0,
        "context": null
    },
    {
        "key": "griffon_gear_for_war_idea_desc:0",
        "original": "If we are to take what is rightfully ours, we need an arms industry to match our national pride.",
        "translation": "",
        "stage": 0,
        "context": null
    },
    {
        "key": "griffon_militarization_idea:0",
        "original": "Militarisation",
        "translation": "",
        "stage": 0,
        "context": null
    },
    {
        "key": "griffon_militarization_idea_desc:0",
        "original": "To succeed in our brighter future we must let the military have every resource they need to guide us on our path.",
        "translation": "",
        "stage": 0,
        "context": null
    },
    {
        "key": "griffon_carry_the_torch_idea:0",
        "original": "Carry the Torch",
        "translation": "",
        "stage": 0,
        "context": null
    },
    {
        "key": "griffon_carry_the_torch_idea_desc:0",
        "original": "Our Government is free and welcoming to all - this has provided us a boon in new researchers joining our projects.",
        "translation": "",
        "stage": 0,
        "context": null
    },
    {
        "key": "griffon_words_not_swords_idea:0",
        "original": "Words not Swords",
        "translation": "",
        "stage": 0,
        "context": null
    },
    {
        "key": "griffon_words_not_swords_idea_desc:0",
        "original": "We should never use the sword when the spoken word works just as well.",
        "translation": "",
        "stage": 0,
        "context": null
    },
    {
        "key": "griffon_common_good_idea:0",
        "original": "Common Good",
        "translation": "",
        "stage": 0,
        "context": null
    },
    {
        "key": "griffon_common_good_idea_desc:0",
        "original": "The people do not serve us, we serve the people.",
        "translation": "",
        "stage": 0,
        "context": null
    },
    {
        "key": "griffon_defend_the_tradition_idea:0",
        "original": "Defend our Traditions",
        "translation": "",
        "stage": 0,
        "context": null
    },
    {
        "key": "griffon_defend_the_tradition_idea_desc:0",
        "original": "Everyday more and more traitors threaten our way of life. We must defend ourselves from all manners of outside assault.",
        "translation": "",
        "stage": 0,
        "context": null
    },
    {
        "key": "griffon_home_guard_idea:0",
        "original": "Home Guard",
        "translation": "",
        "stage": 0,
        "context": null
    },
    {
        "key": "griffon_home_guard_idea_desc:0",
        "original": "The various paramilitary units of our country constantly support the home front.",
        "translation": "",
        "stage": 0,
        "context": null
    },
    {
        "key": "griffon_leading_the_way_idea:0",
        "original": "Leading the Way",
        "translation": "",
        "stage": 0,
        "context": null
    },
    {
        "key": "griffon_leading_the_way_idea_desc:0",
        "original": "Let no one say that we will not shed every last drop of blood to defend what is ours.",
        "translation": "",
        "stage": 0,
        "context": null
    },
    {
        "key": "griffon_fight_to_the_last_idea:0",
        "original": "To the Last",
        "translation": "",
        "stage": 0,
        "context": null
    },
    {
        "key": "griffon_fight_to_the_last_idea_desc:0",
        "original": "If we lose there is no future, we must bleed every [Root.GetRaceMember] drop of blood to secure our survival at any cost.",
        "translation": "",
        "stage": 0,
        "context": null
    },
    {
        "key": "griffon_stronger_together_idea:0",
        "original": "Stronger Together",
        "translation": "",
        "stage": 0,
        "context": null
    },
    {
        "key": "griffon_stronger_together_idea_desc:0",
        "original": "Despite our differences, we are certainly stronger together than apart.",
        "translation": "",
        "stage": 0,
        "context": null
    },
    {
        "key": "griffon_expansionist_focus_idea:0",
        "original": "Expansionism",
        "translation": "",
        "stage": 0,
        "context": null
    },
    {
        "key": "griffon_expansionist_focus_idea_desc:0",
        "original": "Why should we settle for what we have when what others posses is even greater?",
        "translation": "",
        "stage": 0,
        "context": null
    },
    {
        "key": "griffon_air_licenses:0",
        "original": "Aero Licensing",
        "translation": "",
        "stage": 0,
        "context": null
    },
    {
        "key": "hand_talon:0",
        "original": "talon",
        "translation": "발톱",
        "stage": 1,
        "context": null
    },
    {
        "key": "hand_talons:0",
        "original": "talons",
        "translation": "발톱들",
        "stage": 1,
        "context": null
    },
    {
        "key": "hand_hoof:0",
        "original": "hoof",
        "translation": "발굽",
        "stage": 1,
        "context": null
    },
    {
        "key": "hand_hooves:0",
        "original": "hooves",
        "translation": "발굽들",
        "stage": 1,
        "context": null
    },
    {
        "key": "hand_paw:0",
        "original": "paw",
        "translation": "발바닥",
        "stage": 1,
        "context": null
    },
    {
        "key": "hand_paws:0",
        "original": "paws",
        "translation": "발바닥들",
        "stage": 1,
        "context": null
    },
    {
        "key": "hand_appendage:0",
        "original": "appendage",
        "translation": "부속물",
        "stage": 1,
        "context": null
    },
    {
        "key": "hand_appendages:0",
        "original": "appendages",
        "translation": "부속물들",
        "stage": 1,
        "context": null
    },
    {
        "key": "member_griffon:0",
        "original": "griffon",
        "translation": "그리폰",
        "stage": 1,
        "context": null
    },
    {
        "key": "member_griffons:0",
        "original": "griffons",
        "translation": "그리폰들",
        "stage": 1,
        "context": null
    },
    {
        "key": "member_pony:0",
        "original": "pony",
        "translation": "포니",
        "stage": 1,
        "context": null
    },
    {
        "key": "member_ponies:0",
        "original": "ponies",
        "translation": "포니들",
        "stage": 1,
        "context": null
    },
    {
        "key": "member_deer:0",
        "original": "deer",
        "translation": "사슴",
        "stage": 1,
        "context": null
    },
    {
        "key": "member_changeling:0",
        "original": "Changeling",
        "translation": "체인질링",
        "stage": 1,
        "context": null
    },
    {
        "key": "member_changelings:0",
        "original": "Changelings",
        "translation": "체인질링들",
        "stage": 1,
        "context": null
    },
    {
        "key": "member_diamond_dog:0",
        "original": "Diamond Dog",
        "translation": "다이아몬드 독",
        "stage": 1,
        "context": null
    },
    {
        "key": "member_diamond_dogs:0",
        "original": "Diamond Dogs",
        "translation": "다이아몬드 독들",
        "stage": 1,
        "context": null
    },
    {
        "key": "member_being:0",
        "original": "being",
        "translation": "존재",
        "stage": 1,
        "context": null
    },
    {
        "key": "member_beings:0",
        "original": "beings",
        "translation": "존재들",
        "stage": 1,
        "context": null
    },
    {
        "key": "griffon_race_type:0",
        "original": "Griffon",
        "translation": "그리폰",
        "stage": 1,
        "context": null
    },
    {
        "key": "pony_race_type:0",
        "original": "Pony",
        "translation": "포니",
        "stage": 1,
        "context": null
    },
    {
        "key": "buffalo_race_type:0",
        "original": "Buffalo",
        "translation": "버팔로",
        "stage": 1,
        "context": null
    },
    {
        "key": "changeling_race_type:0",
        "original": "Changeling",
        "translation": "체인질링",
        "stage": 1,
        "context": null
    },
    {
        "key": "deer_race_type:0",
        "original": "Deer",
        "translation": "사슴",
        "stage": 1,
        "context": null
    },
    {
        "key": "diamond_dog_race_type:0",
        "original": "Diamond Dog",
        "translation": "다이아몬드 독",
        "stage": 1,
        "context": null
    },
    {
        "key": "griffonian.166.t:0",
        "original": "Comet Sighted!",
        "translation": "혜성이 출현하다!",
        "stage": 1,
        "context": null
    },
    {
        "key": "griffonian.166.d:0",
        "original": "The appearance of a bright comet in the night sky caused a panic among the [Root.GetRaceMembers] of our nation. Some of them believe that the comet is an omen of the end of the world or that the penalty for all our deeds will come soon.",
        "translation": "밤하늘의 밝은 혜성의 출현은 우리나라의 [Root.GetRaceMembers] 사이에 공포를 불러일으켰습니다. 그들 중 일부는 혜성이 세상의 종말의 징조이거나 우리가 저지른 모든 행위에 대한 처벌이 올 것이라는 징조라고 믿고 있습니다.",
        "stage": 1,
        "context": null
    },
    {
        "key": "griffonian.166.a:0",
        "original": "May the gods be merciful!",
        "translation": "신이시여 자비를 베푸소서!",
        "stage": 1,
        "context": null
    },
    {
        "key": "griffonian.166.b:0",
        "original": "Boreas, protect us!",
        "translation": "보레아스님, 저희를 지켜주소서!",
        "stage": 1,
        "context": null
    },
    {
        "key": "griffonian.166.c:0",
        "original": "Make a sacrifice to Maar!",
        "translation": "마아르에게 희생양을 바쳐야 한다!",
        "stage": 1,
        "context": null
    },
    {
        "key": "griffonian.166.e:0",
        "original": "Why do I have so many stupid [Root.GetRaceMembers] in my nation?",
        "translation": "왜 우리나라에는 이렇게나 많은 [Root.GetRaceMembers] 바보들이 있는 거지?",
        "stage": 1,
        "context": null
    },
    {
        "key": "griffonian.166.apony_1:0",
        "original": "The end is neigh!",
        "translation": "종말이 가깝다!",
        "stage": 1,
        "context": null
    },
    {
        "key": "griffonian.166.apony_2:0",
        "original": "Windigoes are coming back!",
        "translation": "윈디고들이 돌아오고 있다!",
        "stage": 1,
        "context": null
    },
    {
        "key": "ERI_rivalry:0",
        "original": "The Neverending Rivalry",
        "translation": "",
        "stage": 0,
        "context": null
    },
    {
        "key": "ERI_rivalry_desc:0",
        "original": "The rivalry between Erie and Eyrie is as old as Griffonia itself. Skirmishes and small wars are our national sport. Will we able to destroy our neighbours in this century?",
        "translation": "",
        "stage": 0,
        "context": null
    },
    {
        "key": "ERI_create_wargoal:0",
        "original": "Prepare an attack!",
        "translation": "",
        "stage": 0,
        "context": null
    },
    {
        "key": "ERI_white_peace:0",
        "original": "Negociate for peace!",
        "translation": "",
        "stage": 0,
        "context": null
    },
    {
        "key": "ERI_border_skirmish:0",
        "original": "Border Skirmish",
        "translation": "",
        "stage": 0,
        "context": null
    },
    {
        "key": "ERI_border_skirmish_timeout:0",
        "original": "Border Skirmish Timeout",
        "translation": "",
        "stage": 0,
        "context": null
    },
    {
        "key": "EYR_border_skirmish:0",
        "original": "Border Skirmish",
        "translation": "",
        "stage": 0,
        "context": null
    },
    {
        "key": "EYR_border_skirmish_timeout:0",
        "original": "Border Skirmish Timeout",
        "translation": "",
        "stage": 0,
        "context": null
    },
    {
        "key": "erie.1.t:0",
        "original": "Our Rivals offer peace!",
        "translation": "",
        "stage": 0,
        "context": null
    },
    {
        "key": "erie.1.d:0",
        "original": "Our eternal rivalry with [From.GetName] has long dominated the politics of our nation, but it seems that this age-old rivalry might come to an end. An envoy from [From.GetName] has arrived, with an offer of a final peace between our nations, do we accept?",
        "translation": "",
        "stage": 0,
        "context": null
    },
    {
        "key": "erie.1.a:0",
        "original": "Peace it is!",
        "translation": "",
        "stage": 0,
        "context": null
    },
    {
        "key": "erie.1.b:0",
        "original": "No peace for you!",
        "translation": "",
        "stage": 0,
        "context": null
    },
    {
        "key": "erie.3.t:0",
        "original": "Victory in Border Skirmish!",
        "translation": "",
        "stage": 0,
        "context": null
    },
    {
        "key": "erie.3.d:0",
        "original": "We sailed over the river and broke through rival's defences and sacked nearby villages! Great!",
        "translation": "",
        "stage": 0,
        "context": null
    },
    {
        "key": "erie.3.a:0",
        "original": "We party today!",
        "translation": "",
        "stage": 0,
        "context": null
    },
    {
        "key": "erie.4.t:0",
        "original": "Defeat in the Border Skirmish!",
        "translation": "",
        "stage": 0,
        "context": null
    },
    {
        "key": "erie.4.d:0",
        "original": "Our brave troops failed to break through the heroic defence of our proud rival!",
        "translation": "",
        "stage": 0,
        "context": null
    },
    {
        "key": "erie.4.a:0",
        "original": "Glory to the fallen warriors!",
        "translation": "",
        "stage": 0,
        "context": null
    },
    {
        "key": "erie.5.t:0",
        "original": "The fight over the border ended with nothing!",
        "translation": "",
        "stage": 0,
        "context": null
    },
    {
        "key": "erie.5.d:0",
        "original": "It seems that the battle that erupted on our border with our eternal rivals has stagnated, and now looks to bear little fruit for our nation. As such our commanders have decided to call off the attack.",
        "translation": "",
        "stage": 0,
        "context": null
    },
    {
        "key": "erie.5.a:0",
        "original": "We'll show them next time!",
        "translation": "",
        "stage": 0,
        "context": null
    },
    {
        "key": "erie.6.t:0",
        "original": "Our best effort!",
        "translation": "",
        "stage": 0,
        "context": null
    },
    {
        "key": "erie.6.d:0",
        "original": "The honorable warriors successfully defended our bark of the river against the fools over the river!",
        "translation": "",
        "stage": 0,
        "context": null
    },
    {
        "key": "erie.6.a:0",
        "original": "Hurray!",
        "translation": "",
        "stage": 0,
        "context": null
    },
    {
        "key": "erie.7.t:0",
        "original": "Border Raided!",
        "translation": "",
        "stage": 0,
        "context": null
    },
    {
        "key": "erie.7.d:0",
        "original": "Our awful rivals have broke through our defences and raided the villages around the border.",
        "translation": "",
        "stage": 0,
        "context": null
    },
    {
        "key": "erie.7.a:0",
        "original": "That's bad.",
        "translation": "",
        "stage": 0,
        "context": null
    },
    {
        "key": "griffonian.13.t:0",
        "original": "The Commonwealth Of Evi",
        "translation": "",
        "stage": 0,
        "context": null
    },
    {
        "key": "griffonian.13.d:0",
        "original": "[This.GetNewspaperHeader]Today, griffons of the Evi Valley stand united as one. The Evi Commonwealth has been established, uniting all lands commonly known as the Griffonian Frontier. The region was last united many years ago by an outsider, Emperor Grover I, but now a local leader has unified all its nations. In the recent history Evi has gone through many troubles - famine, revolution and war. It is time for the Evi Valley, with the rice fields of Prywhen, the vast steppes of Gryphia, the beautiful castles of Lushi and the rich trade cities of Gryphus, to became one. Now, the Evians are united together against the powerful neighbours that would wish to prey on them.",
        "translation": "",
        "stage": 0,
        "context": null
    },
    {
        "key": "griffonian.13.a:0",
        "original": "Peace in the Evi Valley? Remarkable.",
        "translation": "",
        "stage": 0,
        "context": null
    },
    {
        "key": "griffon_communism_support_idea_trait:0",
        "original": "Communist Sentiment",
        "translation": "",
        "stage": 0,
        "context": null
    },
    {
        "key": "griffon_fascism_support_idea_trait:0",
        "original": "Supremacist Gatherings",
        "translation": "",
        "stage": 0,
        "context": null
    },
    {
        "key": "griffon_harmony_support_idea_trait:0",
        "original": "Harmonious Thoughts",
        "translation": "",
        "stage": 0,
        "context": null
    }
]