[
    {
        "key": "WAR_NAME_CHN_EQS:0",
        "original": "The Great War",
        "translation": "대전쟁",
        "stage": 1,
        "context": null
    },
    {
        "key": "WAR_NAME_CHN_SOL:0",
        "original": "The Great War",
        "translation": "대전쟁",
        "stage": 1,
        "context": null
    },
    {
        "key": "WAR_NAME_CHN_NLR:0",
        "original": "The Great War",
        "translation": "대전쟁",
        "stage": 1,
        "context": null
    },
    {
        "key": "WAR_NAME_CRY_EQS:0",
        "original": "The Great Crystal War",
        "translation": "대 크리스탈 전쟁",
        "stage": 1,
        "context": null
    },
    {
        "key": "WAR_NAME_EQS_CRY:0",
        "original": "The Great Crystal War of First Strike",
        "translation": "대 크리스탈 전쟁 1차 공습",
        "stage": 1,
        "context": null
    },
    {
        "key": "WAR_NAME_EQS_NLR:0",
        "original": "The War of Two Sisters",
        "translation": "두 자매의 전쟁",
        "stage": 1,
        "context": null
    },
    {
        "key": "WAR_NAME_NLR_EQS:0",
        "original": "The War of Two Sisters",
        "translation": "두 자매의 전쟁",
        "stage": 1,
        "context": null
    },
    {
        "key": "WAR_NAME_STG_EQS:0",
        "original": "The War to End All Wars",
        "translation": "모든 전쟁을 끝낼 전쟁",
        "stage": 1,
        "context": null
    },
    {
        "key": "WAR_NAME_STG_GRF:0",
        "original": "Stalliongradian War in the North",
        "translation": "북방 스탈리온그라드 전쟁",
        "stage": 1,
        "context": null
    },
    {
        "key": "WAR_NAME_NMS_CES:0",
        "original": "The South-Eastern War",
        "translation": "남동부 전쟁",
        "stage": 1,
        "context": null
    },
    {
        "key": "WAR_NAME_NMS_BAL:0",
        "original": "The South-Eastern War",
        "translation": "남동부 전쟁",
        "stage": 1,
        "context": null
    },
    {
        "key": "WAR_NAME_NMS_JUN:0",
        "original": "The South-Eastern War",
        "translation": "남동부 전쟁",
        "stage": 1,
        "context": null
    },
    {
        "key": "WAR_NAME_BAL_NMS:0",
        "original": "The South-Eastern War",
        "translation": "남동부 전쟁",
        "stage": 1,
        "context": null
    },
    {
        "key": "WAR_NAME_BAL_JUN:0",
        "original": "The South-Eastern War",
        "translation": "남동부 전쟁",
        "stage": 1,
        "context": null
    },
    {
        "key": "WAR_NAME_BAL_CES:0",
        "original": "The South-Eastern War",
        "translation": "남동부 전쟁",
        "stage": 1,
        "context": null
    },
    {
        "key": "WAR_NAME_JUN_NMS:0",
        "original": "The South-Eastern War",
        "translation": "남동부 전쟁",
        "stage": 1,
        "context": null
    },
    {
        "key": "WAR_NAME_JUN_CES:0",
        "original": "The South-Eastern War",
        "translation": "남동부 전쟁",
        "stage": 1,
        "context": null
    },
    {
        "key": "WAR_NAME_JUN_BAL:0",
        "original": "The South-Eastern War",
        "translation": "남동부 전쟁",
        "stage": 1,
        "context": null
    },
    {
        "key": "WAR_NAME_CES_NMS:0",
        "original": "The South-Eastern War",
        "translation": "남동부 전쟁",
        "stage": 1,
        "context": null
    },
    {
        "key": "WAR_NAME_CES_BAL:0",
        "original": "The South-Eastern War",
        "translation": "남동부 전쟁",
        "stage": 1,
        "context": null
    },
    {
        "key": "WAR_NAME_CES_JUN:0",
        "original": "The South-Eastern War",
        "translation": "남동부 전쟁",
        "stage": 1,
        "context": null
    },
    {
        "key": "WAR_NAME_CHN_OLE:0",
        "original": "The Conquest of Olenia",
        "translation": "올레니아 정복 전쟁",
        "stage": 1,
        "context": null
    },
    {
        "key": "WAR_NAME_SOL_EQS:0",
        "original": "Solar Civil War",
        "translation": "솔라 내전",
        "stage": 1,
        "context": null
    },
    {
        "key": "WAR_NAME_EQS_SOL:0",
        "original": "Solar Civil War",
        "translation": "솔라 내전",
        "stage": 1,
        "context": null
    },
    {
        "key": "WAR_NAME_GRW_BRF:0",
        "original": "Prywhen Civil War",
        "translation": "프라이웬 내전",
        "stage": 1,
        "context": null
    },
    {
        "key": "WAR_NAME_BRF_GRW:0",
        "original": "Prywhen Civil War",
        "translation": "프라이웬 내전",
        "stage": 1,
        "context": null
    },
    {
        "key": "WAR_NAME_LNS_LSC:0",
        "original": "Longswordian Civil War",
        "translation": "롱소드 내전",
        "stage": 1,
        "context": null
    },
    {
        "key": "WAR_NAME_LSC_LNS:0",
        "original": "Longswordian Civil War",
        "translation": "롱소드 내전",
        "stage": 1,
        "context": null
    },
    {
        "key": "WAR_NAME_LNS_LSM:0",
        "original": "Longswordian Civil War",
        "translation": "롱소드 내전",
        "stage": 1,
        "context": null
    },
    {
        "key": "WAR_NAME_LSM_LNS:0",
        "original": "Longswordian Civil War",
        "translation": "롱소드 내전",
        "stage": 1,
        "context": null
    },
    {
        "key": "WAR_NAME_LSM_LSC:0",
        "original": "Longswordian Civil War",
        "translation": "롱소드 내전",
        "stage": 1,
        "context": null
    },
    {
        "key": "WAR_NAME_LSC_LSM:0",
        "original": "Longswordian Civil War",
        "translation": "롱소드 내전",
        "stage": 1,
        "context": null
    },
    {
        "key": "WAR_NAME_YAK_JAK:0",
        "original": "The Brothers' Feud",
        "translation": "형제간 불화",
        "stage": 1,
        "context": null
    },
    {
        "key": "WAR_NAME_JAK_YAK:0",
        "original": "The Brothers' Feud",
        "translation": "형제간 불화",
        "stage": 1,
        "context": null
    },
    {
        "key": "WAR_NAME_MIT_CYA:0",
        "original": "Second Reclamation War",
        "translation": "제 2차 재정복 전쟁",
        "stage": 1,
        "context": null
    },
    {
        "key": "WAR_NAME_MAN_ELF:0",
        "original": "The Equestrian Liberation War",
        "translation": "이퀘스트리아 해방전쟁",
        "stage": 1,
        "context": null
    },
    {
        "key": "WAR_NAME_CHN_ELF:0",
        "original": "The Equestrian Liberation War",
        "translation": "이퀘스트리아 해방전쟁",
        "stage": 1,
        "context": null
    },
    {
        "key": "WAR_NAME_ELF_MAN:0",
        "original": "The Equestrian Liberation War",
        "translation": "이퀘스트리아 해방전쟁",
        "stage": 1,
        "context": null
    },
    {
        "key": "WAR_NAME_ELF_CHN:0",
        "original": "The Equestrian Liberation War",
        "translation": "이퀘스트리아 해방전쟁",
        "stage": 1,
        "context": null
    },
    {
        "key": "WAR_NAME_JER_JEB:0",
        "original": "Second Aquileian Revolution",
        "translation": "제 2차 아퀼레이아 혁명",
        "stage": 1,
        "context": null
    },
    {
        "key": "WAR_NAME_JER_JFT:0",
        "original": "Second Aquileian Revolution",
        "translation": "제 2차 아퀼레이아 혁명",
        "stage": 1,
        "context": null
    },
    {
        "key": "WAR_NAME_JER_JRR:0",
        "original": "Second Aquileian Revolution",
        "translation": "제 2차 아퀼레이아 혁명",
        "stage": 1,
        "context": null
    },
    {
        "key": "WAR_NAME_JER_VIN:0",
        "original": "Second Aquileian Revolution",
        "translation": "제 2차 아퀼레이아 혁명",
        "stage": 1,
        "context": null
    },
    {
        "key": "WAR_NAME_JEB_JER:0",
        "original": "Second Aquileian Revolution",
        "translation": "제 2차 아퀼레이아 혁명",
        "stage": 1,
        "context": null
    },
    {
        "key": "WAR_NAME_JFT_JER:0",
        "original": "Second Aquileian Revolution",
        "translation": "제 2차 아퀼레이아 혁명",
        "stage": 1,
        "context": null
    },
    {
        "key": "WAR_NAME_JRR_JER:0",
        "original": "Second Aquileian Revolution",
        "translation": "제 2차 아퀼레이아 혁명",
        "stage": 1,
        "context": null
    },
    {
        "key": "WAR_NAME_VIN_JER:0",
        "original": "Second Aquileian Revolution",
        "translation": "제 2차 아퀼레이아 혁명",
        "stage": 1,
        "context": null
    },
    {
        "key": "WAR_NAME_SRS_NTR:0",
        "original": "The War In The North",
        "translation": "북방 전쟁",
        "stage": 1,
        "context": null
    },
    {
        "key": "WAR_NAME_NTR_SRS:0",
        "original": "The War In The North",
        "translation": "북방 전쟁",
        "stage": 1,
        "context": null
    },
    {
        "key": "WAR_NAME_FAW_FAT:0",
        "original": "Republican Civil War",
        "translation": "공화주의자 내전",
        "stage": 1,
        "context": null
    },
    {
        "key": "WAR_NAME_FAT_FAW:0",
        "original": "Republican Civil War",
        "translation": "공화주의자 내전",
        "stage": 1,
        "context": null
    },
    {
        "key": "WAR_NAME_WIT_BAR:0",
        "original": "Restoration Of Order In Barrad",
        "translation": "바라드 질서 회복",
        "stage": 1,
        "context": null
    },
    {
        "key": "WAR_NAME_HLQ_DMT:0",
        "original": "The Grand Crusade",
        "translation": "대성전",
        "stage": 1,
        "context": null
    },
    {
        "key": "WAR_NAME_HLQ_DEP:0",
        "original": "The Grand Crusade",
        "translation": "대성전",
        "stage": 1,
        "context": null
    },
    {
        "key": "WAR_NAME_HLQ_LCT:0",
        "original": "The Grand Crusade",
        "translation": "대성전",
        "stage": 1,
        "context": null
    },
    {
        "key": "WAR_NAME_HLQ_BAK:0",
        "original": "The Grand Crusade",
        "translation": "대성전",
        "stage": 1,
        "context": null
    },
    {
        "key": "WAR_NAME_HLQ_RCT:0",
        "original": "The Grand Crusade",
        "translation": "대성전",
        "stage": 1,
        "context": null
    },
    {
        "key": "WAR_NAME_HLQ_NIM:0",
        "original": "The Grand Crusade",
        "translation": "대성전",
        "stage": 1,
        "context": null
    },
    {
        "key": "WAR_NAME_HLQ_WIT:0",
        "original": "The Grand Crusade",
        "translation": "대성전",
        "stage": 1,
        "context": null
    },
    {
        "key": "WAR_NAME_HLQ_FRE:0",
        "original": "The Grand Crusade",
        "translation": "대성전",
        "stage": 1,
        "context": null
    },
    {
        "key": "WAR_NAME_DMT_HLQ:0",
        "original": "Endkrieg",
        "translation": "마지막 전쟁",
        "stage": 1,
        "context": null
    },
    {
        "key": "WAR_NAME_DEP_HLQ:0",
        "original": "Endkrieg",
        "translation": "마지막 전쟁",
        "stage": 1,
        "context": null
    },
    {
        "key": "WAR_NAME_LCT_HLQ:0",
        "original": "Endkrieg",
        "translation": "마지막 전쟁",
        "stage": 1,
        "context": null
    },
    {
        "key": "WAR_NAME_BAK_HLQ:0",
        "original": "Endkrieg",
        "translation": "마지막 전쟁",
        "stage": 1,
        "context": null
    },
    {
        "key": "WAR_NAME_RCT_HLQ:0",
        "original": "Endkrieg",
        "translation": "마지막 전쟁",
        "stage": 1,
        "context": null
    },
    {
        "key": "WAR_NAME_NIM_HLQ:0",
        "original": "Endkrieg",
        "translation": "마지막 전쟁",
        "stage": 1,
        "context": null
    },
    {
        "key": "WAR_NAME_WIT_HLQ:0",
        "original": "Endkrieg",
        "translation": "마지막 전쟁",
        "stage": 1,
        "context": null
    },
    {
        "key": "WAR_NAME_FRE_HLQ:0",
        "original": "Endkrieg",
        "translation": "마지막 전쟁",
        "stage": 1,
        "context": null
    },
    {
        "key": "WAR_NAME_CHN_ZRS:0",
        "original": "Zecora's Rebellion",
        "translation": "제코라의 반란",
        "stage": 1,
        "context": null
    },
    {
        "key": "WAR_NAME_ZRS_CHN:0",
        "original": "Zecora's Rebellion",
        "translation": "제코라의 반란",
        "stage": 1,
        "context": null
    },
    {
        "key": "WAR_NAME_JES_FRN:0",
        "original": "Tarrinian War Of Independence",
        "translation": "타린 독립전쟁",
        "stage": 1,
        "context": null
    },
    {
        "key": "WAR_NAME_FRN_JES:0",
        "original": "Tarrinian War Of Independence",
        "translation": "타린 독립전쟁",
        "stage": 1,
        "context": null
    },
    {
        "key": "WAR_NAME_WNG_FAL:0",
        "original": "The Second Falcor War",
        "translation": "2차 팔코르 전쟁",
        "stage": 1,
        "context": null
    },
    {
        "key": "WAR_NAME_FAL_WNG:0",
        "original": "The National Restoration War",
        "translation": "국가 재건 전쟁",
        "stage": 1,
        "context": null
    },
    {
        "key": "EaW_wargoal_and_claims_tp:0",
        "original": "§Y[This.GetNameDef]§! will gain §Gclaims§! and a §RWargoal§! for §Y[Prev.GetNameDef]'s§! core territories.\\n",
        "translation": "§Y[This.GetNameDef]§!은(는) §Y[Prev.GetNameDef]§!의 핵심 주에 §G영유권§!과 §R전쟁 목표§!를 얻습니다.\\n",
        "stage": 1,
        "context": null
    },
    {
        "key": "EaW_war_and_claims_tp:0",
        "original": "§Y[This.GetNameDef]§! will gain §Gclaims§! and declare §RWar§! for §Y[Prev.GetNameDef]'s§! core territories.\\n",
        "translation": "§Y[This.GetNameDef]§!은(는) §Y[Prev.GetNameDef]§!의 핵심 주에 §G영유권§!을 얻고 §R전쟁§!을 선포할 것입니다.\\n",
        "stage": 1,
        "context": null
    },
    {
        "key": "EaW_wargoal_tp:0",
        "original": "§Y[This.GetNameDef]§! will gain a §RWargoal§! to conquer all of §Y[Prev.GetNameDef]'s§! core territories.\\n",
        "translation": "§Y[This.GetNameDef]§!은(는) §Y[Prev.GetNameDef]§!의 핵심 주에 §R전쟁 목표§!를 얻습니다.\\n",
        "stage": 1,
        "context": null
    },
    {
        "key": "EaW_war_tp:0",
        "original": "§Y[This.GetNameDef]§! will declare §RWar§! for all of §Y[Prev.GetNameDef]'s§! core territories.\\n",
        "translation": "§Y[This.GetNameDef]§!은(는) §Y[Prev.GetNameDef]§!에게 §R전쟁§!을 전쟁을 선포할 것입니다.\\n",
        "stage": 1,
        "context": null
    }
]