[
    {
        "key": "GFF_gw_tank_equipment:0",
        "original": "Carapace-Ironwheel Motors M1 'Likhttraktor'",
        "translation": "",
        "stage": 0,
        "context": null
    },
    {
        "key": "GFF_gw_tank_equipment_short:0",
        "original": "Likhttraktor",
        "translation": "",
        "stage": 0,
        "context": null
    },
    {
        "key": "GFF_heavy_tank_equipment_1:0",
        "original": "Talon Industries M22",
        "translation": "",
        "stage": 0,
        "context": null
    },
    {
        "key": "GFF_heavy_tank_equipment_1_short:0",
        "original": "M22",
        "translation": "",
        "stage": 0,
        "context": null
    },
    {
        "key": "GFF_heavy_tank_equipment_2:0",
        "original": "Talon Industries M23",
        "translation": "",
        "stage": 0,
        "context": null
    },
    {
        "key": "GFF_heavy_tank_equipment_2_short:0",
        "original": "M23",
        "translation": "",
        "stage": 0,
        "context": null
    },
    {
        "key": "GFF_heavy_tank_equipment_3:0",
        "original": "Talon Industries M25",
        "translation": "",
        "stage": 0,
        "context": null
    },
    {
        "key": "GFF_heavy_tank_equipment_3_short:0",
        "original": "M25",
        "translation": "",
        "stage": 0,
        "context": null
    },
    {
        "key": "GFF_light_tank_equipment_1:0",
        "original": "Ironwheel Motors M4 'Yak'",
        "translation": "",
        "stage": 0,
        "context": null
    },
    {
        "key": "GFF_light_tank_equipment_1_short:0",
        "original": "Yak",
        "translation": "",
        "stage": 0,
        "context": null
    },
    {
        "key": "GFF_light_tank_equipment_2:0",
        "original": "Ironwheel Motors M5 'Hydra'",
        "translation": "",
        "stage": 0,
        "context": null
    },
    {
        "key": "GFF_light_tank_equipment_2_short:0",
        "original": "Hydra",
        "translation": "",
        "stage": 0,
        "context": null
    },
    {
        "key": "GFF_light_tank_equipment_3:0",
        "original": "Ironwheel Motors M9 'Ophiotaurus'",
        "translation": "",
        "stage": 0,
        "context": null
    },
    {
        "key": "GFF_light_tank_equipment_3_short:0",
        "original": "Ophiotaurus",
        "translation": "",
        "stage": 0,
        "context": null
    },
    {
        "key": "GFF_medium_tank_equipment_1:0",
        "original": "M10 'Odler'",
        "translation": "",
        "stage": 0,
        "context": null
    },
    {
        "key": "GFF_medium_tank_equipment_1_short:0",
        "original": "Odler",
        "translation": "",
        "stage": 0,
        "context": null
    },
    {
        "key": "GFF_medium_tank_equipment_2:0",
        "original": "Starpoint Motors M13 'Zilberfoygl'",
        "translation": "",
        "stage": 0,
        "context": null
    },
    {
        "key": "GFF_medium_tank_equipment_2_short:0",
        "original": "Zilberfoygl",
        "translation": "",
        "stage": 0,
        "context": null
    },
    {
        "key": "GFF_medium_tank_equipment_3:0",
        "original": "Starpoint Motors M25-2 'Goldfalk'",
        "translation": "",
        "stage": 0,
        "context": null
    },
    {
        "key": "GFF_medium_tank_equipment_3_short:0",
        "original": "Goldfalk",
        "translation": "",
        "stage": 0,
        "context": null
    },
    {
        "key": "GFF_modern_tank_equipment_1:0",
        "original": "Starpoint Motors M40 'Weter'",
        "translation": "",
        "stage": 0,
        "context": null
    },
    {
        "key": "GFF_modern_tank_equipment_1_short:0",
        "original": "Weter",
        "translation": "",
        "stage": 0,
        "context": null
    },
    {
        "key": "GFF_super_heavy_tank_equipment_1:0",
        "original": "Talon Industries Proyekt 333",
        "translation": "",
        "stage": 0,
        "context": null
    },
    {
        "key": "GFF_super_heavy_tank_equipment_1_short:0",
        "original": "Proyekt 333",
        "translation": "",
        "stage": 0,
        "context": null
    }
]