[
    {
        "key": "HAS_UNIT_LEADER_LYSANDER:0",
        "original": "Has unit leader: §YLysander§!",
        "translation": "다음 장군을 보유 중: §Y리산드로스§!",
        "stage": 1,
        "context": null
    },
    {
        "key": "HAS_UNIT_LEADER_MIMIC:0",
        "original": "Has unit leader: §YMimic§!",
        "translation": "다음 장군을 보유 중: §Y미믹§!",
        "stage": 1,
        "context": null
    },
    {
        "key": "HAS_UNIT_LEADER_TRIMMEL:0",
        "original": "Has unit leader: §YTrimmel§!",
        "translation": "다음 장군을 보유 중: §Y트리멜§!",
        "stage": 1,
        "context": null
    },
    {
        "key": "HAS_UNIT_LEADER_SHINING_ARMOR:0",
        "original": "Has unit leader: §YShining Armour§!",
        "translation": "다음 장군을 보유 중: §Y샤이닝 아머§!",
        "stage": 1,
        "context": null
    },
    {
        "key": "HAS_UNIT_LEADER_REESE:0",
        "original": "Has unit leader: §YReese§!",
        "translation": "다음 장군을 보유 중: §Y리지§!",
        "stage": 1,
        "context": null
    },
    {
        "key": "HAS_UNIT_LEADER_FLASH_SENTRY:0",
        "original": "Has unit leader: §YFlash Sentry§!",
        "translation": "다음 장군을 보유 중: §Y플래시 센트리§!",
        "stage": 1,
        "context": null
    },
    {
        "key": "HAS_UNIT_LEADER_DAMIYAN:0",
        "original": "Has unit leader: §YDeimos Falafel§!",
        "translation": "다음 장군을 보유 중: §Y데이모스 팔라펠§!",
        "stage": 1,
        "context": null
    },
    {
        "key": "HAS_UNIT_LEADER_CLOUDY:0",
        "original": "Has unit leader: §YCloudie§!",
        "translation": "다음 장군을 보유 중: §Y클라우디§!",
        "stage": 1,
        "context": null
    },
    {
        "key": "HAS_UNIT_LEADER_SENTINEL:0",
        "original": "Has unit leader: §YThunderbolt Sentinel§!",
        "translation": "다음 장군을 보유 중: §Y선더볼트 센티넬§!",
        "stage": 1,
        "context": null
    },
    {
        "key": "HAS_UNIT_LEADER_FIZZLEPOP:0",
        "original": "Has unit leader: §YFizzlepop Berrytwist§!",
        "translation": "다음 장군을 보유 중: §Y피즐팝 베리트위스트§!",
        "stage": 1,
        "context": null
    },
    {
        "key": "HAS_UNIT_LEADER_RODIER:0",
        "original": "Has unit leader: §YLéonard Rodier§!",
        "translation": "다음 장군을 보유 중: §Y레오나드 로디어§!",
        "stage": 1,
        "context": null
    },
    {
        "key": "HAS_UNIT_LEADER_OSTWIND:0",
        "original": "Has unit leader: §YGabriel Ostwind§!",
        "translation": "다음 장군을 보유 중: §Y가브리엘 오스트윈드§!",
        "stage": 1,
        "context": null
    },
    {
        "key": "HAS_UNIT_LEADER_HAAKON:0",
        "original": "Has unit leader: §YHaakon Lurswig§!",
        "translation": "다음 장군을 보유 중: §Y하콘 루스윅§!",
        "stage": 1,
        "context": null
    },
    {
        "key": "HAS_UNIT_LEADER_MAANTLERHEIM:0",
        "original": "Has unit leader: §YCarl Gustaf Manntlerhim§!",
        "translation": "다음 장군을 보유 중: §Y카를 구스타프 맨틀하임§!",
        "stage": 1,
        "context": null
    },
    {
        "key": "HAS_UNIT_LEADER_ROUSHO:0",
        "original": "Has unit leader: §YLord Roshuo§!",
        "translation": "다음 장군을 보유 중: §Y로스후오 공§!",
        "stage": 1,
        "context": null
    },
    {
        "key": "HAS_UNIT_LEADER_PERKELE:0",
        "original": "Has unit leader: §YSpurdo S. Perkele§!",
        "translation": "다음 장군을 보유 중: §Y스푸르도 S. 페르켈레§!",
        "stage": 1,
        "context": null
    },
    {
        "key": "HAS_UNIT_LEADER_VIRTA:0",
        "original": "Has unit leader: §YLauri Virta§!",
        "translation": "다음 장군을 보유 중: §Y라우리 비르타§!",
        "stage": 1,
        "context": null
    },
    {
        "key": "HAS_UNIT_LEADER_GADOGLIO:0",
        "original": "Has unit leader: §YGietro Gadoglio§!",
        "translation": "다음 장군을 보유 중: §Y기에트로 가돌리오§!",
        "stage": 1,
        "context": null
    },
    {
        "key": "HAS_UNIT_LEADER_DE_GONO:0",
        "original": "Has unit leader: §YGemilio De Gono§!",
        "translation": "다음 장군을 보유 중: §Y제밀리오 데 고노§!",
        "stage": 1,
        "context": null
    },
    {
        "key": "HAS_UNIT_LEADER_GAMPIONI:0",
        "original": "Has unit leader: §YGinigo Gampioni§!",
        "translation": "다음 장군을 보유 중: §Y지니고 감피오니§!",
        "stage": 1,
        "context": null
    },
    {
        "key": "HAS_UNIT_LEADER_GALBO:0",
        "original": "Has unit leader: §YGitalo Galbo§!",
        "translation": "다음 장군을 보유 중: §Y지탈로 갈보§!",
        "stage": 1,
        "context": null
    },
    {
        "key": "HAS_UNIT_LEADER_GESSE:0",
        "original": "Has unit leader: §YGiovanni Gesse§!",
        "translation": "다음 장군을 보유 중: §Y지오반니 제세§!",
        "stage": 1,
        "context": null
    },
    {
        "key": "HAS_UNIT_LEADER_GRAZIANI:0",
        "original": "Has unit leader: §YGriffolf Graziani§!",
        "translation": "다음 장군을 보유 중: §Y그리폴프 그라치아니§!",
        "stage": 1,
        "context": null
    },
    {
        "key": "HAS_UNIT_LEADER_GINO:0",
        "original": "Has unit leader: §YGino Griffallero§!",
        "translation": "다음 장군을 보유 중: §Y지노 그리팔레로§!",
        "stage": 1,
        "context": null
    },
    {
        "key": "HAS_UNIT_LEADER_GOATTA:0",
        "original": "Has unit leader: §YGario Goatta§!",
        "translation": "다음 장군을 보유 중: §Y가리오 고타§!",
        "stage": 1,
        "context": null
    },
    {
        "key": "HAS_UNIT_LEADER_GAMBROSIO:0",
        "original": "Has unit leader: §YGittorio Gambrosio§!",
        "translation": "다음 장군을 보유 중: §Y지토리오 감브로시오§!",
        "stage": 1,
        "context": null
    },
    {
        "key": "HAS_UNIT_LEADER_GUZZONI:0",
        "original": "Has unit leader: §YGalfredo Guzzoni§!",
        "translation": "다음 장군을 보유 중: §Y갈프레도 구초니§!",
        "stage": 1,
        "context": null
    },
    {
        "key": "HAS_UNIT_LEADER_JOSEPH_VORST:0",
        "original": "Has unit leader: §YJoseph Boreas of Vorst tot Vorst§!",
        "translation": "다음 장군을 보유 중: §Y죽음을 향해 전진하는 요세프 보레아스§!",
        "stage": 1,
        "context": null
    },
    {
        "key": "HAS_UNIT_LEADER_REIGERS:0",
        "original": "Has unit leader: §YIzaak Reigers§!",
        "translation": "다음 장군을 보유 중: §Y이자크 라이게르스§!",
        "stage": 1,
        "context": null
    },
    {
        "key": "HAS_UNIT_LEADER_ANJER:0",
        "original": "Has unit leader: §YHenri Anjer§!",
        "translation": "다음 장군을 보유 중: §Y헨리 안여§!",
        "stage": 1,
        "context": null
    },
    {
        "key": "HAS_UNIT_LEADER_SABEL:0",
        "original": "Has unit leader: §YHendrik Sabel§!",
        "translation": "다음 장군을 보유 중: §Y헨드리크 자벨§!",
        "stage": 1,
        "context": null
    },
    {
        "key": "HAS_UNIT_LEADER_DOORZETTER:0",
        "original": "Has unit leader: §YKarel Doorzetter§!",
        "translation": "다음 장군을 보유 중: §Y카렐 도르체터§!",
        "stage": 1,
        "context": null
    },
    {
        "key": "HAS_UNIT_LEADER_HELVUUR:0",
        "original": "Has unit leader: §YKonraad Helvuur§!",
        "translation": "다음 장군을 보유 중: §Y콘라트 헬푸어§!",
        "stage": 1,
        "context": null
    },
    {
        "key": "HAS_UNIT_LEADER_VORSTELIJK:0",
        "original": "Has unit leader: §YJohannes Vorstelijk§!",
        "translation": "다음 장군을 보유 중: §Y요하네스 포르슈텔리크§!",
        "stage": 1,
        "context": null
    },
    {
        "key": "HAS_UNIT_LEADER_HIGHILL:0",
        "original": "Has unit leader: §YErwin Highhill§!",
        "translation": "다음 장군을 보유 중: §Y에르빈 하이힐§!",
        "stage": 1,
        "context": null
    },
    {
        "key": "HAS_UNIT_LEADER_ROUGH_RIDER:0",
        "original": "Has unit leader: §YScleroanavates§!",
        "translation": "다음 장군을 보유 중: §Y스크렐로아나바테스§!",
        "stage": 1,
        "context": null
    },
    {
        "key": "HAS_UNIT_LEADER_THUNDERFALL:0",
        "original": "Has unit leader: §YKeraunoptose§!",
        "translation": "다음 장군을 보유 중: §Y케라우노프토스§!",
        "stage": 1,
        "context": null
    },
    {
        "key": "HAS_UNIT_LEADER_GYLHIPPOS:0",
        "original": "Has unit leader: §YGylhippos§!",
        "translation": "다음 장군을 보유 중: §Y글뤼포스§!",
        "stage": 1,
        "context": null
    },
    {
        "key": "HAS_UNIT_LEADER_ANDREIA:0",
        "original": "Has unit leader: §YAndreia§!",
        "translation": "다음 장군을 보유 중: §Y안드레이아§!",
        "stage": 1,
        "context": null
    },
    {
        "key": "HAS_UNIT_LEADER_ION_SOIMESCU:0",
        "original": "Has unit leader: §YIon Soimescu§!",
        "translation": "다음 장군을 보유 중: §Y이온 쇠메스쿠§!",
        "stage": 1,
        "context": null
    },
    {
        "key": "HAS_UNIT_LEADER_KIVESSIN:0",
        "original": "Has unit leader: §YMason of Kivessin§!",
        "translation": "다음 장군을 보유 중: §Y키베신의 메이슨§!",
        "stage": 1,
        "context": null
    },
    {
        "key": "HAS_UNIT_LEADER_VULTURITA:0",
        "original": "Has unit leader: §YKihai Vulturita§!",
        "translation": "다음 장군을 보유 중: §Y키하이 벌쳐리타§!",
        "stage": 1,
        "context": null
    },
    {
        "key": "HAS_UNIT_LEADER_LEUESCU:0",
        "original": "Has unit leader: §YLexandru Leuescu§!",
        "translation": "다음 장군을 보유 중: §Y렉산드루 레우스쿠§!",
        "stage": 1,
        "context": null
    },
    {
        "key": "HAS_UNIT_LEADER_PRIVEZAN:0",
        "original": "Has unit leader: §YConstanti Privezan§!",
        "translation": "다음 장군을 보유 중: §Y콘스탄티 프리베잔§!",
        "stage": 1,
        "context": null
    },
    {
        "key": "HAS_UNIT_LEADER_THERESA:0",
        "original": "Has unit leader: §YTheresa§!",
        "translation": "다음 장군을 보유 중: §Y테레사§!",
        "stage": 1,
        "context": null
    },
    {
        "key": "HAS_UNIT_LEADER_LIPIZZAN:0",
        "original": "Has unit leader: §YHector Lipizzan§!",
        "translation": "다음 장군을 보유 중: §Y헥터 라이피잔§!",
        "stage": 1,
        "context": null
    },
    {
        "key": "HAS_UNIT_LEADER_KAFFENHOOF:0",
        "original": "Has unit leader: §YKaterina Kaffenhoof§!",
        "translation": "다음 장군을 보유 중: §Y카타리나 카펜후프§!",
        "stage": 1,
        "context": null
    },
    {
        "key": "HAS_UNIT_LEADER_ROSAMUND:0",
        "original": "Has unit leader: §YArtemis Rosamund§!",
        "translation": "다음 장군을 보유 중: §Y아르테미스 로자문드§!",
        "stage": 1,
        "context": null
    },
    {
        "key": "HAS_UNIT_LEADER_TESLA:0",
        "original": "Has unit leader: §YArcane Tesla§!",
        "translation": "다음 장군을 보유 중: §Y아케인 테슬라§!",
        "stage": 1,
        "context": null
    },
    {
        "key": "HAS_UNIT_LEADER_CZRNOZEMISZNA:0",
        "original": "Has unit leader: §YErmilia Czrnozemiszna§!",
        "translation": "다음 장군을 보유 중: §Y에밀리아 치르노제미슈나§!",
        "stage": 1,
        "context": null
    },
    {
        "key": "HAS_UNIT_LEADER_GOLDGRIFF:0",
        "original": "Has unit leader: §YEmma Goldgriff§!",
        "translation": "다음 장군을 보유 중: §Y엠마 골드그리프§!",
        "stage": 1,
        "context": null
    },
    {
        "key": "HAS_UNIT_LEADER_BEAKUNIN:0",
        "original": "Has unit leader: §YMikhail Beakunin§!",
        "translation": "다음 장군을 보유 중: §Y미하일 비쿠닌§!",
        "stage": 1,
        "context": null
    },
    {
        "key": "HAS_UNIT_LEADER_CARLINI:0",
        "original": "Has unit leader: §YJohn Carlini§!",
        "translation": "다음 장군을 보유 중: §Y존 칼리니§!",
        "stage": 1,
        "context": null
    },
    {
        "key": "HAS_UNIT_LEADER_WELLES:0",
        "original": "Has unit leader: §YHorson Welles§!",
        "translation": "다음 장군을 보유 중: §Y호손 윌레스§!",
        "stage": 1,
        "context": null
    },
    {
        "key": "HAS_UNIT_LEADER_PONEHON:0",
        "original": "Has unit leader: §YPierre Ponehon§!",
        "translation": "다음 장군을 보유 중: §Y피에르 푀농§!",
        "stage": 1,
        "context": null
    },
    {
        "key": "HAS_UNIT_LEADER_SAXHAGEN:0",
        "original": "Has unit leader: §YOtto Saxhagen-Plumenjar§!",
        "translation": "다음 장군을 보유 중: §Y오토 삭스하겐-플루멘자르§!",
        "stage": 1,
        "context": null
    },
    {
        "key": "HAS_UNIT_LEADER_MAX:0",
        "original": "Has unit leader: §YMax Whitefeather§!",
        "translation": "다음 장군을 보유 중: §Y막스 화이트페더§!",
        "stage": 1,
        "context": null
    },
    {
        "key": "HAS_UNIT_LEADER_GREMMERSEN:0",
        "original": "Has unit leader: §YOtto Gremmersen§!",
        "translation": "다음 장군을 보유 중: §Y오토 그레머센§!",
        "stage": 1,
        "context": null
    },
    {
        "key": "HAS_UNIT_LEADER_HAFSLUND:0",
        "original": "Has unit leader: §YJonas Hafslund§!",
        "translation": "다음 장군을 보유 중: §Y요나스 하프슬룬트§!",
        "stage": 1,
        "context": null
    },
    {
        "key": "HAS_UNIT_LEADER_CHIRON:0",
        "original": "Has unit leader: §YChiron Stormfeather§!",
        "translation": "다음 장군을 보유 중: §Y키론 스톰페더§!",
        "stage": 1,
        "context": null
    },
    {
        "key": "HAS_UNIT_LEADER_HASSENTELF:0",
        "original": "Has unit leader: §YHermann Hassentelf§!",
        "translation": "다음 장군을 보유 중: §Y헤르만 하센텔프§!",
        "stage": 1,
        "context": null
    },
    {
        "key": "HAS_UNIT_LEADER_EMERICH:0",
        "original": "Has unit leader: §YWalter Emerich§!",
        "translation": "다음 장군을 보유 중: §Y발터 에머리히§!",
        "stage": 1,
        "context": null
    },
    {
        "key": "HAS_UNIT_LEADER_RIGSTAG:0",
        "original": "Has unit leader: §YSimon Rigstag§!",
        "translation": "다음 장군을 보유 중: §Y시몬 리그스타그§!",
        "stage": 1,
        "context": null
    },
    {
        "key": "HAS_UNIT_LEADER_SUNTAIL:0",
        "original": "Has unit leader: §YReinhard Suntail§!",
        "translation": "다음 장군을 보유 중: §Y라인하르트 선테일§!",
        "stage": 1,
        "context": null
    },
    {
        "key": "HAS_UNIT_LEADER_CLAUS:0",
        "original": "Has unit leader: §YClaus Rosewing§!",
        "translation": "다음 장군을 보유 중: §Y클라우스 로즈윙§!",
        "stage": 1,
        "context": null
    },
    {
        "key": "HAS_UNIT_LEADER_BUSTA:0",
        "original": "Has unit leader: §YLittle Busta§!",
        "translation": "다음 장군을 보유 중: §Y리틀 버스타§!",
        "stage": 1,
        "context": null
    },
    {
        "key": "HAS_UNIT_LEADER_GOLDRINI:0",
        "original": "Has unit leader: §YGarrigo Goldrini§!",
        "translation": "다음 장군을 보유 중: §Y가리고 골드리니§!",
        "stage": 1,
        "context": null
    },
    {
        "key": "HAS_UNIT_LEADER_GEDEL:0",
        "original": "Has unit leader: §YRiccardo Gedel§!",
        "translation": "다음 장군을 보유 중: §Y리카르도 제델§!",
        "stage": 1,
        "context": null
    },
    {
        "key": "HAS_UNIT_LEADER_GOMINIONI:0",
        "original": "Has unit leader: §YGaolo Caccia Gominioni§!",
        "translation": "다음 장군을 보유 중: §Y가올로 카차 고미니오니§!",
        "stage": 1,
        "context": null
    },
    {
        "key": "HAS_UNIT_LEADER_PROTEUS:0",
        "original": "Has unit leader: §YArchon Proteus III§!",
        "translation": "다음 장군을 보유 중: §Y집정관 프로테우스 3세§!",
        "stage": 1,
        "context": null
    },
    {
        "key": "HAS_UNIT_LEADER_COBALTWIND:0",
        "original": "Has unit leader: §YCobalt Wind§!",
        "translation": "다음 장군을 보유 중: §Y초발트 빈트§!",
        "stage": 1,
        "context": null
    },
    {
        "key": "HAS_UNIT_LEADER_SEALILY:0",
        "original": "Has unit leader: §YSea Lily§!",
        "translation": "다음 장군을 보유 중: §Y시 릴리§!",
        "stage": 1,
        "context": null
    }
]