[
    {
        "key": "EAW_TOGGLE_VANILLA_MUSIC:0",
        "original": "§YHearts of Iron IV§! music only\\nRequires weighted shuffle",
        "translation": "",
        "stage": 0,
        "context": null
    },
    {
        "key": "EAW_TOGGLE_EAW_MUSIC:0",
        "original": "§YEquestria at War§! music only\\nRequires weighted shuffle",
        "translation": "",
        "stage": 0,
        "context": null
    },
    {
        "key": "EAW_TOGGLE_VANILLAEAW_MUSIC:0",
        "original": "All music\\nRequires weighted shuffle",
        "translation": "",
        "stage": 0,
        "context": null
    }
]