[
    {
        "key": "POPUP_MAJORS:0",
        "original": "Always Majors",
        "translation": "모든 열강들",
        "stage": 1,
        "context": null
    },
    {
        "key": "POPUP_NEIGHBORS:0",
        "original": "Nearby Only",
        "translation": "인접국만 표시",
        "stage": 1,
        "context": null
    },
    {
        "key": "POPUP_DIPLO:0",
        "original": "Extra Diplomatic Notifications:",
        "translation": "추가 외교 알림:",
        "stage": 1,
        "context": null
    },
    {
        "key": "eaw_diplo_popup_window_message_0:0",
        "original": "[This.GetDiploPopupMessage0]",
        "translation": "",
        "stage": -1,
        "context": null
    },
    {
        "key": "eaw_diplo_popup_window_message_1:0",
        "original": "[This.GetDiploPopupMessage1]",
        "translation": "",
        "stage": -1,
        "context": null
    },
    {
        "key": "eaw_diplo_popup_window_message_2:0",
        "original": "[This.GetDiploPopupMessage2]",
        "translation": "",
        "stage": -1,
        "context": null
    },
    {
        "key": "eaw_diplo_popup_window_message_3:0",
        "original": "[This.GetDiploPopupMessage3]",
        "translation": "",
        "stage": -1,
        "context": null
    },
    {
        "key": "eaw_diplo_popup_window_message_4:0",
        "original": "[This.GetDiploPopupMessage4]",
        "translation": "",
        "stage": -1,
        "context": null
    },
    {
        "key": "eaw_diplo_popup_window_message_5:0",
        "original": "[This.GetDiploPopupMessage5]",
        "translation": "",
        "stage": -1,
        "context": null
    },
    {
        "key": "eaw_diplo_popup_window_message_6:0",
        "original": "[This.GetDiploPopupMessage6]",
        "translation": "",
        "stage": -1,
        "context": null
    },
    {
        "key": "eaw_diplo_popup_window_message_7:0",
        "original": "[This.GetDiploPopupMessage7]",
        "translation": "",
        "stage": -1,
        "context": null
    },
    {
        "key": "eaw_diplo_popup_window_message_8:0",
        "original": "[This.GetDiploPopupMessage8]",
        "translation": "",
        "stage": -1,
        "context": null
    },
    {
        "key": "eaw_diplo_popup_window_message_9:0",
        "original": "[This.GetDiploPopupMessage9]",
        "translation": "",
        "stage": -1,
        "context": null
    },
    {
        "key": "eaw_diplo_popup_window_message_10:0",
        "original": "[This.GetDiploPopupMessage10]",
        "translation": "",
        "stage": -1,
        "context": null
    },
    {
        "key": "eaw_diplo_popup_window_message_11:0",
        "original": "[This.GetDiploPopupMessage11]",
        "translation": "",
        "stage": -1,
        "context": null
    },
    {
        "key": "eaw_diplo_popup_window_message_12:0",
        "original": "[This.GetDiploPopupMessage12]",
        "translation": "",
        "stage": -1,
        "context": null
    },
    {
        "key": "eaw_diplo_popup_window_message_13:0",
        "original": "[This.GetDiploPopupMessage13]",
        "translation": "",
        "stage": -1,
        "context": null
    },
    {
        "key": "eaw_diplo_popup_window_message_14:0",
        "original": "[This.GetDiploPopupMessage14]",
        "translation": "",
        "stage": -1,
        "context": null
    },
    {
        "key": "eaw_diplo_popup_window_message_15:0",
        "original": "[This.GetDiploPopupMessage15]",
        "translation": "",
        "stage": -1,
        "context": null
    },
    {
        "key": "eaw_diplo_popup_window_message_16:0",
        "original": "[This.GetDiploPopupMessage16]",
        "translation": "",
        "stage": -1,
        "context": null
    },
    {
        "key": "eaw_diplo_popup_window_message_17:0",
        "original": "[This.GetDiploPopupMessage17]",
        "translation": "",
        "stage": -1,
        "context": null
    },
    {
        "key": "eaw_diplo_popup_window_message_18:0",
        "original": "[This.GetDiploPopupMessage18]",
        "translation": "",
        "stage": -1,
        "context": null
    },
    {
        "key": "eaw_diplo_popup_window_message_19:0",
        "original": "[This.GetDiploPopupMessage19]",
        "translation": "",
        "stage": -1,
        "context": null
    },
    {
        "key": "eaw_diplo_popup_window_title_0:0",
        "original": "[This.GetDiploPopupTitle0]",
        "translation": "",
        "stage": -1,
        "context": null
    },
    {
        "key": "eaw_diplo_popup_window_title_1:0",
        "original": "[This.GetDiploPopupTitle1]",
        "translation": "",
        "stage": -1,
        "context": null
    },
    {
        "key": "eaw_diplo_popup_window_title_2:0",
        "original": "[This.GetDiploPopupTitle2]",
        "translation": "",
        "stage": -1,
        "context": null
    },
    {
        "key": "eaw_diplo_popup_window_title_3:0",
        "original": "[This.GetDiploPopupTitle3]",
        "translation": "",
        "stage": -1,
        "context": null
    },
    {
        "key": "eaw_diplo_popup_window_title_4:0",
        "original": "[This.GetDiploPopupTitle4]",
        "translation": "",
        "stage": -1,
        "context": null
    },
    {
        "key": "eaw_diplo_popup_window_title_5:0",
        "original": "[This.GetDiploPopupTitle5]",
        "translation": "",
        "stage": -1,
        "context": null
    },
    {
        "key": "eaw_diplo_popup_window_title_6:0",
        "original": "[This.GetDiploPopupTitle6]",
        "translation": "",
        "stage": -1,
        "context": null
    },
    {
        "key": "eaw_diplo_popup_window_title_7:0",
        "original": "[This.GetDiploPopupTitle7]",
        "translation": "",
        "stage": -1,
        "context": null
    },
    {
        "key": "eaw_diplo_popup_window_title_8:0",
        "original": "[This.GetDiploPopupTitle8]",
        "translation": "",
        "stage": -1,
        "context": null
    },
    {
        "key": "eaw_diplo_popup_window_title_9:0",
        "original": "[This.GetDiploPopupTitle9]",
        "translation": "",
        "stage": -1,
        "context": null
    },
    {
        "key": "eaw_diplo_popup_window_title_10:0",
        "original": "[This.GetDiploPopupTitle10]",
        "translation": "",
        "stage": -1,
        "context": null
    },
    {
        "key": "eaw_diplo_popup_window_title_11:0",
        "original": "[This.GetDiploPopupTitle11]",
        "translation": "",
        "stage": -1,
        "context": null
    },
    {
        "key": "eaw_diplo_popup_window_title_12:0",
        "original": "[This.GetDiploPopupTitle12]",
        "translation": "",
        "stage": -1,
        "context": null
    },
    {
        "key": "eaw_diplo_popup_window_title_13:0",
        "original": "[This.GetDiploPopupTitle13]",
        "translation": "",
        "stage": -1,
        "context": null
    },
    {
        "key": "eaw_diplo_popup_window_title_14:0",
        "original": "[This.GetDiploPopupTitle14]",
        "translation": "",
        "stage": -1,
        "context": null
    },
    {
        "key": "eaw_diplo_popup_window_title_15:0",
        "original": "[This.GetDiploPopupTitle15]",
        "translation": "",
        "stage": -1,
        "context": null
    },
    {
        "key": "eaw_diplo_popup_window_title_16:0",
        "original": "[This.GetDiploPopupTitle16]",
        "translation": "",
        "stage": -1,
        "context": null
    },
    {
        "key": "eaw_diplo_popup_window_title_17:0",
        "original": "[This.GetDiploPopupTitle17]",
        "translation": "",
        "stage": -1,
        "context": null
    },
    {
        "key": "eaw_diplo_popup_window_title_18:0",
        "original": "[This.GetDiploPopupTitle18]",
        "translation": "",
        "stage": -1,
        "context": null
    },
    {
        "key": "eaw_diplo_popup_window_title_19:0",
        "original": "[This.GetDiploPopupTitle19]",
        "translation": "",
        "stage": -1,
        "context": null
    },
    {
        "key": "eaw_diplo_popup_window_message_0_invite_faction:0",
        "original": "[?eaw_diplo_popup_reciever^0.GetNameDef] joined [?eaw_diplo_popup_sender^0.GetNameDef]",
        "translation": "[?eaw_diplo_popup_reciever^0.GetNameDef]이(가) [?eaw_diplo_popup_sender^0.GetNameDef]에 가입",
        "stage": 1,
        "context": null
    },
    {
        "key": "eaw_diplo_popup_window_message_1_invite_faction:0",
        "original": "[?eaw_diplo_popup_reciever^1.GetNameDef] joined [?eaw_diplo_popup_sender^1.GetNameDef]",
        "translation": "[?eaw_diplo_popup_reciever^1.GetNameDef]이(가) [?eaw_diplo_popup_sender^1.GetNameDef]에 가입",
        "stage": 1,
        "context": null
    },
    {
        "key": "eaw_diplo_popup_window_message_2_invite_faction:0",
        "original": "[?eaw_diplo_popup_reciever^2.GetNameDef] joined [?eaw_diplo_popup_sender^2.GetNameDef]",
        "translation": "[?eaw_diplo_popup_reciever^2.GetNameDef]이(가) [?eaw_diplo_popup_sender^2.GetNameDef]에 가입",
        "stage": 1,
        "context": null
    },
    {
        "key": "eaw_diplo_popup_window_message_3_invite_faction:0",
        "original": "[?eaw_diplo_popup_reciever^3.GetNameDef] joined [?eaw_diplo_popup_sender^3.GetNameDef]",
        "translation": "[?eaw_diplo_popup_reciever^3.GetNameDef]이(가) [?eaw_diplo_popup_sender^3.GetNameDef]에 가입",
        "stage": 1,
        "context": null
    },
    {
        "key": "eaw_diplo_popup_window_message_4_invite_faction:0",
        "original": "[?eaw_diplo_popup_reciever^4.GetNameDef] joined [?eaw_diplo_popup_sender^4.GetNameDef]",
        "translation": "[?eaw_diplo_popup_reciever^4.GetNameDef]이(가) [?eaw_diplo_popup_sender^4.GetNameDef]에 가입",
        "stage": 1,
        "context": null
    },
    {
        "key": "eaw_diplo_popup_window_message_5_invite_faction:0",
        "original": "[?eaw_diplo_popup_reciever^5.GetNameDef] joined [?eaw_diplo_popup_sender^5.GetNameDef]",
        "translation": "[?eaw_diplo_popup_reciever^5.GetNameDef]이(가) [?eaw_diplo_popup_sender^5.GetNameDef]에 가입",
        "stage": 1,
        "context": null
    },
    {
        "key": "eaw_diplo_popup_window_message_6_invite_faction:0",
        "original": "[?eaw_diplo_popup_reciever^6.GetNameDef] joined [?eaw_diplo_popup_sender^6.GetNameDef]",
        "translation": "[?eaw_diplo_popup_reciever^6.GetNameDef]이(가) [?eaw_diplo_popup_sender^6.GetNameDef]에 가입",
        "stage": 1,
        "context": null
    },
    {
        "key": "eaw_diplo_popup_window_message_7_invite_faction:0",
        "original": "[?eaw_diplo_popup_reciever^7.GetNameDef] joined [?eaw_diplo_popup_sender^7.GetNameDef]",
        "translation": "[?eaw_diplo_popup_reciever^7.GetNameDef]이(가) [?eaw_diplo_popup_sender^7.GetNameDef]에 가입",
        "stage": 1,
        "context": null
    },
    {
        "key": "eaw_diplo_popup_window_message_8_invite_faction:0",
        "original": "[?eaw_diplo_popup_reciever^8.GetNameDef] joined [?eaw_diplo_popup_sender^8.GetNameDef]",
        "translation": "[?eaw_diplo_popup_reciever^8.GetNameDef]이(가) [?eaw_diplo_popup_sender^8.GetNameDef]에 가입",
        "stage": 1,
        "context": null
    },
    {
        "key": "eaw_diplo_popup_window_message_9_invite_faction:0",
        "original": "[?eaw_diplo_popup_reciever^9.GetNameDef] joined [?eaw_diplo_popup_sender^9.GetNameDef]",
        "translation": "[?eaw_diplo_popup_reciever^9.GetNameDef]이(가) [?eaw_diplo_popup_sender^9.GetNameDef]에 가입",
        "stage": 1,
        "context": null
    },
    {
        "key": "eaw_diplo_popup_window_message_10_invite_faction:0",
        "original": "[?eaw_diplo_popup_reciever^0.GetNameDef] joined [?eaw_diplo_popup_sender^10.GetNameDef]",
        "translation": "[?eaw_diplo_popup_reciever^0.GetNameDef]이(가) [?eaw_diplo_popup_sender^10.GetNameDef]에 가입",
        "stage": 1,
        "context": null
    },
    {
        "key": "eaw_diplo_popup_window_message_11_invite_faction:0",
        "original": "[?eaw_diplo_popup_reciever^1.GetNameDef] joined [?eaw_diplo_popup_sender^11.GetNameDef]",
        "translation": "[?eaw_diplo_popup_reciever^1.GetNameDef]이(가) [?eaw_diplo_popup_sender^11.GetNameDef]에 가입",
        "stage": 1,
        "context": null
    },
    {
        "key": "eaw_diplo_popup_window_message_12_invite_faction:0",
        "original": "[?eaw_diplo_popup_reciever^2.GetNameDef] joined [?eaw_diplo_popup_sender^12.GetNameDef]",
        "translation": "[?eaw_diplo_popup_reciever^2.GetNameDef]이(가) [?eaw_diplo_popup_sender^12.GetNameDef]에 가입",
        "stage": 1,
        "context": null
    },
    {
        "key": "eaw_diplo_popup_window_message_13_invite_faction:0",
        "original": "[?eaw_diplo_popup_reciever^3.GetNameDef] joined [?eaw_diplo_popup_sender^13.GetNameDef]",
        "translation": "[?eaw_diplo_popup_reciever^3.GetNameDef]이(가) [?eaw_diplo_popup_sender^13.GetNameDef]에 가입",
        "stage": 1,
        "context": null
    },
    {
        "key": "eaw_diplo_popup_window_message_14_invite_faction:0",
        "original": "[?eaw_diplo_popup_reciever^4.GetNameDef] joined [?eaw_diplo_popup_sender^14.GetNameDef]",
        "translation": "[?eaw_diplo_popup_reciever^4.GetNameDef]이(가) [?eaw_diplo_popup_sender^14.GetNameDef]에 가입",
        "stage": 1,
        "context": null
    },
    {
        "key": "eaw_diplo_popup_window_message_15_invite_faction:0",
        "original": "[?eaw_diplo_popup_reciever^5.GetNameDef] joined [?eaw_diplo_popup_sender^15.GetNameDef]",
        "translation": "[?eaw_diplo_popup_reciever^5.GetNameDef]이(가) [?eaw_diplo_popup_sender^15.GetNameDef]에 가입",
        "stage": 1,
        "context": null
    },
    {
        "key": "eaw_diplo_popup_window_message_16_invite_faction:0",
        "original": "[?eaw_diplo_popup_reciever^6.GetNameDef] joined [?eaw_diplo_popup_sender^16.GetNameDef]",
        "translation": "[?eaw_diplo_popup_reciever^6.GetNameDef]이(가) [?eaw_diplo_popup_sender^16.GetNameDef]에 가입",
        "stage": 1,
        "context": null
    },
    {
        "key": "eaw_diplo_popup_window_message_17_invite_faction:0",
        "original": "[?eaw_diplo_popup_reciever^7.GetNameDef] joined [?eaw_diplo_popup_sender^17.GetNameDef]",
        "translation": "[?eaw_diplo_popup_reciever^7.GetNameDef]이(가) [?eaw_diplo_popup_sender^17.GetNameDef]에 가입",
        "stage": 1,
        "context": null
    },
    {
        "key": "eaw_diplo_popup_window_message_18_invite_faction:0",
        "original": "[?eaw_diplo_popup_reciever^8.GetNameDef] joined [?eaw_diplo_popup_sender^18.GetNameDef]",
        "translation": "[?eaw_diplo_popup_reciever^8.GetNameDef]이(가) [?eaw_diplo_popup_sender^18.GetNameDef]에 가입",
        "stage": 1,
        "context": null
    },
    {
        "key": "eaw_diplo_popup_window_message_19_invite_faction:0",
        "original": "[?eaw_diplo_popup_reciever^9.GetNameDef] joined [?eaw_diplo_popup_sender^19.GetNameDef]",
        "translation": "[?eaw_diplo_popup_reciever^9.GetNameDef]이(가) [?eaw_diplo_popup_sender^19.GetNameDef]에 가입",
        "stage": 1,
        "context": null
    },
    {
        "key": "eaw_diplo_popup_window_title_0_invite_faction:0",
        "original": "Transmission from [?eaw_diplo_popup_sender^0.GetNameDef]",
        "translation": "[?eaw_diplo_popup_sender^0.GetNameDef]의 전송",
        "stage": 1,
        "context": null
    },
    {
        "key": "eaw_diplo_popup_window_title_1_invite_faction:0",
        "original": "Transmission from [?eaw_diplo_popup_sender^1.GetNameDef]",
        "translation": "[?eaw_diplo_popup_sender^1.GetNameDef]의 전송",
        "stage": 1,
        "context": null
    },
    {
        "key": "eaw_diplo_popup_window_title_2_invite_faction:0",
        "original": "Transmission from [?eaw_diplo_popup_sender^2.GetNameDef]",
        "translation": "[?eaw_diplo_popup_sender^2.GetNameDef]의 전송",
        "stage": 1,
        "context": null
    },
    {
        "key": "eaw_diplo_popup_window_title_3_invite_faction:0",
        "original": "Transmission from [?eaw_diplo_popup_sender^3.GetNameDef]",
        "translation": "[?eaw_diplo_popup_sender^3.GetNameDef]의 전송",
        "stage": 1,
        "context": null
    },
    {
        "key": "eaw_diplo_popup_window_title_4_invite_faction:0",
        "original": "Transmission from [?eaw_diplo_popup_sender^4.GetNameDef]",
        "translation": "[?eaw_diplo_popup_sender^4.GetNameDef]의 전송",
        "stage": 1,
        "context": null
    },
    {
        "key": "eaw_diplo_popup_window_title_5_invite_faction:0",
        "original": "Transmission from [?eaw_diplo_popup_sender^5.GetNameDef]",
        "translation": "[?eaw_diplo_popup_sender^5.GetNameDef]의 전송",
        "stage": 1,
        "context": null
    },
    {
        "key": "eaw_diplo_popup_window_title_6_invite_faction:0",
        "original": "Transmission from [?eaw_diplo_popup_sender^6.GetNameDef]",
        "translation": "[?eaw_diplo_popup_sender^6.GetNameDef]의 전송",
        "stage": 1,
        "context": null
    },
    {
        "key": "eaw_diplo_popup_window_title_7_invite_faction:0",
        "original": "Transmission from [?eaw_diplo_popup_sender^7.GetNameDef]",
        "translation": "[?eaw_diplo_popup_sender^7.GetNameDef]의 전송",
        "stage": 1,
        "context": null
    },
    {
        "key": "eaw_diplo_popup_window_title_8_invite_faction:0",
        "original": "Transmission from [?eaw_diplo_popup_sender^8.GetNameDef]",
        "translation": "[?eaw_diplo_popup_sender^8.GetNameDef]의 전송",
        "stage": 1,
        "context": null
    },
    {
        "key": "eaw_diplo_popup_window_title_9_invite_faction:0",
        "original": "Transmission from [?eaw_diplo_popup_sender^9.GetNameDef]",
        "translation": "[?eaw_diplo_popup_sender^9.GetNameDef]의 전송",
        "stage": 1,
        "context": null
    },
    {
        "key": "eaw_diplo_popup_window_title_10_invite_faction:0",
        "original": "Transmission from [?eaw_diplo_popup_sender^10.GetNameDef]",
        "translation": "[?eaw_diplo_popup_sender^10.GetNameDef]의 전송",
        "stage": 1,
        "context": null
    },
    {
        "key": "eaw_diplo_popup_window_title_11_invite_faction:0",
        "original": "Transmission from [?eaw_diplo_popup_sender^11.GetNameDef]",
        "translation": "[?eaw_diplo_popup_sender^11.GetNameDef]의 전송",
        "stage": 1,
        "context": null
    },
    {
        "key": "eaw_diplo_popup_window_title_12_invite_faction:0",
        "original": "Transmission from [?eaw_diplo_popup_sender^12.GetNameDef]",
        "translation": "[?eaw_diplo_popup_sender^12.GetNameDef]의 전송",
        "stage": 1,
        "context": null
    },
    {
        "key": "eaw_diplo_popup_window_title_13_invite_faction:0",
        "original": "Transmission from [?eaw_diplo_popup_sender^13.GetNameDef]",
        "translation": "[?eaw_diplo_popup_sender^13.GetNameDef]의 전송",
        "stage": 1,
        "context": null
    },
    {
        "key": "eaw_diplo_popup_window_title_14_invite_faction:0",
        "original": "Transmission from [?eaw_diplo_popup_sender^14.GetNameDef]",
        "translation": "[?eaw_diplo_popup_sender^14.GetNameDef]의 전송",
        "stage": 1,
        "context": null
    },
    {
        "key": "eaw_diplo_popup_window_title_15_invite_faction:0",
        "original": "Transmission from [?eaw_diplo_popup_sender^15.GetNameDef]",
        "translation": "[?eaw_diplo_popup_sender^15.GetNameDef]의 전송",
        "stage": 1,
        "context": null
    },
    {
        "key": "eaw_diplo_popup_window_title_16_invite_faction:0",
        "original": "Transmission from [?eaw_diplo_popup_sender^16.GetNameDef]",
        "translation": "[?eaw_diplo_popup_sender^16.GetNameDef]의 전송",
        "stage": 1,
        "context": null
    },
    {
        "key": "eaw_diplo_popup_window_title_17_invite_faction:0",
        "original": "Transmission from [?eaw_diplo_popup_sender^17.GetNameDef]",
        "translation": "[?eaw_diplo_popup_sender^17.GetNameDef]의 전송",
        "stage": 1,
        "context": null
    },
    {
        "key": "eaw_diplo_popup_window_title_18_invite_faction:0",
        "original": "Transmission from [?eaw_diplo_popup_sender^18.GetNameDef]",
        "translation": "[?eaw_diplo_popup_sender^18.GetNameDef]의 전송",
        "stage": 1,
        "context": null
    },
    {
        "key": "eaw_diplo_popup_window_title_19_invite_faction:0",
        "original": "Transmission from [?eaw_diplo_popup_sender^19.GetNameDef]",
        "translation": "[?eaw_diplo_popup_sender^19.GetNameDef]의 전송",
        "stage": 1,
        "context": null
    },
    {
        "key": "eaw_diplo_popup_window_message_0_join_faction:0",
        "original": "[?eaw_diplo_popup_sender^0.GetNameDef] joined [?eaw_diplo_popup_reciever^0.GetNameDef] in the §Y[?eaw_diplo_popup_reciever^0.GetFactionName]§!",
        "translation": "[?eaw_diplo_popup_sender^0.GetNameDef]이(가) [?eaw_diplo_popup_reciever^0.GetNameDef]에 가입",
        "stage": 1,
        "context": null
    },
    {
        "key": "eaw_diplo_popup_window_message_1_join_faction:0",
        "original": "[?eaw_diplo_popup_sender^1.GetNameDef] joined [?eaw_diplo_popup_reciever^1.GetNameDef] in the §Y[?eaw_diplo_popup_reciever^1.GetFactionName]§!",
        "translation": "[?eaw_diplo_popup_sender^1.GetNameDef]이(가) [?eaw_diplo_popup_reciever^1.GetNameDef]에 가입",
        "stage": 1,
        "context": null
    },
    {
        "key": "eaw_diplo_popup_window_message_2_join_faction:0",
        "original": "[?eaw_diplo_popup_sender^2.GetNameDef] joined [?eaw_diplo_popup_reciever^2.GetNameDef] in the §Y[?eaw_diplo_popup_reciever^2.GetFactionName]§!",
        "translation": "[?eaw_diplo_popup_sender^2.GetNameDef]이(가) [?eaw_diplo_popup_reciever^2.GetNameDef]에 가입",
        "stage": 1,
        "context": null
    },
    {
        "key": "eaw_diplo_popup_window_message_3_join_faction:0",
        "original": "[?eaw_diplo_popup_sender^3.GetNameDef] joined [?eaw_diplo_popup_reciever^3.GetNameDef] in the §Y[?eaw_diplo_popup_reciever^3.GetFactionName]§!",
        "translation": "[?eaw_diplo_popup_sender^3.GetNameDef]이(가) [?eaw_diplo_popup_reciever^3.GetNameDef]에 가입",
        "stage": 1,
        "context": null
    },
    {
        "key": "eaw_diplo_popup_window_message_4_join_faction:0",
        "original": "[?eaw_diplo_popup_sender^4.GetNameDef] joined [?eaw_diplo_popup_reciever^4.GetNameDef] in the §Y[?eaw_diplo_popup_reciever^4.GetFactionName]§!",
        "translation": "[?eaw_diplo_popup_sender^4.GetNameDef]이(가) [?eaw_diplo_popup_reciever^4.GetNameDef]에 가입",
        "stage": 1,
        "context": null
    },
    {
        "key": "eaw_diplo_popup_window_message_5_join_faction:0",
        "original": "[?eaw_diplo_popup_sender^5.GetNameDef] joined [?eaw_diplo_popup_reciever^5.GetNameDef] in the §Y[?eaw_diplo_popup_reciever^5.GetFactionName]§!",
        "translation": "[?eaw_diplo_popup_sender^5.GetNameDef]이(가) [?eaw_diplo_popup_reciever^5.GetNameDef]에 가입",
        "stage": 1,
        "context": null
    },
    {
        "key": "eaw_diplo_popup_window_message_6_join_faction:0",
        "original": "[?eaw_diplo_popup_sender^6.GetNameDef] joined [?eaw_diplo_popup_reciever^6.GetNameDef] in the §Y[?eaw_diplo_popup_reciever^6.GetFactionName]§!",
        "translation": "[?eaw_diplo_popup_sender^6.GetNameDef]이(가) [?eaw_diplo_popup_reciever^6.GetNameDef]에 가입",
        "stage": 1,
        "context": null
    },
    {
        "key": "eaw_diplo_popup_window_message_7_join_faction:0",
        "original": "[?eaw_diplo_popup_sender^7.GetNameDef] joined [?eaw_diplo_popup_reciever^7.GetNameDef] in the §Y[?eaw_diplo_popup_reciever^7.GetFactionName]§!",
        "translation": "[?eaw_diplo_popup_sender^7.GetNameDef]이(가) [?eaw_diplo_popup_reciever^7.GetNameDef]에 가입",
        "stage": 1,
        "context": null
    },
    {
        "key": "eaw_diplo_popup_window_message_8_join_faction:0",
        "original": "[?eaw_diplo_popup_sender^8.GetNameDef] joined [?eaw_diplo_popup_reciever^8.GetNameDef] in the §Y[?eaw_diplo_popup_reciever^8.GetFactionName]§!",
        "translation": "[?eaw_diplo_popup_sender^8.GetNameDef]이(가) [?eaw_diplo_popup_reciever^8.GetNameDef]에 가입",
        "stage": 1,
        "context": null
    },
    {
        "key": "eaw_diplo_popup_window_message_9_join_faction:0",
        "original": "[?eaw_diplo_popup_sender^9.GetNameDef] joined [?eaw_diplo_popup_reciever^9.GetNameDef] in the §Y[?eaw_diplo_popup_reciever^9.GetFactionName]§!",
        "translation": "[?eaw_diplo_popup_sender^9.GetNameDef]이(가) [?eaw_diplo_popup_reciever^9.GetNameDef]에 가입",
        "stage": 1,
        "context": null
    },
    {
        "key": "eaw_diplo_popup_window_message_10_join_faction:0",
        "original": "[?eaw_diplo_popup_sender^10.GetNameDef] joined [?eaw_diplo_popup_reciever^0.GetNameDef] in the §Y[?eaw_diplo_popup_reciever^10.GetFactionName]§!",
        "translation": "[?eaw_diplo_popup_sender^10.GetNameDef]이(가) [?eaw_diplo_popup_reciever^0.GetNameDef]에 가입",
        "stage": 1,
        "context": null
    },
    {
        "key": "eaw_diplo_popup_window_message_11_join_faction:0",
        "original": "[?eaw_diplo_popup_sender^11.GetNameDef] joined [?eaw_diplo_popup_reciever^1.GetNameDef] in the §Y[?eaw_diplo_popup_reciever^11.GetFactionName]§!",
        "translation": "[?eaw_diplo_popup_sender^11.GetNameDef]이(가) [?eaw_diplo_popup_reciever^1.GetNameDef]에 가입",
        "stage": 1,
        "context": null
    },
    {
        "key": "eaw_diplo_popup_window_message_12_join_faction:0",
        "original": "[?eaw_diplo_popup_sender^12.GetNameDef] joined [?eaw_diplo_popup_reciever^2.GetNameDef] in the §Y[?eaw_diplo_popup_reciever^11.GetFactionName]§!",
        "translation": "[?eaw_diplo_popup_sender^12.GetNameDef]이(가) [?eaw_diplo_popup_reciever^2.GetNameDef]에 가입",
        "stage": 1,
        "context": null
    },
    {
        "key": "eaw_diplo_popup_window_message_13_join_faction:0",
        "original": "[?eaw_diplo_popup_sender^13.GetNameDef] joined [?eaw_diplo_popup_reciever^3.GetNameDef] in the §Y[?eaw_diplo_popup_reciever^11.GetFactionName]§!",
        "translation": "[?eaw_diplo_popup_sender^13.GetNameDef]이(가) [?eaw_diplo_popup_reciever^3.GetNameDef]에 가입",
        "stage": 1,
        "context": null
    },
    {
        "key": "eaw_diplo_popup_window_message_14_join_faction:0",
        "original": "[?eaw_diplo_popup_sender^14.GetNameDef] joined [?eaw_diplo_popup_reciever^4.GetNameDef] in the §Y[?eaw_diplo_popup_reciever^11.GetFactionName]§!",
        "translation": "[?eaw_diplo_popup_sender^14.GetNameDef]이(가) [?eaw_diplo_popup_reciever^4.GetNameDef]에 가입",
        "stage": 1,
        "context": null
    },
    {
        "key": "eaw_diplo_popup_window_message_15_join_faction:0",
        "original": "[?eaw_diplo_popup_sender^15.GetNameDef] joined [?eaw_diplo_popup_reciever^5.GetNameDef] in the §Y[?eaw_diplo_popup_reciever^11.GetFactionName]§!",
        "translation": "[?eaw_diplo_popup_sender^15.GetNameDef]이(가) [?eaw_diplo_popup_reciever^5.GetNameDef]에 가입",
        "stage": 1,
        "context": null
    },
    {
        "key": "eaw_diplo_popup_window_message_16_join_faction:0",
        "original": "[?eaw_diplo_popup_sender^16.GetNameDef] joined [?eaw_diplo_popup_reciever^6.GetNameDef] in the §Y[?eaw_diplo_popup_reciever^11.GetFactionName]§!",
        "translation": "[?eaw_diplo_popup_sender^16.GetNameDef]이(가) [?eaw_diplo_popup_reciever^6.GetNameDef]에 가입",
        "stage": 1,
        "context": null
    },
    {
        "key": "eaw_diplo_popup_window_message_17_join_faction:0",
        "original": "[?eaw_diplo_popup_sender^17.GetNameDef] joined [?eaw_diplo_popup_reciever^7.GetNameDef] in the §Y[?eaw_diplo_popup_reciever^11.GetFactionName]§!",
        "translation": "[?eaw_diplo_popup_sender^17.GetNameDef]이(가) [?eaw_diplo_popup_reciever^7.GetNameDef]에 가입",
        "stage": 1,
        "context": null
    },
    {
        "key": "eaw_diplo_popup_window_message_18_join_faction:0",
        "original": "[?eaw_diplo_popup_sender^18.GetNameDef] joined [?eaw_diplo_popup_reciever^8.GetNameDef] in the §Y[?eaw_diplo_popup_reciever^11.GetFactionName]§!",
        "translation": "[?eaw_diplo_popup_sender^18.GetNameDef]이(가) [?eaw_diplo_popup_reciever^8.GetNameDef]에 가입",
        "stage": 1,
        "context": null
    },
    {
        "key": "eaw_diplo_popup_window_message_19_join_faction:0",
        "original": "[?eaw_diplo_popup_sender^19.GetNameDef] joined [?eaw_diplo_popup_reciever^9.GetNameDef] in the §Y[?eaw_diplo_popup_reciever^11.GetFactionName]§!",
        "translation": "[?eaw_diplo_popup_sender^19.GetNameDef]이(가) [?eaw_diplo_popup_reciever^9.GetNameDef]에 가입",
        "stage": 1,
        "context": null
    },
    {
        "key": "eaw_diplo_popup_window_title_0_join_faction:0",
        "original": "Transmission from [?eaw_diplo_popup_sender^0.GetNameDef]",
        "translation": "[?eaw_diplo_popup_sender^0.GetNameDef]의 전송",
        "stage": 1,
        "context": null
    },
    {
        "key": "eaw_diplo_popup_window_title_1_join_faction:0",
        "original": "Transmission from [?eaw_diplo_popup_sender^1.GetNameDef]",
        "translation": "[?eaw_diplo_popup_sender^1.GetNameDef]의 전송",
        "stage": 1,
        "context": null
    },
    {
        "key": "eaw_diplo_popup_window_title_2_join_faction:0",
        "original": "Transmission from [?eaw_diplo_popup_sender^2.GetNameDef]",
        "translation": "[?eaw_diplo_popup_sender^2.GetNameDef]의 전송",
        "stage": 1,
        "context": null
    },
    {
        "key": "eaw_diplo_popup_window_title_3_join_faction:0",
        "original": "Transmission from [?eaw_diplo_popup_sender^3.GetNameDef]",
        "translation": "[?eaw_diplo_popup_sender^3.GetNameDef]의 전송",
        "stage": 1,
        "context": null
    },
    {
        "key": "eaw_diplo_popup_window_title_4_join_faction:0",
        "original": "Transmission from [?eaw_diplo_popup_sender^4.GetNameDef]",
        "translation": "[?eaw_diplo_popup_sender^4.GetNameDef]의 전송",
        "stage": 1,
        "context": null
    },
    {
        "key": "eaw_diplo_popup_window_title_5_join_faction:0",
        "original": "Transmission from [?eaw_diplo_popup_sender^5.GetNameDef]",
        "translation": "[?eaw_diplo_popup_sender^5.GetNameDef]의 전송",
        "stage": 1,
        "context": null
    },
    {
        "key": "eaw_diplo_popup_window_title_6_join_faction:0",
        "original": "Transmission from [?eaw_diplo_popup_sender^6.GetNameDef]",
        "translation": "[?eaw_diplo_popup_sender^6.GetNameDef]의 전송",
        "stage": 1,
        "context": null
    },
    {
        "key": "eaw_diplo_popup_window_title_7_join_faction:0",
        "original": "Transmission from [?eaw_diplo_popup_sender^7.GetNameDef]",
        "translation": "[?eaw_diplo_popup_sender^7.GetNameDef]의 전송",
        "stage": 1,
        "context": null
    },
    {
        "key": "eaw_diplo_popup_window_title_8_join_faction:0",
        "original": "Transmission from [?eaw_diplo_popup_sender^8.GetNameDef]",
        "translation": "[?eaw_diplo_popup_sender^8.GetNameDef]의 전송",
        "stage": 1,
        "context": null
    },
    {
        "key": "eaw_diplo_popup_window_title_9_join_faction:0",
        "original": "Transmission from [?eaw_diplo_popup_sender^9.GetNameDef]",
        "translation": "[?eaw_diplo_popup_sender^9.GetNameDef]의 전송",
        "stage": 1,
        "context": null
    },
    {
        "key": "eaw_diplo_popup_window_title_10_join_faction:0",
        "original": "Transmission from [?eaw_diplo_popup_sender^10.GetNameDef]",
        "translation": "[?eaw_diplo_popup_sender^10.GetNameDef]의 전송",
        "stage": 1,
        "context": null
    },
    {
        "key": "eaw_diplo_popup_window_title_11_join_faction:0",
        "original": "Transmission from [?eaw_diplo_popup_sender^11.GetNameDef]",
        "translation": "[?eaw_diplo_popup_sender^11.GetNameDef]의 전송",
        "stage": 1,
        "context": null
    },
    {
        "key": "eaw_diplo_popup_window_title_12_join_faction:0",
        "original": "Transmission from [?eaw_diplo_popup_sender^12.GetNameDef]",
        "translation": "[?eaw_diplo_popup_sender^12.GetNameDef]의 전송",
        "stage": 1,
        "context": null
    },
    {
        "key": "eaw_diplo_popup_window_title_13_join_faction:0",
        "original": "Transmission from [?eaw_diplo_popup_sender^13.GetNameDef]",
        "translation": "[?eaw_diplo_popup_sender^13.GetNameDef]의 전송",
        "stage": 1,
        "context": null
    },
    {
        "key": "eaw_diplo_popup_window_title_14_join_faction:0",
        "original": "Transmission from [?eaw_diplo_popup_sender^14.GetNameDef]",
        "translation": "[?eaw_diplo_popup_sender^14.GetNameDef]의 전송",
        "stage": 1,
        "context": null
    },
    {
        "key": "eaw_diplo_popup_window_title_15_join_faction:0",
        "original": "Transmission from [?eaw_diplo_popup_sender^15.GetNameDef]",
        "translation": "[?eaw_diplo_popup_sender^15.GetNameDef]의 전송",
        "stage": 1,
        "context": null
    },
    {
        "key": "eaw_diplo_popup_window_title_16_join_faction:0",
        "original": "Transmission from [?eaw_diplo_popup_sender^16.GetNameDef]",
        "translation": "[?eaw_diplo_popup_sender^16.GetNameDef]의 전송",
        "stage": 1,
        "context": null
    },
    {
        "key": "eaw_diplo_popup_window_title_17_join_faction:0",
        "original": "Transmission from [?eaw_diplo_popup_sender^17.GetNameDef]",
        "translation": "[?eaw_diplo_popup_sender^17.GetNameDef]의 전송",
        "stage": 1,
        "context": null
    },
    {
        "key": "eaw_diplo_popup_window_title_18_join_faction:0",
        "original": "Transmission from [?eaw_diplo_popup_sender^18.GetNameDef]",
        "translation": "[?eaw_diplo_popup_sender^18.GetNameDef]의 전송",
        "stage": 1,
        "context": null
    },
    {
        "key": "eaw_diplo_popup_window_title_19_join_faction:0",
        "original": "Transmission from [?eaw_diplo_popup_sender^19.GetNameDef]",
        "translation": "[?eaw_diplo_popup_sender^19.GetNameDef]의 전송",
        "stage": 1,
        "context": null
    },
    {
        "key": "eaw_diplo_popup_window_message_0_puppet:0",
        "original": "[?eaw_diplo_popup_sender^0.GetNameDef] became a subject of [?eaw_diplo_popup_reciever^0.GetNameDef]",
        "translation": "[?eaw_diplo_popup_sender^0.GetNameDef]은(는) [?eaw_diplo_popup_reciever^0.GetNameDef]의 속국이 되었습니다",
        "stage": 1,
        "context": null
    },
    {
        "key": "eaw_diplo_popup_window_message_1_puppet:0",
        "original": "[?eaw_diplo_popup_sender^1.GetNameDef] became a subject of [?eaw_diplo_popup_reciever^1.GetNameDef]",
        "translation": "[?eaw_diplo_popup_sender^1.GetNameDef]은(는) [?eaw_diplo_popup_reciever^1.GetNameDef]의 속국이 되었습니다",
        "stage": 1,
        "context": null
    },
    {
        "key": "eaw_diplo_popup_window_message_2_puppet:0",
        "original": "[?eaw_diplo_popup_sender^2.GetNameDef] became a subject of [?eaw_diplo_popup_reciever^2.GetNameDef]",
        "translation": "[?eaw_diplo_popup_sender^2.GetNameDef]은(는) [?eaw_diplo_popup_reciever^2.GetNameDef]의 속국이 되었습니다",
        "stage": 1,
        "context": null
    },
    {
        "key": "eaw_diplo_popup_window_message_3_puppet:0",
        "original": "[?eaw_diplo_popup_sender^3.GetNameDef] became a subject of [?eaw_diplo_popup_reciever^3.GetNameDef]",
        "translation": "[?eaw_diplo_popup_sender^3.GetNameDef]은(는) [?eaw_diplo_popup_reciever^3.GetNameDef]의 속국이 되었습니다",
        "stage": 1,
        "context": null
    },
    {
        "key": "eaw_diplo_popup_window_message_4_puppet:0",
        "original": "[?eaw_diplo_popup_sender^4.GetNameDef] became a subject of [?eaw_diplo_popup_reciever^4.GetNameDef]",
        "translation": "[?eaw_diplo_popup_sender^4.GetNameDef]은(는) [?eaw_diplo_popup_reciever^4.GetNameDef]의 속국이 되었습니다",
        "stage": 1,
        "context": null
    },
    {
        "key": "eaw_diplo_popup_window_message_5_puppet:0",
        "original": "[?eaw_diplo_popup_sender^5.GetNameDef] became a subject of [?eaw_diplo_popup_reciever^5.GetNameDef]",
        "translation": "[?eaw_diplo_popup_sender^5.GetNameDef]은(는) [?eaw_diplo_popup_reciever^5.GetNameDef]의 속국이 되었습니다",
        "stage": 1,
        "context": null
    },
    {
        "key": "eaw_diplo_popup_window_message_6_puppet:0",
        "original": "[?eaw_diplo_popup_sender^6.GetNameDef] became a subject of [?eaw_diplo_popup_reciever^6.GetNameDef]",
        "translation": "[?eaw_diplo_popup_sender^6.GetNameDef]은(는) [?eaw_diplo_popup_reciever^6.GetNameDef]의 속국이 되었습니다",
        "stage": 1,
        "context": null
    },
    {
        "key": "eaw_diplo_popup_window_message_7_puppet:0",
        "original": "[?eaw_diplo_popup_sender^7.GetNameDef] became a subject of [?eaw_diplo_popup_reciever^7.GetNameDef]",
        "translation": "[?eaw_diplo_popup_sender^7.GetNameDef]은(는) [?eaw_diplo_popup_reciever^7.GetNameDef]의 속국이 되었습니다",
        "stage": 1,
        "context": null
    },
    {
        "key": "eaw_diplo_popup_window_message_8_puppet:0",
        "original": "[?eaw_diplo_popup_sender^8.GetNameDef] became a subject of [?eaw_diplo_popup_reciever^8.GetNameDef]",
        "translation": "[?eaw_diplo_popup_sender^8.GetNameDef]은(는) [?eaw_diplo_popup_reciever^8.GetNameDef]의 속국이 되었습니다",
        "stage": 1,
        "context": null
    },
    {
        "key": "eaw_diplo_popup_window_message_9_puppet:0",
        "original": "[?eaw_diplo_popup_sender^9.GetNameDef] became a subject of [?eaw_diplo_popup_reciever^9.GetNameDef]",
        "translation": "[?eaw_diplo_popup_sender^9.GetNameDef]은(는) [?eaw_diplo_popup_reciever^9.GetNameDef]의 속국이 되었습니다",
        "stage": 1,
        "context": null
    },
    {
        "key": "eaw_diplo_popup_window_message_10_puppet:0",
        "original": "[?eaw_diplo_popup_sender^10.GetNameDef] became a subject of [?eaw_diplo_popup_reciever^0.GetNameDef]",
        "translation": "[?eaw_diplo_popup_sender^10.GetNameDef]은(는) [?eaw_diplo_popup_reciever^0.GetNameDef]의 속국이 되었습니다",
        "stage": 1,
        "context": null
    },
    {
        "key": "eaw_diplo_popup_window_message_11_puppet:0",
        "original": "[?eaw_diplo_popup_sender^11.GetNameDef] became a subject of [?eaw_diplo_popup_reciever^1.GetNameDef]",
        "translation": "[?eaw_diplo_popup_sender^11.GetNameDef]은(는) [?eaw_diplo_popup_reciever^1.GetNameDef]의 속국이 되었습니다",
        "stage": 1,
        "context": null
    },
    {
        "key": "eaw_diplo_popup_window_message_12_puppet:0",
        "original": "[?eaw_diplo_popup_sender^12.GetNameDef] became a subject of [?eaw_diplo_popup_reciever^2.GetNameDef]",
        "translation": "[?eaw_diplo_popup_sender^12.GetNameDef]은(는) [?eaw_diplo_popup_reciever^2.GetNameDef]의 속국이 되었습니다",
        "stage": 1,
        "context": null
    },
    {
        "key": "eaw_diplo_popup_window_message_13_puppet:0",
        "original": "[?eaw_diplo_popup_sender^13.GetNameDef] became a subject of [?eaw_diplo_popup_reciever^3.GetNameDef]",
        "translation": "[?eaw_diplo_popup_sender^13.GetNameDef]은(는) [?eaw_diplo_popup_reciever^3.GetNameDef]의 속국이 되었습니다",
        "stage": 1,
        "context": null
    },
    {
        "key": "eaw_diplo_popup_window_message_14_puppet:0",
        "original": "[?eaw_diplo_popup_sender^14.GetNameDef] became a subject of [?eaw_diplo_popup_reciever^4.GetNameDef]",
        "translation": "[?eaw_diplo_popup_sender^14.GetNameDef]은(는) [?eaw_diplo_popup_reciever^4.GetNameDef]의 속국이 되었습니다",
        "stage": 1,
        "context": null
    },
    {
        "key": "eaw_diplo_popup_window_message_15_puppet:0",
        "original": "[?eaw_diplo_popup_sender^15.GetNameDef] became a subject of [?eaw_diplo_popup_reciever^5.GetNameDef]",
        "translation": "[?eaw_diplo_popup_sender^15.GetNameDef]은(는) [?eaw_diplo_popup_reciever^5.GetNameDef]의 속국이 되었습니다",
        "stage": 1,
        "context": null
    },
    {
        "key": "eaw_diplo_popup_window_message_16_puppet:0",
        "original": "[?eaw_diplo_popup_sender^16.GetNameDef] became a subject of [?eaw_diplo_popup_reciever^6.GetNameDef]",
        "translation": "[?eaw_diplo_popup_sender^16.GetNameDef]은(는) [?eaw_diplo_popup_reciever^6.GetNameDef]의 속국이 되었습니다",
        "stage": 1,
        "context": null
    },
    {
        "key": "eaw_diplo_popup_window_message_17_puppet:0",
        "original": "[?eaw_diplo_popup_sender^17.GetNameDef] became a subject of [?eaw_diplo_popup_reciever^7.GetNameDef]",
        "translation": "[?eaw_diplo_popup_sender^17.GetNameDef]은(는) [?eaw_diplo_popup_reciever^7.GetNameDef]의 속국이 되었습니다",
        "stage": 1,
        "context": null
    },
    {
        "key": "eaw_diplo_popup_window_message_18_puppet:0",
        "original": "[?eaw_diplo_popup_sender^18.GetNameDef] became a subject of [?eaw_diplo_popup_reciever^8.GetNameDef]",
        "translation": "[?eaw_diplo_popup_sender^18.GetNameDef]은(는) [?eaw_diplo_popup_reciever^8.GetNameDef]의 속국이 되었습니다",
        "stage": 1,
        "context": null
    },
    {
        "key": "eaw_diplo_popup_window_message_19_puppet:0",
        "original": "[?eaw_diplo_popup_sender^19.GetNameDef] became a subject of [?eaw_diplo_popup_reciever^9.GetNameDef]",
        "translation": "[?eaw_diplo_popup_sender^19.GetNameDef]은(는) [?eaw_diplo_popup_reciever^9.GetNameDef]의 속국이 되었습니다",
        "stage": 1,
        "context": null
    },
    {
        "key": "eaw_diplo_popup_window_title_0_puppet:0",
        "original": "Transmission from [?eaw_diplo_popup_sender^0.GetNameDef]",
        "translation": "[?eaw_diplo_popup_sender^0.GetNameDef]의 전송",
        "stage": 1,
        "context": null
    },
    {
        "key": "eaw_diplo_popup_window_title_1_puppet:0",
        "original": "Transmission from [?eaw_diplo_popup_sender^1.GetNameDef]",
        "translation": "[?eaw_diplo_popup_sender^1.GetNameDef]의 전송",
        "stage": 1,
        "context": null
    },
    {
        "key": "eaw_diplo_popup_window_title_2_puppet:0",
        "original": "Transmission from [?eaw_diplo_popup_sender^2.GetNameDef]",
        "translation": "[?eaw_diplo_popup_sender^2.GetNameDef]의 전송",
        "stage": 1,
        "context": null
    },
    {
        "key": "eaw_diplo_popup_window_title_3_puppet:0",
        "original": "Transmission from [?eaw_diplo_popup_sender^3.GetNameDef]",
        "translation": "[?eaw_diplo_popup_sender^3.GetNameDef]의 전송",
        "stage": 1,
        "context": null
    },
    {
        "key": "eaw_diplo_popup_window_title_4_puppet:0",
        "original": "Transmission from [?eaw_diplo_popup_sender^4.GetNameDef]",
        "translation": "[?eaw_diplo_popup_sender^4.GetNameDef]의 전송",
        "stage": 1,
        "context": null
    },
    {
        "key": "eaw_diplo_popup_window_title_5_puppet:0",
        "original": "Transmission from [?eaw_diplo_popup_sender^5.GetNameDef]",
        "translation": "[?eaw_diplo_popup_sender^5.GetNameDef]의 전송",
        "stage": 1,
        "context": null
    },
    {
        "key": "eaw_diplo_popup_window_title_6_puppet:0",
        "original": "Transmission from [?eaw_diplo_popup_sender^6.GetNameDef]",
        "translation": "[?eaw_diplo_popup_sender^6.GetNameDef]의 전송",
        "stage": 1,
        "context": null
    },
    {
        "key": "eaw_diplo_popup_window_title_7_puppet:0",
        "original": "Transmission from [?eaw_diplo_popup_sender^7.GetNameDef]",
        "translation": "[?eaw_diplo_popup_sender^7.GetNameDef]의 전송",
        "stage": 1,
        "context": null
    },
    {
        "key": "eaw_diplo_popup_window_title_8_puppet:0",
        "original": "Transmission from [?eaw_diplo_popup_sender^8.GetNameDef]",
        "translation": "[?eaw_diplo_popup_sender^8.GetNameDef]의 전송",
        "stage": 1,
        "context": null
    },
    {
        "key": "eaw_diplo_popup_window_title_9_puppet:0",
        "original": "Transmission from [?eaw_diplo_popup_sender^9.GetNameDef]",
        "translation": "[?eaw_diplo_popup_sender^9.GetNameDef]의 전송",
        "stage": 1,
        "context": null
    },
    {
        "key": "eaw_diplo_popup_window_title_10_puppet:0",
        "original": "Transmission from [?eaw_diplo_popup_sender^10.GetNameDef]",
        "translation": "[?eaw_diplo_popup_sender^10.GetNameDef]의 전송",
        "stage": 1,
        "context": null
    },
    {
        "key": "eaw_diplo_popup_window_title_11_puppet:0",
        "original": "Transmission from [?eaw_diplo_popup_sender^11.GetNameDef]",
        "translation": "[?eaw_diplo_popup_sender^11.GetNameDef]의 전송",
        "stage": 1,
        "context": null
    },
    {
        "key": "eaw_diplo_popup_window_title_12_puppet:0",
        "original": "Transmission from [?eaw_diplo_popup_sender^12.GetNameDef]",
        "translation": "[?eaw_diplo_popup_sender^12.GetNameDef]의 전송",
        "stage": 1,
        "context": null
    },
    {
        "key": "eaw_diplo_popup_window_title_13_puppet:0",
        "original": "Transmission from [?eaw_diplo_popup_sender^13.GetNameDef]",
        "translation": "[?eaw_diplo_popup_sender^13.GetNameDef]의 전송",
        "stage": 1,
        "context": null
    },
    {
        "key": "eaw_diplo_popup_window_title_14_puppet:0",
        "original": "Transmission from [?eaw_diplo_popup_sender^14.GetNameDef]",
        "translation": "[?eaw_diplo_popup_sender^14.GetNameDef]의 전송",
        "stage": 1,
        "context": null
    },
    {
        "key": "eaw_diplo_popup_window_title_15_puppet:0",
        "original": "Transmission from [?eaw_diplo_popup_sender^15.GetNameDef]",
        "translation": "[?eaw_diplo_popup_sender^15.GetNameDef]의 전송",
        "stage": 1,
        "context": null
    },
    {
        "key": "eaw_diplo_popup_window_title_16_puppet:0",
        "original": "Transmission from [?eaw_diplo_popup_sender^16.GetNameDef]",
        "translation": "[?eaw_diplo_popup_sender^16.GetNameDef]의 전송",
        "stage": 1,
        "context": null
    },
    {
        "key": "eaw_diplo_popup_window_title_17_puppet:0",
        "original": "Transmission from [?eaw_diplo_popup_sender^17.GetNameDef]",
        "translation": "[?eaw_diplo_popup_sender^17.GetNameDef]의 전송",
        "stage": 1,
        "context": null
    },
    {
        "key": "eaw_diplo_popup_window_title_18_puppet:0",
        "original": "Transmission from [?eaw_diplo_popup_sender^18.GetNameDef]",
        "translation": "[?eaw_diplo_popup_sender^18.GetNameDef]의 전송",
        "stage": 1,
        "context": null
    },
    {
        "key": "eaw_diplo_popup_window_title_19_puppet:0",
        "original": "Transmission from [?eaw_diplo_popup_sender^19.GetNameDef]",
        "translation": "[?eaw_diplo_popup_sender^19.GetNameDef]의 전송",
        "stage": 1,
        "context": null
    },
    {
        "key": "eaw_diplo_popup_window_message_0_free:0",
        "original": "[?eaw_diplo_popup_sender^0.GetNameDef] broke free from the influence of [?eaw_diplo_popup_reciever^0.GetNameDef]",
        "translation": "[?eaw_diplo_popup_sender^0.GetNameDef]은(는) [?eaw_diplo_popup_reciever^0.GetNameDef]의 영향력에서 벗어났습니다",
        "stage": 1,
        "context": null
    },
    {
        "key": "eaw_diplo_popup_window_message_1_free:0",
        "original": "[?eaw_diplo_popup_sender^1.GetNameDef] broke free from the influence of [?eaw_diplo_popup_reciever^1.GetNameDef]",
        "translation": "[?eaw_diplo_popup_sender^1.GetNameDef]은(는) [?eaw_diplo_popup_reciever^1.GetNameDef]의 영향력에서 벗어났습니다",
        "stage": 1,
        "context": null
    },
    {
        "key": "eaw_diplo_popup_window_message_2_free:0",
        "original": "[?eaw_diplo_popup_sender^2.GetNameDef] broke free from the influence of [?eaw_diplo_popup_reciever^2.GetNameDef]",
        "translation": "[?eaw_diplo_popup_sender^2.GetNameDef]은(는) [?eaw_diplo_popup_reciever^2.GetNameDef]의 영향력에서 벗어났습니다",
        "stage": 1,
        "context": null
    },
    {
        "key": "eaw_diplo_popup_window_message_3_free:0",
        "original": "[?eaw_diplo_popup_sender^3.GetNameDef] broke free from the influence of [?eaw_diplo_popup_reciever^3.GetNameDef]",
        "translation": "[?eaw_diplo_popup_sender^3.GetNameDef]은(는) [?eaw_diplo_popup_reciever^3.GetNameDef]의 영향력에서 벗어났습니다",
        "stage": 1,
        "context": null
    },
    {
        "key": "eaw_diplo_popup_window_message_4_free:0",
        "original": "[?eaw_diplo_popup_sender^4.GetNameDef] broke free from the influence of [?eaw_diplo_popup_reciever^4.GetNameDef]",
        "translation": "[?eaw_diplo_popup_sender^4.GetNameDef]은(는) [?eaw_diplo_popup_reciever^4.GetNameDef]의 영향력에서 벗어났습니다",
        "stage": 1,
        "context": null
    },
    {
        "key": "eaw_diplo_popup_window_message_5_free:0",
        "original": "[?eaw_diplo_popup_sender^5.GetNameDef] broke free from the influence of [?eaw_diplo_popup_reciever^5.GetNameDef]",
        "translation": "[?eaw_diplo_popup_sender^5.GetNameDef]은(는) [?eaw_diplo_popup_reciever^5.GetNameDef]의 영향력에서 벗어났습니다",
        "stage": 1,
        "context": null
    },
    {
        "key": "eaw_diplo_popup_window_message_6_free:0",
        "original": "[?eaw_diplo_popup_sender^6.GetNameDef] broke free from the influence of [?eaw_diplo_popup_reciever^6.GetNameDef]",
        "translation": "[?eaw_diplo_popup_sender^6.GetNameDef]은(는) [?eaw_diplo_popup_reciever^6.GetNameDef]의 영향력에서 벗어났습니다",
        "stage": 1,
        "context": null
    },
    {
        "key": "eaw_diplo_popup_window_message_7_free:0",
        "original": "[?eaw_diplo_popup_sender^7.GetNameDef] broke free from the influence of [?eaw_diplo_popup_reciever^7.GetNameDef]",
        "translation": "[?eaw_diplo_popup_sender^7.GetNameDef]은(는) [?eaw_diplo_popup_reciever^7.GetNameDef]의 영향력에서 벗어났습니다",
        "stage": 1,
        "context": null
    },
    {
        "key": "eaw_diplo_popup_window_message_8_free:0",
        "original": "[?eaw_diplo_popup_sender^8.GetNameDef] broke free from the influence of [?eaw_diplo_popup_reciever^8.GetNameDef]",
        "translation": "[?eaw_diplo_popup_sender^8.GetNameDef]은(는) [?eaw_diplo_popup_reciever^8.GetNameDef]의 영향력에서 벗어났습니다",
        "stage": 1,
        "context": null
    },
    {
        "key": "eaw_diplo_popup_window_message_9_free:0",
        "original": "[?eaw_diplo_popup_sender^9.GetNameDef] broke free from the influence of [?eaw_diplo_popup_reciever^9.GetNameDef]",
        "translation": "[?eaw_diplo_popup_sender^9.GetNameDef]은(는) [?eaw_diplo_popup_reciever^9.GetNameDef]의 영향력에서 벗어났습니다",
        "stage": 1,
        "context": null
    },
    {
        "key": "eaw_diplo_popup_window_message_10_free:0",
        "original": "[?eaw_diplo_popup_sender^10.GetNameDef] broke free from the influence of [?eaw_diplo_popup_reciever^0.GetNameDef]",
        "translation": "[?eaw_diplo_popup_sender^10.GetNameDef]은(는) [?eaw_diplo_popup_reciever^0.GetNameDef]의 영향력에서 벗어났습니다",
        "stage": 1,
        "context": null
    },
    {
        "key": "eaw_diplo_popup_window_message_11_free:0",
        "original": "[?eaw_diplo_popup_sender^11.GetNameDef] broke free from the influence of [?eaw_diplo_popup_reciever^1.GetNameDef]",
        "translation": "[?eaw_diplo_popup_sender^11.GetNameDef]은(는) [?eaw_diplo_popup_reciever^1.GetNameDef]의 영향력에서 벗어났습니다",
        "stage": 1,
        "context": null
    },
    {
        "key": "eaw_diplo_popup_window_message_12_free:0",
        "original": "[?eaw_diplo_popup_sender^12.GetNameDef] broke free from the influence of [?eaw_diplo_popup_reciever^2.GetNameDef]",
        "translation": "[?eaw_diplo_popup_sender^12.GetNameDef]은(는) [?eaw_diplo_popup_reciever^2.GetNameDef]의 영향력에서 벗어났습니다",
        "stage": 1,
        "context": null
    },
    {
        "key": "eaw_diplo_popup_window_message_13_free:0",
        "original": "[?eaw_diplo_popup_sender^13.GetNameDef] broke free from the influence of [?eaw_diplo_popup_reciever^3.GetNameDef]",
        "translation": "[?eaw_diplo_popup_sender^13.GetNameDef]은(는) [?eaw_diplo_popup_reciever^3.GetNameDef]의 영향력에서 벗어났습니다",
        "stage": 1,
        "context": null
    },
    {
        "key": "eaw_diplo_popup_window_message_14_free:0",
        "original": "[?eaw_diplo_popup_sender^14.GetNameDef] broke free from the influence of [?eaw_diplo_popup_reciever^4.GetNameDef]",
        "translation": "[?eaw_diplo_popup_sender^14.GetNameDef]은(는) [?eaw_diplo_popup_reciever^4.GetNameDef]의 영향력에서 벗어났습니다",
        "stage": 1,
        "context": null
    },
    {
        "key": "eaw_diplo_popup_window_message_15_free:0",
        "original": "[?eaw_diplo_popup_sender^15.GetNameDef] broke free from the influence of [?eaw_diplo_popup_reciever^5.GetNameDef]",
        "translation": "[?eaw_diplo_popup_sender^15.GetNameDef]은(는) [?eaw_diplo_popup_reciever^5.GetNameDef]의 영향력에서 벗어났습니다",
        "stage": 1,
        "context": null
    },
    {
        "key": "eaw_diplo_popup_window_message_16_free:0",
        "original": "[?eaw_diplo_popup_sender^16.GetNameDef] broke free from the influence of [?eaw_diplo_popup_reciever^6.GetNameDef]",
        "translation": "[?eaw_diplo_popup_sender^16.GetNameDef]은(는) [?eaw_diplo_popup_reciever^6.GetNameDef]의 영향력에서 벗어났습니다",
        "stage": 1,
        "context": null
    },
    {
        "key": "eaw_diplo_popup_window_message_17_free:0",
        "original": "[?eaw_diplo_popup_sender^17.GetNameDef] broke free from the influence of [?eaw_diplo_popup_reciever^7.GetNameDef]",
        "translation": "[?eaw_diplo_popup_sender^17.GetNameDef]은(는) [?eaw_diplo_popup_reciever^7.GetNameDef]의 영향력에서 벗어났습니다",
        "stage": 1,
        "context": null
    },
    {
        "key": "eaw_diplo_popup_window_message_18_free:0",
        "original": "[?eaw_diplo_popup_sender^18.GetNameDef] broke free from the influence of [?eaw_diplo_popup_reciever^8.GetNameDef]",
        "translation": "[?eaw_diplo_popup_sender^18.GetNameDef]은(는) [?eaw_diplo_popup_reciever^8.GetNameDef]의 영향력에서 벗어났습니다",
        "stage": 1,
        "context": null
    },
    {
        "key": "eaw_diplo_popup_window_message_19_free:0",
        "original": "[?eaw_diplo_popup_sender^19.GetNameDef] broke free from the influence of [?eaw_diplo_popup_reciever^9.GetNameDef]",
        "translation": "[?eaw_diplo_popup_sender^19.GetNameDef]은(는) [?eaw_diplo_popup_reciever^9.GetNameDef]의 영향력에서 벗어났습니다",
        "stage": 1,
        "context": null
    },
    {
        "key": "eaw_diplo_popup_window_title_0_free:0",
        "original": "Transmission from [?eaw_diplo_popup_sender^0.GetNameDef]",
        "translation": "[?eaw_diplo_popup_sender^0.GetNameDef]의 전송",
        "stage": 1,
        "context": null
    },
    {
        "key": "eaw_diplo_popup_window_title_1_free:0",
        "original": "Transmission from [?eaw_diplo_popup_sender^1.GetNameDef]",
        "translation": "[?eaw_diplo_popup_sender^1.GetNameDef]의 전송",
        "stage": 1,
        "context": null
    },
    {
        "key": "eaw_diplo_popup_window_title_2_free:0",
        "original": "Transmission from [?eaw_diplo_popup_sender^2.GetNameDef]",
        "translation": "[?eaw_diplo_popup_sender^2.GetNameDef]의 전송",
        "stage": 1,
        "context": null
    },
    {
        "key": "eaw_diplo_popup_window_title_3_free:0",
        "original": "Transmission from [?eaw_diplo_popup_sender^3.GetNameDef]",
        "translation": "[?eaw_diplo_popup_sender^3.GetNameDef]의 전송",
        "stage": 1,
        "context": null
    },
    {
        "key": "eaw_diplo_popup_window_title_4_free:0",
        "original": "Transmission from [?eaw_diplo_popup_sender^4.GetNameDef]",
        "translation": "[?eaw_diplo_popup_sender^4.GetNameDef]의 전송",
        "stage": 1,
        "context": null
    },
    {
        "key": "eaw_diplo_popup_window_title_5_free:0",
        "original": "Transmission from [?eaw_diplo_popup_sender^5.GetNameDef]",
        "translation": "[?eaw_diplo_popup_sender^5.GetNameDef]의 전송",
        "stage": 1,
        "context": null
    },
    {
        "key": "eaw_diplo_popup_window_title_6_free:0",
        "original": "Transmission from [?eaw_diplo_popup_sender^6.GetNameDef]",
        "translation": "[?eaw_diplo_popup_sender^6.GetNameDef]의 전송",
        "stage": 1,
        "context": null
    },
    {
        "key": "eaw_diplo_popup_window_title_7_free:0",
        "original": "Transmission from [?eaw_diplo_popup_sender^7.GetNameDef]",
        "translation": "[?eaw_diplo_popup_sender^7.GetNameDef]의 전송",
        "stage": 1,
        "context": null
    },
    {
        "key": "eaw_diplo_popup_window_title_8_free:0",
        "original": "Transmission from [?eaw_diplo_popup_sender^8.GetNameDef]",
        "translation": "[?eaw_diplo_popup_sender^8.GetNameDef]의 전송",
        "stage": 1,
        "context": null
    },
    {
        "key": "eaw_diplo_popup_window_title_9_free:0",
        "original": "Transmission from [?eaw_diplo_popup_sender^9.GetNameDef]",
        "translation": "[?eaw_diplo_popup_sender^9.GetNameDef]의 전송",
        "stage": 1,
        "context": null
    },
    {
        "key": "eaw_diplo_popup_window_title_10_free:0",
        "original": "Transmission from [?eaw_diplo_popup_sender^10.GetNameDef]",
        "translation": "[?eaw_diplo_popup_sender^10.GetNameDef]의 전송",
        "stage": 1,
        "context": null
    },
    {
        "key": "eaw_diplo_popup_window_title_11_free:0",
        "original": "Transmission from [?eaw_diplo_popup_sender^11.GetNameDef]",
        "translation": "[?eaw_diplo_popup_sender^11.GetNameDef]의 전송",
        "stage": 1,
        "context": null
    },
    {
        "key": "eaw_diplo_popup_window_title_12_free:0",
        "original": "Transmission from [?eaw_diplo_popup_sender^12.GetNameDef]",
        "translation": "[?eaw_diplo_popup_sender^12.GetNameDef]의 전송",
        "stage": 1,
        "context": null
    },
    {
        "key": "eaw_diplo_popup_window_title_13_free:0",
        "original": "Transmission from [?eaw_diplo_popup_sender^13.GetNameDef]",
        "translation": "[?eaw_diplo_popup_sender^13.GetNameDef]의 전송",
        "stage": 1,
        "context": null
    },
    {
        "key": "eaw_diplo_popup_window_title_14_free:0",
        "original": "Transmission from [?eaw_diplo_popup_sender^14.GetNameDef]",
        "translation": "[?eaw_diplo_popup_sender^14.GetNameDef]의 전송",
        "stage": 1,
        "context": null
    },
    {
        "key": "eaw_diplo_popup_window_title_15_free:0",
        "original": "Transmission from [?eaw_diplo_popup_sender^15.GetNameDef]",
        "translation": "[?eaw_diplo_popup_sender^15.GetNameDef]의 전송",
        "stage": 1,
        "context": null
    },
    {
        "key": "eaw_diplo_popup_window_title_16_free:0",
        "original": "Transmission from [?eaw_diplo_popup_sender^16.GetNameDef]",
        "translation": "[?eaw_diplo_popup_sender^16.GetNameDef]의 전송",
        "stage": 1,
        "context": null
    },
    {
        "key": "eaw_diplo_popup_window_title_17_free:0",
        "original": "Transmission from [?eaw_diplo_popup_sender^17.GetNameDef]",
        "translation": "[?eaw_diplo_popup_sender^17.GetNameDef]의 전송",
        "stage": 1,
        "context": null
    },
    {
        "key": "eaw_diplo_popup_window_title_18_free:0",
        "original": "Transmission from [?eaw_diplo_popup_sender^18.GetNameDef]",
        "translation": "[?eaw_diplo_popup_sender^18.GetNameDef]의 전송",
        "stage": 1,
        "context": null
    },
    {
        "key": "eaw_diplo_popup_window_title_19_free:0",
        "original": "Transmission from [?eaw_diplo_popup_sender^19.GetNameDef]",
        "translation": "[?eaw_diplo_popup_sender^19.GetNameDef]의 전송",
        "stage": 1,
        "context": null
    },
    {
        "key": "eaw_diplo_popup_window_message_0_become_major:0",
        "original": "[?eaw_diplo_popup_sender^0.GetNameDef] is now considered a major power",
        "translation": "[?eaw_diplo_popup_sender^0.GetNameDef]은(는) 이제 열강으로 간주됩니다",
        "stage": 1,
        "context": null
    },
    {
        "key": "eaw_diplo_popup_window_message_1_become_major:0",
        "original": "[?eaw_diplo_popup_sender^1.GetNameDef] is now considered a major power",
        "translation": "[?eaw_diplo_popup_sender^1.GetNameDef]은(는) 이제 열강으로 간주됩니다",
        "stage": 1,
        "context": null
    },
    {
        "key": "eaw_diplo_popup_window_message_2_become_major:0",
        "original": "[?eaw_diplo_popup_sender^2.GetNameDef] is now considered a major power",
        "translation": "[?eaw_diplo_popup_sender^2.GetNameDef]은(는) 이제 열강으로 간주됩니다",
        "stage": 1,
        "context": null
    },
    {
        "key": "eaw_diplo_popup_window_message_3_become_major:0",
        "original": "[?eaw_diplo_popup_sender^3.GetNameDef] is now considered a major power",
        "translation": "[?eaw_diplo_popup_sender^3.GetNameDef]은(는) 이제 열강으로 간주됩니다",
        "stage": 1,
        "context": null
    },
    {
        "key": "eaw_diplo_popup_window_message_4_become_major:0",
        "original": "[?eaw_diplo_popup_sender^4.GetNameDef] is now considered a major power",
        "translation": "[?eaw_diplo_popup_sender^4.GetNameDef]은(는) 이제 열강으로 간주됩니다",
        "stage": 1,
        "context": null
    },
    {
        "key": "eaw_diplo_popup_window_message_5_become_major:0",
        "original": "[?eaw_diplo_popup_sender^5.GetNameDef] is now considered a major power",
        "translation": "[?eaw_diplo_popup_sender^5.GetNameDef]은(는) 이제 열강으로 간주됩니다",
        "stage": 1,
        "context": null
    },
    {
        "key": "eaw_diplo_popup_window_message_6_become_major:0",
        "original": "[?eaw_diplo_popup_sender^6.GetNameDef] is now considered a major power",
        "translation": "[?eaw_diplo_popup_sender^6.GetNameDef]은(는) 이제 열강으로 간주됩니다",
        "stage": 1,
        "context": null
    },
    {
        "key": "eaw_diplo_popup_window_message_7_become_major:0",
        "original": "[?eaw_diplo_popup_sender^7.GetNameDef] is now considered a major power",
        "translation": "[?eaw_diplo_popup_sender^7.GetNameDef]은(는) 이제 열강으로 간주됩니다",
        "stage": 1,
        "context": null
    },
    {
        "key": "eaw_diplo_popup_window_message_8_become_major:0",
        "original": "[?eaw_diplo_popup_sender^8.GetNameDef] is now considered a major power",
        "translation": "[?eaw_diplo_popup_sender^8.GetNameDef]은(는) 이제 열강으로 간주됩니다",
        "stage": 1,
        "context": null
    },
    {
        "key": "eaw_diplo_popup_window_message_9_become_major:0",
        "original": "[?eaw_diplo_popup_sender^9.GetNameDef] is now considered a major power",
        "translation": "[?eaw_diplo_popup_sender^9.GetNameDef]은(는) 이제 열강으로 간주됩니다",
        "stage": 1,
        "context": null
    },
    {
        "key": "eaw_diplo_popup_window_message_10_become_major:0",
        "original": "[?eaw_diplo_popup_sender^10.GetNameDef] is now considered a major power",
        "translation": "[?eaw_diplo_popup_sender^10.GetNameDef]은(는) 이제 열강으로 간주됩니다",
        "stage": 1,
        "context": null
    },
    {
        "key": "eaw_diplo_popup_window_message_11_become_major:0",
        "original": "[?eaw_diplo_popup_sender^11.GetNameDef] is now considered a major power",
        "translation": "[?eaw_diplo_popup_sender^11.GetNameDef]은(는) 이제 열강으로 간주됩니다",
        "stage": 1,
        "context": null
    },
    {
        "key": "eaw_diplo_popup_window_message_12_become_major:0",
        "original": "[?eaw_diplo_popup_sender^12.GetNameDef] is now considered a major power",
        "translation": "[?eaw_diplo_popup_sender^12.GetNameDef]은(는) 이제 열강으로 간주됩니다",
        "stage": 1,
        "context": null
    },
    {
        "key": "eaw_diplo_popup_window_message_13_become_major:0",
        "original": "[?eaw_diplo_popup_sender^13.GetNameDef] is now considered a major power",
        "translation": "[?eaw_diplo_popup_sender^13.GetNameDef]은(는) 이제 열강으로 간주됩니다",
        "stage": 1,
        "context": null
    },
    {
        "key": "eaw_diplo_popup_window_message_14_become_major:0",
        "original": "[?eaw_diplo_popup_sender^14.GetNameDef] is now considered a major power",
        "translation": "[?eaw_diplo_popup_sender^14.GetNameDef]은(는) 이제 열강으로 간주됩니다",
        "stage": 1,
        "context": null
    },
    {
        "key": "eaw_diplo_popup_window_message_15_become_major:0",
        "original": "[?eaw_diplo_popup_sender^15.GetNameDef] is now considered a major power",
        "translation": "[?eaw_diplo_popup_sender^15.GetNameDef]은(는) 이제 열강으로 간주됩니다",
        "stage": 1,
        "context": null
    },
    {
        "key": "eaw_diplo_popup_window_message_16_become_major:0",
        "original": "[?eaw_diplo_popup_sender^16.GetNameDef] is now considered a major power",
        "translation": "[?eaw_diplo_popup_sender^16.GetNameDef]은(는) 이제 열강으로 간주됩니다",
        "stage": 1,
        "context": null
    },
    {
        "key": "eaw_diplo_popup_window_message_17_become_major:0",
        "original": "[?eaw_diplo_popup_sender^17.GetNameDef] is now considered a major power",
        "translation": "[?eaw_diplo_popup_sender^17.GetNameDef]은(는) 이제 열강으로 간주됩니다",
        "stage": 1,
        "context": null
    },
    {
        "key": "eaw_diplo_popup_window_message_18_become_major:0",
        "original": "[?eaw_diplo_popup_sender^18.GetNameDef] is now considered a major power",
        "translation": "[?eaw_diplo_popup_sender^18.GetNameDef]은(는) 이제 열강으로 간주됩니다",
        "stage": 1,
        "context": null
    },
    {
        "key": "eaw_diplo_popup_window_message_19_become_major:0",
        "original": "[?eaw_diplo_popup_sender^19.GetNameDef] is now considered a major power",
        "translation": "[?eaw_diplo_popup_sender^19.GetNameDef]은(는) 이제 열강으로 간주됩니다",
        "stage": 1,
        "context": null
    },
    {
        "key": "eaw_diplo_popup_window_title_0_become_major:0",
        "original": "Transmission from [?eaw_diplo_popup_sender^0.GetNameDef]",
        "translation": "[?eaw_diplo_popup_sender^0.GetNameDef]의 전송",
        "stage": 1,
        "context": null
    },
    {
        "key": "eaw_diplo_popup_window_title_1_become_major:0",
        "original": "Transmission from [?eaw_diplo_popup_sender^1.GetNameDef]",
        "translation": "[?eaw_diplo_popup_sender^1.GetNameDef]의 전송",
        "stage": 1,
        "context": null
    },
    {
        "key": "eaw_diplo_popup_window_title_2_become_major:0",
        "original": "Transmission from [?eaw_diplo_popup_sender^2.GetNameDef]",
        "translation": "[?eaw_diplo_popup_sender^2.GetNameDef]의 전송",
        "stage": 1,
        "context": null
    },
    {
        "key": "eaw_diplo_popup_window_title_3_become_major:0",
        "original": "Transmission from [?eaw_diplo_popup_sender^3.GetNameDef]",
        "translation": "[?eaw_diplo_popup_sender^3.GetNameDef]의 전송",
        "stage": 1,
        "context": null
    },
    {
        "key": "eaw_diplo_popup_window_title_4_become_major:0",
        "original": "Transmission from [?eaw_diplo_popup_sender^4.GetNameDef]",
        "translation": "[?eaw_diplo_popup_sender^4.GetNameDef]의 전송",
        "stage": 1,
        "context": null
    },
    {
        "key": "eaw_diplo_popup_window_title_5_become_major:0",
        "original": "Transmission from [?eaw_diplo_popup_sender^5.GetNameDef]",
        "translation": "[?eaw_diplo_popup_sender^5.GetNameDef]의 전송",
        "stage": 1,
        "context": null
    },
    {
        "key": "eaw_diplo_popup_window_title_6_become_major:0",
        "original": "Transmission from [?eaw_diplo_popup_sender^6.GetNameDef]",
        "translation": "[?eaw_diplo_popup_sender^6.GetNameDef]의 전송",
        "stage": 1,
        "context": null
    },
    {
        "key": "eaw_diplo_popup_window_title_7_become_major:0",
        "original": "Transmission from [?eaw_diplo_popup_sender^7.GetNameDef]",
        "translation": "[?eaw_diplo_popup_sender^7.GetNameDef]의 전송",
        "stage": 1,
        "context": null
    },
    {
        "key": "eaw_diplo_popup_window_title_8_become_major:0",
        "original": "Transmission from [?eaw_diplo_popup_sender^8.GetNameDef]",
        "translation": "[?eaw_diplo_popup_sender^8.GetNameDef]의 전송",
        "stage": 1,
        "context": null
    },
    {
        "key": "eaw_diplo_popup_window_title_9_become_major:0",
        "original": "Transmission from [?eaw_diplo_popup_sender^9.GetNameDef]",
        "translation": "[?eaw_diplo_popup_sender^9.GetNameDef]의 전송",
        "stage": 1,
        "context": null
    },
    {
        "key": "eaw_diplo_popup_window_title_10_become_major:0",
        "original": "Transmission from [?eaw_diplo_popup_sender^10.GetNameDef]",
        "translation": "[?eaw_diplo_popup_sender^10.GetNameDef]의 전송",
        "stage": 1,
        "context": null
    },
    {
        "key": "eaw_diplo_popup_window_title_11_become_major:0",
        "original": "Transmission from [?eaw_diplo_popup_sender^11.GetNameDef]",
        "translation": "[?eaw_diplo_popup_sender^11.GetNameDef]의 전송",
        "stage": 1,
        "context": null
    },
    {
        "key": "eaw_diplo_popup_window_title_12_become_major:0",
        "original": "Transmission from [?eaw_diplo_popup_sender^12.GetNameDef]",
        "translation": "[?eaw_diplo_popup_sender^12.GetNameDef]의 전송",
        "stage": 1,
        "context": null
    },
    {
        "key": "eaw_diplo_popup_window_title_13_become_major:0",
        "original": "Transmission from [?eaw_diplo_popup_sender^13.GetNameDef]",
        "translation": "[?eaw_diplo_popup_sender^13.GetNameDef]의 전송",
        "stage": 1,
        "context": null
    },
    {
        "key": "eaw_diplo_popup_window_title_14_become_major:0",
        "original": "Transmission from [?eaw_diplo_popup_sender^14.GetNameDef]",
        "translation": "[?eaw_diplo_popup_sender^14.GetNameDef]의 전송",
        "stage": 1,
        "context": null
    },
    {
        "key": "eaw_diplo_popup_window_title_15_become_major:0",
        "original": "Transmission from [?eaw_diplo_popup_sender^15.GetNameDef]",
        "translation": "[?eaw_diplo_popup_sender^15.GetNameDef]의 전송",
        "stage": 1,
        "context": null
    },
    {
        "key": "eaw_diplo_popup_window_title_16_become_major:0",
        "original": "Transmission from [?eaw_diplo_popup_sender^16.GetNameDef]",
        "translation": "[?eaw_diplo_popup_sender^16.GetNameDef]의 전송",
        "stage": 1,
        "context": null
    },
    {
        "key": "eaw_diplo_popup_window_title_17_become_major:0",
        "original": "Transmission from [?eaw_diplo_popup_sender^17.GetNameDef]",
        "translation": "[?eaw_diplo_popup_sender^17.GetNameDef]의 전송",
        "stage": 1,
        "context": null
    },
    {
        "key": "eaw_diplo_popup_window_title_18_become_major:0",
        "original": "Transmission from [?eaw_diplo_popup_sender^18.GetNameDef]",
        "translation": "[?eaw_diplo_popup_sender^18.GetNameDef]의 전송",
        "stage": 1,
        "context": null
    },
    {
        "key": "eaw_diplo_popup_window_title_19_become_major:0",
        "original": "Transmission from [?eaw_diplo_popup_sender^19.GetNameDef]",
        "translation": "[?eaw_diplo_popup_sender^19.GetNameDef]의 전송",
        "stage": 1,
        "context": null
    },
    {
        "key": "eaw_diplo_popup_window_message_0_lose_major:0",
        "original": "[?eaw_diplo_popup_sender^0.GetNameDef] is no longer considered a major power",
        "translation": "[?eaw_diplo_popup_sender^0.GetNameDef]은(는) 이제 열강으로 간주되지 않습니다",
        "stage": 1,
        "context": null
    },
    {
        "key": "eaw_diplo_popup_window_message_1_lose_major:0",
        "original": "[?eaw_diplo_popup_sender^1.GetNameDef] is no longer considered a major power",
        "translation": "[?eaw_diplo_popup_sender^1.GetNameDef]은(는) 이제 열강으로 간주되지 않습니다",
        "stage": 1,
        "context": null
    },
    {
        "key": "eaw_diplo_popup_window_message_2_lose_major:0",
        "original": "[?eaw_diplo_popup_sender^2.GetNameDef] is no longer considered a major power",
        "translation": "[?eaw_diplo_popup_sender^2.GetNameDef]은(는) 이제 열강으로 간주되지 않습니다",
        "stage": 1,
        "context": null
    },
    {
        "key": "eaw_diplo_popup_window_message_3_lose_major:0",
        "original": "[?eaw_diplo_popup_sender^3.GetNameDef] is no longer considered a major power",
        "translation": "[?eaw_diplo_popup_sender^3.GetNameDef]은(는) 이제 열강으로 간주되지 않습니다",
        "stage": 1,
        "context": null
    },
    {
        "key": "eaw_diplo_popup_window_message_4_lose_major:0",
        "original": "[?eaw_diplo_popup_sender^4.GetNameDef] is no longer considered a major power",
        "translation": "[?eaw_diplo_popup_sender^4.GetNameDef]은(는) 이제 열강으로 간주되지 않습니다",
        "stage": 1,
        "context": null
    },
    {
        "key": "eaw_diplo_popup_window_message_5_lose_major:0",
        "original": "[?eaw_diplo_popup_sender^5.GetNameDef] is no longer considered a major power",
        "translation": "[?eaw_diplo_popup_sender^5.GetNameDef]은(는) 이제 열강으로 간주되지 않습니다",
        "stage": 1,
        "context": null
    },
    {
        "key": "eaw_diplo_popup_window_message_6_lose_major:0",
        "original": "[?eaw_diplo_popup_sender^6.GetNameDef] is no longer considered a major power",
        "translation": "[?eaw_diplo_popup_sender^6.GetNameDef]은(는) 이제 열강으로 간주되지 않습니다",
        "stage": 1,
        "context": null
    },
    {
        "key": "eaw_diplo_popup_window_message_7_lose_major:0",
        "original": "[?eaw_diplo_popup_sender^7.GetNameDef] is no longer considered a major power",
        "translation": "[?eaw_diplo_popup_sender^7.GetNameDef]은(는) 이제 열강으로 간주되지 않습니다",
        "stage": 1,
        "context": null
    },
    {
        "key": "eaw_diplo_popup_window_message_8_lose_major:0",
        "original": "[?eaw_diplo_popup_sender^8.GetNameDef] is no longer considered a major power",
        "translation": "[?eaw_diplo_popup_sender^8.GetNameDef]은(는) 이제 열강으로 간주되지 않습니다",
        "stage": 1,
        "context": null
    },
    {
        "key": "eaw_diplo_popup_window_message_9_lose_major:0",
        "original": "[?eaw_diplo_popup_sender^9.GetNameDef] is no longer considered a major power",
        "translation": "[?eaw_diplo_popup_sender^9.GetNameDef]은(는) 이제 열강으로 간주되지 않습니다",
        "stage": 1,
        "context": null
    },
    {
        "key": "eaw_diplo_popup_window_message_10_lose_major:0",
        "original": "[?eaw_diplo_popup_sender^10.GetNameDef] is no longer considered a major power",
        "translation": "[?eaw_diplo_popup_sender^10.GetNameDef]은(는) 이제 열강으로 간주되지 않습니다",
        "stage": 1,
        "context": null
    },
    {
        "key": "eaw_diplo_popup_window_message_11_lose_major:0",
        "original": "[?eaw_diplo_popup_sender^11.GetNameDef] is no longer considered a major power",
        "translation": "[?eaw_diplo_popup_sender^11.GetNameDef]은(는) 이제 열강으로 간주되지 않습니다",
        "stage": 1,
        "context": null
    },
    {
        "key": "eaw_diplo_popup_window_message_12_lose_major:0",
        "original": "[?eaw_diplo_popup_sender^12.GetNameDef] is no longer considered a major power",
        "translation": "[?eaw_diplo_popup_sender^12.GetNameDef]은(는) 이제 열강으로 간주되지 않습니다",
        "stage": 1,
        "context": null
    },
    {
        "key": "eaw_diplo_popup_window_message_13_lose_major:0",
        "original": "[?eaw_diplo_popup_sender^13.GetNameDef] is no longer considered a major power",
        "translation": "[?eaw_diplo_popup_sender^13.GetNameDef]은(는) 이제 열강으로 간주되지 않습니다",
        "stage": 1,
        "context": null
    },
    {
        "key": "eaw_diplo_popup_window_message_14_lose_major:0",
        "original": "[?eaw_diplo_popup_sender^14.GetNameDef] is no longer considered a major power",
        "translation": "[?eaw_diplo_popup_sender^14.GetNameDef]은(는) 이제 열강으로 간주되지 않습니다",
        "stage": 1,
        "context": null
    },
    {
        "key": "eaw_diplo_popup_window_message_15_lose_major:0",
        "original": "[?eaw_diplo_popup_sender^15.GetNameDef] is no longer considered a major power",
        "translation": "[?eaw_diplo_popup_sender^15.GetNameDef]은(는) 이제 열강으로 간주되지 않습니다",
        "stage": 1,
        "context": null
    },
    {
        "key": "eaw_diplo_popup_window_message_16_lose_major:0",
        "original": "[?eaw_diplo_popup_sender^16.GetNameDef] is no longer considered a major power",
        "translation": "[?eaw_diplo_popup_sender^16.GetNameDef]은(는) 이제 열강으로 간주되지 않습니다",
        "stage": 1,
        "context": null
    },
    {
        "key": "eaw_diplo_popup_window_message_17_lose_major:0",
        "original": "[?eaw_diplo_popup_sender^17.GetNameDef] is no longer considered a major power",
        "translation": "[?eaw_diplo_popup_sender^17.GetNameDef]은(는) 이제 열강으로 간주되지 않습니다",
        "stage": 1,
        "context": null
    },
    {
        "key": "eaw_diplo_popup_window_message_18_lose_major:0",
        "original": "[?eaw_diplo_popup_sender^18.GetNameDef] is no longer considered a major power",
        "translation": "[?eaw_diplo_popup_sender^18.GetNameDef]은(는) 이제 열강으로 간주되지 않습니다",
        "stage": 1,
        "context": null
    },
    {
        "key": "eaw_diplo_popup_window_message_19_lose_major:0",
        "original": "[?eaw_diplo_popup_sender^19.GetNameDef] is no longer considered a major power",
        "translation": "[?eaw_diplo_popup_sender^19.GetNameDef]은(는) 이제 열강으로 간주되지 않습니다",
        "stage": 1,
        "context": null
    },
    {
        "key": "eaw_diplo_popup_window_title_0_lose_major:0",
        "original": "Transmission from [?eaw_diplo_popup_sender^0.GetNameDef]",
        "translation": "[?eaw_diplo_popup_sender^0.GetNameDef]의 전송",
        "stage": 1,
        "context": null
    },
    {
        "key": "eaw_diplo_popup_window_title_1_lose_major:0",
        "original": "Transmission from [?eaw_diplo_popup_sender^1.GetNameDef]",
        "translation": "[?eaw_diplo_popup_sender^1.GetNameDef]의 전송",
        "stage": 1,
        "context": null
    },
    {
        "key": "eaw_diplo_popup_window_title_2_lose_major:0",
        "original": "Transmission from [?eaw_diplo_popup_sender^2.GetNameDef]",
        "translation": "[?eaw_diplo_popup_sender^2.GetNameDef]의 전송",
        "stage": 1,
        "context": null
    },
    {
        "key": "eaw_diplo_popup_window_title_3_lose_major:0",
        "original": "Transmission from [?eaw_diplo_popup_sender^3.GetNameDef]",
        "translation": "[?eaw_diplo_popup_sender^3.GetNameDef]의 전송",
        "stage": 1,
        "context": null
    },
    {
        "key": "eaw_diplo_popup_window_title_4_lose_major:0",
        "original": "Transmission from [?eaw_diplo_popup_sender^4.GetNameDef]",
        "translation": "[?eaw_diplo_popup_sender^4.GetNameDef]의 전송",
        "stage": 1,
        "context": null
    },
    {
        "key": "eaw_diplo_popup_window_title_5_lose_major:0",
        "original": "Transmission from [?eaw_diplo_popup_sender^5.GetNameDef]",
        "translation": "[?eaw_diplo_popup_sender^5.GetNameDef]의 전송",
        "stage": 1,
        "context": null
    },
    {
        "key": "eaw_diplo_popup_window_title_6_lose_major:0",
        "original": "Transmission from [?eaw_diplo_popup_sender^6.GetNameDef]",
        "translation": "[?eaw_diplo_popup_sender^6.GetNameDef]의 전송",
        "stage": 1,
        "context": null
    },
    {
        "key": "eaw_diplo_popup_window_title_7_lose_major:0",
        "original": "Transmission from [?eaw_diplo_popup_sender^7.GetNameDef]",
        "translation": "[?eaw_diplo_popup_sender^7.GetNameDef]의 전송",
        "stage": 1,
        "context": null
    },
    {
        "key": "eaw_diplo_popup_window_title_8_lose_major:0",
        "original": "Transmission from [?eaw_diplo_popup_sender^8.GetNameDef]",
        "translation": "[?eaw_diplo_popup_sender^8.GetNameDef]의 전송",
        "stage": 1,
        "context": null
    },
    {
        "key": "eaw_diplo_popup_window_title_9_lose_major:0",
        "original": "Transmission from [?eaw_diplo_popup_sender^9.GetNameDef]",
        "translation": "[?eaw_diplo_popup_sender^9.GetNameDef]의 전송",
        "stage": 1,
        "context": null
    },
    {
        "key": "eaw_diplo_popup_window_title_10_lose_major:0",
        "original": "Transmission from [?eaw_diplo_popup_sender^10.GetNameDef]",
        "translation": "[?eaw_diplo_popup_sender^10.GetNameDef]의 전송",
        "stage": 1,
        "context": null
    },
    {
        "key": "eaw_diplo_popup_window_title_11_lose_major:0",
        "original": "Transmission from [?eaw_diplo_popup_sender^11.GetNameDef]",
        "translation": "[?eaw_diplo_popup_sender^11.GetNameDef]의 전송",
        "stage": 1,
        "context": null
    },
    {
        "key": "eaw_diplo_popup_window_title_12_lose_major:0",
        "original": "Transmission from [?eaw_diplo_popup_sender^12.GetNameDef]",
        "translation": "[?eaw_diplo_popup_sender^12.GetNameDef]의 전송",
        "stage": 1,
        "context": null
    },
    {
        "key": "eaw_diplo_popup_window_title_13_lose_major:0",
        "original": "Transmission from [?eaw_diplo_popup_sender^13.GetNameDef]",
        "translation": "[?eaw_diplo_popup_sender^13.GetNameDef]의 전송",
        "stage": 1,
        "context": null
    },
    {
        "key": "eaw_diplo_popup_window_title_14_lose_major:0",
        "original": "Transmission from [?eaw_diplo_popup_sender^14.GetNameDef]",
        "translation": "[?eaw_diplo_popup_sender^14.GetNameDef]의 전송",
        "stage": 1,
        "context": null
    },
    {
        "key": "eaw_diplo_popup_window_title_15_lose_major:0",
        "original": "Transmission from [?eaw_diplo_popup_sender^15.GetNameDef]",
        "translation": "[?eaw_diplo_popup_sender^15.GetNameDef]의 전송",
        "stage": 1,
        "context": null
    },
    {
        "key": "eaw_diplo_popup_window_title_16_lose_major:0",
        "original": "Transmission from [?eaw_diplo_popup_sender^16.GetNameDef]",
        "translation": "[?eaw_diplo_popup_sender^16.GetNameDef]의 전송",
        "stage": 1,
        "context": null
    },
    {
        "key": "eaw_diplo_popup_window_title_17_lose_major:0",
        "original": "Transmission from [?eaw_diplo_popup_sender^17.GetNameDef]",
        "translation": "[?eaw_diplo_popup_sender^17.GetNameDef]의 전송",
        "stage": 1,
        "context": null
    },
    {
        "key": "eaw_diplo_popup_window_title_18_lose_major:0",
        "original": "Transmission from [?eaw_diplo_popup_sender^18.GetNameDef]",
        "translation": "[?eaw_diplo_popup_sender^18.GetNameDef]의 전송",
        "stage": 1,
        "context": null
    },
    {
        "key": "eaw_diplo_popup_window_title_19_lose_major:0",
        "original": "Transmission from [?eaw_diplo_popup_sender^19.GetNameDef]",
        "translation": "[?eaw_diplo_popup_sender^19.GetNameDef]의 전송",
        "stage": 1,
        "context": null
    }
]