[
    {
        "key": "GetTNOReference_EQS:0",
        "original": "Friendship was magic.",
        "translation": "우정은 마법이었다.",
        "stage": 1,
        "context": null
    },
    {
        "key": "GetTNOReference_SOL:0",
        "original": "A supernova is followed by darkness.",
        "translation": "초신성 이후에는 암흑만이 존재한다.",
        "stage": 1,
        "context": null
    },
    {
        "key": "GetTNOReference_NLR:0",
        "original": "In the end, she felt sorry for her sister.",
        "translation": "결국, 그녀는 언니에게 미안함을 느꼈다.",
        "stage": 1,
        "context": null
    },
    {
        "key": "GetTNOReference_CRY:0",
        "original": "Briefly, Sombra's former slaves had tasted freedom.",
        "translation": "잠시동안이지만, 솜브라의 옛 노예들은 자유를 맛봤다.",
        "stage": 1,
        "context": null
    },
    {
        "key": "GetTNOReference_CRY_Sombra:0",
        "original": "This time, Radiant stood by Sombra's side.",
        "translation": "이번엔, 레디언트가 솜브라의 곁에 서있었다.",
        "stage": 1,
        "context": null
    },
    {
        "key": "GetTNOReference_CHN:0",
        "original": "She promised them the world, and gave them death.",
        "translation": "여왕은 그들에게 세상을 약속했고, 죽음을 선사했다.",
        "stage": 1,
        "context": null
    },
    {
        "key": "GetTNOReference_STG:0",
        "original": "Under the Red Flag, they lived and died.",
        "translation": "적색 깃발 아래에서, 그들은 살았고 죽었다.",
        "stage": 1,
        "context": null
    },
    {
        "key": "GetTNOReference_OLE:0",
        "original": "The wolves will eat well this winter.",
        "translation": "늑대들은 올 겨울에 포식하겠군.",
        "stage": 1,
        "context": null
    },
    {
        "key": "GetTNOReference_GRF:0",
        "original": "The dream of a new world has been torn apart by gunfire.",
        "translation": "신세계의 꿈이 총성에 의해 찣겨나가다.",
        "stage": 1,
        "context": null
    },
    {
        "key": "GetTNOReference_GFF:0",
        "original": "Griffonkind’s pioneers embarked on their final journey.",
        "translation": "그리폰 종족의 개척자들은 마지막 여정을 착수했다.",
        "stage": 1,
        "context": null
    },
    {
        "key": "GetTNOReference_ELF:0",
        "original": "The ponies of Equestria fought until the bitter end.",
        "translation": "이퀘스트리아의 포니들은 쓰라린 최후까지 맞서 싸웠다.",
        "stage": 1,
        "context": null
    },
    {
        "key": "GetTNOReference_MAN:0",
        "original": "The first pawn falls.",
        "translation": "첫번째 폰이 쓰러지다.",
        "stage": 1,
        "context": null
    },
    {
        "key": "GetTNOReference_BUF:0",
        "original": "The herds stampede no more.",
        "translation": "부족은 더 이상 모이지 않았다.",
        "stage": 1,
        "context": null
    },
    {
        "key": "GetTNOReference_BAL:0",
        "original": "A pony just wanted a little bite to eat...",
        "translation": "포니는 그저 먹을 것만을 원했을 뿐이다...",
        "stage": 1,
        "context": null
    },
    {
        "key": "GetTNOReference_JUN:0",
        "original": "The scoundrel lost his chance for redemption.",
        "translation": "악당은 구원의 기회를 잃었다.",
        "stage": 1,
        "context": null
    },
    {
        "key": "GetTNOReference_CES:0",
        "original": "As one chapter closes, another begins.",
        "translation": "한 장이 닫히면서, 또 다른 장이 시작된다.",
        "stage": 1,
        "context": null
    },
    {
        "key": "GetTNOReference_NMS:0",
        "original": "The cries of the night are silenced at last.",
        "translation": "밤의 울음이 마침내 잠잠해졌다.",
        "stage": 1,
        "context": null
    },
    {
        "key": "GetTNOReference_TEM:0",
        "original": "As quickly as it began, the New Cycle ended.",
        "translation": "시작하자마자, 새로운 주기가 끝나다.",
        "stage": 1,
        "context": null
    },
    {
        "key": "GetTNOReference_VAN:0",
        "original": "The sailors were driven into the sea.",
        "translation": "선원들은 바다로 떠밀려 갔다.",
        "stage": 1,
        "context": null
    },
    {
        "key": "GetTNOReference_LSP:0",
        "original": "War is a dangerous business.",
        "translation": "전쟁은 위험한 사업이다.",
        "stage": 1,
        "context": null
    },
    {
        "key": "GetTNOReference_SCS:0",
        "original": "They fought for a lost cause.",
        "translation": "그들은 실패한 대의를 위해 싸웠다.",
        "stage": 1,
        "context": null
    },
    {
        "key": "GetTNOReference_YAK:0",
        "original": "The avalanche swallowed them one last time.",
        "translation": "눈사태는 그들을 마지막으로 삼켜버렸다.",
        "stage": 1,
        "context": null
    },
    {
        "key": "GetTNOReference_JAK:0",
        "original": "The fires of the elders smoulder, abandoned in the mountains.",
        "translation": "장로들의 불길이 산에서 버려진 체 조용히 불타다.",
        "stage": 1,
        "context": null
    },
    {
        "key": "GetTNOReference_PLB:0",
        "original": "The bear's final defiant roar echoes in the tundra.",
        "translation": "곰들의 마지막 고함소리가 툰드라에서 메아리치다.",
        "stage": 1,
        "context": null
    },
    {
        "key": "GetTNOReference_PNG:0",
        "original": "They noot noot no more.",
        "translation": "그들은 더 이상 울지 못하다.",
        "stage": 1,
        "context": null
    },
    {
        "key": "GetTNOReference_GRI:0",
        "original": "The sick bird of Griffonia breathed his last.",
        "translation": "그리포니아의 병자가 마지막 숨을 쉬다.",
        "stage": 1,
        "context": null
    },
    {
        "key": "GetTNOReference_FEA:0",
        "original": "A constitution failed to save Feathisia.",
        "translation": "헌법은 페디시아를 지키지 못하였다.",
        "stage": 1,
        "context": null
    },
    {
        "key": "GetTNOReference_STW:0",
        "original": "They once saved the Empire from revolution, but couldn't save themselves.",
        "translation": "그들은 제국을 혁명으로부터 지켜냈지만, 스스로를 지킬 수 없었다.",
        "stage": 1,
        "context": null
    },
    {
        "key": "GetTNOReference_ROU:0",
        "original": "A relic of the past falls to ash.",
        "translation": "과거의 유적이 재로 변하다.",
        "stage": 1,
        "context": null
    },
    {
        "key": "GetTNOReference_BRZ:0",
        "original": "The loyal hounds weep once again.",
        "translation": "충성스러운 개들은 다시 한번 통곡한다.",
        "stage": 1,
        "context": null
    },
    {
        "key": "GetTNOReference_PYT:0",
        "original": "The fallow fields make verdant pastures.",
        "translation": "아무것도 안된 들판은 푸릇한 목초지가 될 것이다.",
        "stage": 1,
        "context": null
    },
    {
        "key": "GetTNOReference_YAL:0",
        "original": "The dreams of scholars meet cold reality.",
        "translation": "학자들의 꿈이 차가운 현실을 만나다.",
        "stage": 1,
        "context": null
    },
    {
        "key": "GetTNOReference_YAL_Grover:0",
        "original": "From the grave he rose, and to the grave he returns.",
        "translation": "무덤에서 그가 나왔고, 무덤으로 그는 돌아가리라.",
        "stage": 1,
        "context": null
    },
    {
        "key": "GetTNOReference_YAL_Boreas:0",
        "original": "Even godly power wasn't enough.",
        "translation": "신적인 힘도 충분치 않았다.",
        "stage": 1,
        "context": null
    },
    {
        "key": "GetTNOReference_ANG:0",
        "original": "A savage end for a savage country.",
        "translation": "포악한 국가에 맞는 포악한 끝이다.",
        "stage": 1,
        "context": null
    },
    {
        "key": "GetTNOReference_KAT:0",
        "original": "Only in death does suffering truly end.",
        "translation": "죽음만이 고통을 진정으로 끝나게 하다.",
        "stage": 1,
        "context": null
    },
    {
        "key": "GetTNOReference_TRD:0",
        "original": "The merchants sold the rope they were hanged on.",
        "translation": "상인들은 그들이 매달릴 밧줄을 팔았다.",
        "stage": 1,
        "context": null
    },
    {
        "key": "GetTNOReference_FEZ:0",
        "original": "Trade might flow through these squalid wharves again.",
        "translation": "무역이 다시 이 지저분한 물결을 통해 흘러갈지도 모른다.",
        "stage": 1,
        "context": null
    },
    {
        "key": "GetTNOReference_HAU:0",
        "original": "\"If the enemy lands on Haukland, you may call me Göring!\"",
        "translation": "\"적군이 하우크란트에 상륙한다면, 나를 괴링이라 불러도 좋다!\"",
        "stage": 1,
        "context": null
    },
    {
        "key": "GetTNOReference_HAU_Taiwan:0",
        "original": "The dream is dead.",
        "translation": "꿈은 죽었다.",
        "stage": 1,
        "context": null
    },
    {
        "key": "GetTNOReference_JER:0",
        "original": "Tyrants, go down into your coffins!",
        "translation": "폭군들이여, 관으로 들어가라!",
        "stage": 1,
        "context": null
    },
    {
        "key": "GetTNOReference_JER_Republic:0",
        "original": "Liberty, equality, fraternity or death!",
        "translation": "자유, 평등, 박애 아님 죽음을!",
        "stage": 1,
        "context": null
    },
    {
        "key": "GetTNOReference_JEB:0",
        "original": "Here they sang about tomorrow, but tomorrow never came.",
        "translation": "여기서 그들은 내일을 노래했지만, 내일은 오지 않았다.",
        "stage": 1,
        "context": null
    },
    {
        "key": "GetTNOReference_JRR:0",
        "original": "No more pride, no more hubris.",
        "translation": "긍지도, 자만도 이제는 없다.",
        "stage": 1,
        "context": null
    },
    {
        "key": "GetTNOReference_JFT:0",
        "original": "\"Face the wall\", said the captain.",
        "translation": "\"벽으로 돌아라.\" 대위가 말했다.",
        "stage": 1,
        "context": null
    },
    {
        "key": "GetTNOReference_VIN:0",
        "original": "May blood water their furrows.",
        "translation": "피가 그들의 밭고랑을 적시기를.",
        "stage": 1,
        "context": null
    },
    {
        "key": "GetTNOReference_FLO:0",
        "original": "The City of Gardens withers away.",
        "translation": "정원의 도시가 사그러들다.",
        "stage": 1,
        "context": null
    },
    {
        "key": "GetTNOReference_POM:0",
        "original": "The domesticated dogs will become wild again.",
        "translation": "길들여진 개들은 다시 흉폭해질 것이다.",
        "stage": 1,
        "context": null
    },
    {
        "key": "GetTNOReference_AET:0",
        "original": "Neutrality does not guarantee survival.",
        "translation": "중립은 생존을 보장하지 않는다.",
        "stage": 1,
        "context": null
    },
    {
        "key": "GetTNOReference_AET_Anarkiddie:0",
        "original": "Mother Anarchy abandoned her sons.",
        "translation": "아나키 어머니는 아들을 버리셨다.",
        "stage": 1,
        "context": null
    },
    {
        "key": "GetTNOReference_AET_Hail_Satan:0",
        "original": "Sanity returns to the Periphery.",
        "translation": "변방에 이성이 돌아오다.",
        "stage": 1,
        "context": null
    },
    {
        "key": "GetTNOReference_HEL:0",
        "original": "The forest brothers are merry no more.",
        "translation": "숲 형제들은 더 이상 즐거워 하지 않는다.",
        "stage": 1,
        "context": null
    },
    {
        "key": "GetTNOReference_AVI:0",
        "original": "Verenia's last hope is snuffed out.",
        "translation": "베레니아의 마지막 희망이 사그라들다.",
        "stage": 1,
        "context": null
    },
    {
        "key": "GetTNOReference_ERI:0",
        "original": "The senseless struggle over birthright is over.",
        "translation": "재산을 둔 무의미한 싸움이 끝났다.",
        "stage": 1,
        "context": null
    },
    {
        "key": "GetTNOReference_EYR:0",
        "original": "The mindless struggle over birthright is over.",
        "translation": "재산을 둔 정신없는 싸움이 끝났다.",
        "stage": 1,
        "context": null
    },
    {
        "key": "GetTNOReference_WNG:0",
        "original": "The heir of Karthinia proved to be unworthy.",
        "translation": "카르티니아의 후계자는 가치가 없다고 판명이 났다.",
        "stage": 1,
        "context": null
    },
    {
        "key": "GetTNOReference_FAL:0",
        "original": "Haggard falcon, turned tail.",
        "translation": "초췌한 매가 고개를 돌리다.",
        "stage": 1,
        "context": null
    },
    {
        "key": "GetTNOReference_ARA:0",
        "original": "Arantigos frowns like a disappointed father.",
        "translation": "아란티고스는 실망한 아버지처럼 얼굴을 찡그렸다.",
        "stage": 1,
        "context": null
    },
    {
        "key": "GetTNOReference_TAL:0",
        "original": "Their mountains couldn't save them this time.",
        "translation": "산은 이번엔 그들을 지키지 못하였다.",
        "stage": 1,
        "context": null
    },
    {
        "key": "GetTNOReference_FRN:0",
        "original": "The legacy of Francis I Martlewing is erased.",
        "translation": "프란치스 마르틀레빈그 1세의 유산이 지워지다.",
        "stage": 1,
        "context": null
    },
    {
        "key": "GetTNOReference_JES:0",
        "original": "Tarrin is lost once more.",
        "translation": "타린은 다시 한번 죽었다.",
        "stage": 1,
        "context": null
    },
    {
        "key": "GetTNOReference_EQC:0",
        "original": "And his ghost may be heard as you pass by that billabong.",
        "translation": "그리고 네가 그 연못을 지날 때 그의 유령이 들릴지도 모른다네.",
        "stage": 1,
        "context": null
    },
    {
        "key": "GetTNOReference_BOI:0",
        "original": "A birthplace is soon outgrown.",
        "translation": "출생지는 곧 사라졌다.",
        "stage": 1,
        "context": null
    },
    {
        "key": "GetTNOReference_LAK:0",
        "original": "The last hope of a dying culture is gone.",
        "translation": "죽어가는 문화의 마지막 희망이 사라지다.",
        "stage": 1,
        "context": null
    },
    {
        "key": "GetTNOReference_BAN:0",
        "original": "Order returns to the mountains.",
        "translation": "질서가 산으로 돌아오다.",
        "stage": 1,
        "context": null
    },
    {
        "key": "GetTNOReference_BAN_Sane:0",
        "original": "The mountain flower is trampled.",
        "translation": "산꽃이 짓밞히다.",
        "stage": 1,
        "context": null
    },
    {
        "key": "GetTNOReference_CYA:0",
        "original": "In sorrow they slept, so far from home.",
        "translation": "슬픔 속에서 그들은 잠들었다, 집에서 멀리 떨어진 채.",
        "stage": 1,
        "context": null
    },
    {
        "key": "GetTNOReference_MIT:0",
        "original": "In their hearts, they were truly free.",
        "translation": "마음 속에서, 그들은 진정으로 자유로웠다.",
        "stage": 1,
        "context": null
    },
    {
        "key": "GetTNOReference_SIC:0",
        "original": "They will find solace in Sycaecia's embrace.",
        "translation": "그들은 시케시아의 포옹에서 위안을 찾을 것이다.",
        "stage": 1,
        "context": null
    },
    {
        "key": "GetTNOReference_GRW:0",
        "original": "Prywhen bleeds red.",
        "translation": "프라이웬이 붉게 피 흘리다.",
        "stage": 1,
        "context": null
    },
    {
        "key": "GetTNOReference_BRF:0",
        "original": "Kloseu wept, not for his Kingdom, but for his wife.",
        "translation": "클로세는 울었다, 왕국 때문이 아니라 아내 때문에.",
        "stage": 1,
        "context": null
    },
    {
        "key": "GetTNOReference_LUS:0",
        "original": "The four-leaf clover failed to bring them luck.",
        "translation": "네잎클로버는 그들에게 운을 주지 못했다.",
        "stage": 1,
        "context": null
    },
    {
        "key": "GetTNOReference_GRY:0",
        "original": "The Cossack bid farewell, and flew off into the sunset.",
        "translation": "코사크들은 작별 인사를 하고, 노을로 날라갔다.",
        "stage": 1,
        "context": null
    },
    {
        "key": "GetTNOReference_GRU:0",
        "original": "The towns lost their precious freedom.",
        "translation": "마을들은 그들의 소중한 자유를 잃었다.",
        "stage": 1,
        "context": null
    },
    {
        "key": "GetTNOReference_MNC:0",
        "original": "Even the highest peaks are conquerable.",
        "translation": "가장 높은 산도 정복할 수 있다.",
        "stage": 1,
        "context": null
    },
    {
        "key": "GetTNOReference_FAT:0",
        "original": "The tricolour flies at half-mast.",
        "translation": "삼색기가 반기로 걸리다.",
        "stage": 1,
        "context": null
    },
    {
        "key": "GetTNOReference_FAW:0",
        "original": "The bandits' treason ended as it began.",
        "translation": "도적들의 반역이 시작하자마자 끝나다.",
        "stage": 1,
        "context": null
    },
    {
        "key": "GetTNOReference_VED:0",
        "original": "Progress marches on, and they could not keep up.",
        "translation": "진보가 계속되고, 기사들은 따라갈 수 없었다.",
        "stage": 1,
        "context": null
    },
    {
        "key": "GetTNOReference_SRS:0",
        "original": "And they had a glowing dream of how fair the world would seem...",
        "translation": "그리고 그들은 세상이 얼마나 공정할지 빛나는 꿈을 꿨었다...",
        "stage": 1,
        "context": null
    },
    {
        "key": "GetTNOReference_NTR:0",
        "original": "Winter is coming.",
        "translation": "겨울이 다가오다.",
        "stage": 1,
        "context": null
    },
    {
        "key": "GetTNOReference_HLQ:0",
        "original": "To serve their kind was their only desire.",
        "translation": "동족을 섬기는 것만이 그들이 원하는 것이였다.",
        "stage": 1,
        "context": null
    },
    {
        "key": "GetTNOReference_LNS:0",
        "original": "Those who live by the sword, die by the sword.",
        "translation": "칼로 흥한 자, 칼로 망하리라.",
        "stage": 1,
        "context": null
    },
    {
        "key": "GetTNOReference_LSM:0",
        "original": "They died for a noble cause.",
        "translation": "그들은 고귀한 대위를 위해 죽었다.",
        "stage": 1,
        "context": null
    },
    {
        "key": "GetTNOReference_LSC:0",
        "original": "Hope dies last.",
        "translation": "희망은 가장 마지막에 죽는다.",
        "stage": 1,
        "context": null
    },
    {
        "key": "GetTNOReference_RCT:0",
        "original": "The rivers run red.",
        "translation": "강이 붉게 흐르다.",
        "stage": 1,
        "context": null
    },
    {
        "key": "GetTNOReference_DMT:0",
        "original": "The darkness dwells in Kiri's halls.",
        "translation": "키리의 궁전에 어둠이 깃들다.",
        "stage": 1,
        "context": null
    },
    {
        "key": "GetTNOReference_BAK:0",
        "original": "They remained calm as the storm engulfed their home.",
        "translation": "폭풍이 그들의 집을 삼켰을 때 그들은 침착했다.",
        "stage": 1,
        "context": null
    },
    {
        "key": "GetTNOReference_WIT:0",
        "original": "Machines are replacing magic and mettle.",
        "translation": "기계가 마법과 기개를 교체하고 있다.",
        "stage": 1,
        "context": null
    },
    {
        "key": "GetTNOReference_NIM:0",
        "original": "They return on their shields.",
        "translation": "그들은 방패로 돌아온다.",
        "stage": 1,
        "context": null
    },
    {
        "key": "GetTNOReference_LCT:0",
        "original": "Now is the time to die, do not bring yourself shame with delay!",
        "translation": "지금이 죽을 시간이다, 지체해서 창피한 꼴을 내지 마라!",
        "stage": 1,
        "context": null
    },
    {
        "key": "GetTNOReference_DEP:0",
        "original": "Unchanging, unyielding, undone.",
        "translation": "변하지 않았고, 양보하지 않았고, 희망도 없었다.",
        "stage": 1,
        "context": null
    },
    {
        "key": "GetTNOReference_FRE:0",
        "original": "Anam-Teine was of little use against guns and steel.",
        "translation": "영혼의 불은 총과 강철 상대로는 소용이 없다.",
        "stage": 1,
        "context": null
    },
    {
        "key": "GetTNOReference_RIV:0",
        "original": "United they stood, united they fell.",
        "translation": "뭉쳐서 살았고, 뭉쳐서 죽었다.",
        "stage": 1,
        "context": null
    },
    {
        "key": "GetTNOReference_ZES:0",
        "original": "Death is inevitable, but freedom is eternal.",
        "translation": "죽음은 피할 수 없지만, 자유는 영원하다.",
        "stage": 1,
        "context": null
    },
    {
        "key": "GetTNOReference_OLV:0",
        "original": "The vikings pass into legend.",
        "translation": "바이킹은 전설 속으로 들어갔다.",
        "stage": 1,
        "context": null
    },
    {
        "key": "GetTNOReference_BAR:0",
        "original": "The madness finally ends.",
        "translation": "광기가 드디어 끝나다.",
        "stage": 1,
        "context": null
    },
    {
        "key": "GetTNOReference_NCH:0",
        "original": "All they wanted was love.",
        "translation": "그저 사랑만을 원했을 뿐이다.",
        "stage": 1,
        "context": null
    },
    {
        "key": "GetTNOReference_FBK:0",
        "original": "In these dark times, the sea brought them comfort.",
        "translation": "이 어두운 시간 속에서, 바다는 그들에게 안식을 주었다.",
        "stage": 1,
        "context": null
    },
    {
        "key": "GetTNOReference_FIR:0",
        "original": "You cannot hide in the woods forever.",
        "translation": "숲 속에서 영원히 숨을 수는 없다.",
        "stage": 1,
        "context": null
    },
    {
        "key": "GetTNOReference_WAT:0",
        "original": "The Holy Springs are tainted with blood.",
        "translation": "신성한 샘이 피로 더러워지다.",
        "stage": 1,
        "context": null
    },
    {
        "key": "GetTNOReference_DED:0",
        "original": "The dead are laid to their final rest.",
        "translation": "죽음은 마지막 안식을 취했다.",
        "stage": 1,
        "context": null
    },
    {
        "key": "GetTNOReference_HLR:0",
        "original": "Now their watch is ended.",
        "translation": "그들의 임무가 끝나다.",
        "stage": 1,
        "context": null
    },
    {
        "key": "GetTNOReference_EWI:0",
        "original": "The wind is silent.",
        "translation": "바람은 고요하다.",
        "stage": 1,
        "context": null
    },
    {
        "key": "GetTNOReference_default:0",
        "original": "Uncertain times.",
        "translation": "불확실한 시대이다.",
        "stage": 1,
        "context": null
    },
    {
        "key": "GetTNOReference_DRG:0",
        "original": "Fear of dragons is a thing of the past.",
        "translation": "",
        "stage": 0,
        "context": null
    }
]