[
    {
        "key": "category_heavy_infantry:0",
        "original": "Infantry",
        "translation": "보병",
        "stage": 1,
        "context": null
    },
    {
        "key": "tech_unicorn_company:0",
        "original": "Unicorn Company",
        "translation": "유니콘 중대",
        "stage": 1,
        "context": null
    },
    {
        "key": "tech_unicorn_company2:0",
        "original": "Unicorn Company II",
        "translation": "유니콘 중대 II",
        "stage": 1,
        "context": null
    },
    {
        "key": "tech_unicorn_company3:0",
        "original": "Unicorn Company III",
        "translation": "유니콘 중대 III",
        "stage": 1,
        "context": null
    },
    {
        "key": "tech_unicorn_company4:0",
        "original": "Unicorn Company IV",
        "translation": "유니콘 중대 IV",
        "stage": 1,
        "context": null
    },
    {
        "key": "unicorn:0",
        "original": "Unicorn Company",
        "translation": "유니콘 중대",
        "stage": 1,
        "context": null
    },
    {
        "key": "magical_infantry:0",
        "original": "Magical Infantry",
        "translation": "마법 보병",
        "stage": 1,
        "context": null
    },
    {
        "key": "magical_infantry_desc:0",
        "original": "Meat for the meat grinder.",
        "translation": "고기 분쇄기를 만나 보세요.",
        "stage": 1,
        "context": null
    },
    {
        "key": "troll_hound_tech:0",
        "original": "Troll Hounds",
        "translation": "트롤 사냥개",
        "stage": 1,
        "context": null
    },
    {
        "key": "troll_hound:0",
        "original": "Troll Hounds",
        "translation": "트롤 사냥개",
        "stage": 1,
        "context": null
    },
    {
        "key": "at_armored_car:0",
        "original": "Anti-Tank Armored Car",
        "translation": "대전차 장갑차",
        "stage": 1,
        "context": null
    },
    {
        "key": "category_armored_car:0",
        "original": "Armored Cars",
        "translation": "장갑차",
        "stage": 1,
        "context": null
    },
    {
        "key": "windigo_horrors:0",
        "original": "Horrors",
        "translation": "공포",
        "stage": 1,
        "context": null
    },
    {
        "key": "jet_scout_plane:0",
        "original": "Jet Scout Plane",
        "translation": "제트 정찰기",
        "stage": 1,
        "context": null
    }
]