[
    {
        "key": "jungle_warfare_expert:0",
        "original": "Jungle Warfare Expert",
        "translation": "정글 전쟁 전문가",
        "stage": 1,
        "context": null
    },
    {
        "key": "inspiration_leader:0",
        "original": "Inspirational Leader",
        "translation": "고무된 지도자",
        "stage": 1,
        "context": null
    },
    {
        "key": "royal_guard_commander:0",
        "original": "Royal Guard Commander",
        "translation": "왕실 근위대장",
        "stage": 1,
        "context": null
    },
    {
        "key": "royal_guard_commander_desc:0",
        "original": "Shining Armour is the current Captain of the Royal Guard, and his presence inspires ponies to greater bravery, knowing that he's watching them, with a barrier spell ready.",
        "translation": "왕실 근위대장 샤이닝 아머가 배리어 마법을 통해 항상 포니들을 지켜봐주고 있기 때문에 그들로 하여금 더 큰 용기를 북돋아줄 수 있습니다.",
        "stage": 1,
        "context": null
    },
    {
        "key": "pioneer_activist:0",
        "original": "Pioneer Activist",
        "translation": "유소년단 활동가",
        "stage": 1,
        "context": null
    },
    {
        "key": "princess_of_ponies:0",
        "original": "Princess of Ponies",
        "translation": "포니들의 공주",
        "stage": 1,
        "context": null
    },
    {
        "key": "princesses_of_ponies:0",
        "original": "Princesses of Ponies",
        "translation": "포니들의 공주들",
        "stage": 1,
        "context": null
    },
    {
        "key": "dislikes_griffon_empire:0",
        "original": "Dislikes the Empire",
        "translation": "제국 혐오자",
        "stage": 1,
        "context": null
    },
    {
        "key": "diamond_king:0",
        "original": "Diamond King",
        "translation": "다이아몬드 왕",
        "stage": 1,
        "context": null
    },
    {
        "key": "young_count:0",
        "original": "Young Count",
        "translation": "젊은 백작",
        "stage": 1,
        "context": null
    },
    {
        "key": "stubbon_bulldog:0",
        "original": "Stubbon Bulldog",
        "translation": "완강한 불독",
        "stage": 1,
        "context": null
    },
    {
        "key": "diehard_environmentalist:0",
        "original": "Environmentalist",
        "translation": "환경주의자",
        "stage": 1,
        "context": null
    },
    {
        "key": "shadowbolt_society_trait:0",
        "original": "Shadowbolt Society Chairmare",
        "translation": "섀도볼츠 협회장",
        "stage": 1,
        "context": null
    },
    {
        "key": "friendship_school_branch:0",
        "original": "Friendship School Branch",
        "translation": "우정학교 지부",
        "stage": 1,
        "context": null
    },
    {
        "key": "friendship_school_student:0",
        "original": "Friendship School Graduate",
        "translation": "우정학교 졸업자",
        "stage": 1,
        "context": null
    },
    {
        "key": "ohs_director:0",
        "original": "OHS Director",
        "translation": "조화사무국 지도자",
        "stage": 1,
        "context": null
    },
    {
        "key": "heir_of_blessed_sowrd:0",
        "original": "Heir of Blessed Sword",
        "translation": "블레스드 소드의 후계자",
        "stage": 1,
        "context": null
    },
    {
        "key": "reincarnation_of_blessed_sowrd:0",
        "original": "Reincarnation of Blessed Sword",
        "translation": "블레스드 소드의 환생",
        "stage": 1,
        "context": null
    },
    {
        "key": "agent_of_smile:0",
        "original": "Agent of S.M.I.L.E.",
        "translation": "S.M.I.L.E. 요원",
        "stage": 1,
        "context": null
    },
    {
        "key": "agent_of_smile_lar:0",
        "original": "Agent of S.M.I.L.E.",
        "translation": "S.M.I.L.E. 요원",
        "stage": 1,
        "context": null
    },
    {
        "key": "rock_girl:0",
        "original": "Rock Girl",
        "translation": "바위 소녀",
        "stage": 1,
        "context": null
    },
    {
        "key": "rock_girl_desc:0",
        "original": "Having spent most of her life in a rock farm, this rock girl has a tough personality and broad expertise in digging.",
        "translation": "대부분의 삶을 바위 농장에서 보낸 이 바위 소녀는 터프한 성격과 땅을 파는데 있어서 폭넓은 전문 지식을 가지고 있습니다.",
        "stage": 1,
        "context": null
    },
    {
        "key": "pinkie_pie_bae:0",
        "original": "Pinkie Pie",
        "translation": "핑키 파이",
        "stage": 1,
        "context": null
    },
    {
        "key": "pinkie_pie_bae_desc:0",
        "original": "Extremely joyful pony, lifts up the morale of the soldiers, breaks the laws of physics and digs trenches at the speed of sound.",
        "translation": "이 매우 즐거운 포니는 병사들의 사기를 북돋아 주며, 물리 법칙을 깨고 음속의 속도로 참호를 파냅니다.",
        "stage": 1,
        "context": null
    },
    {
        "key": "newmareland_digger:0",
        "original": "Digger",
        "translation": "디거",
        "stage": 1,
        "context": null
    },
    {
        "key": "newmareland_digger_desc:0",
        "original": "Professional trench digger.",
        "translation": "참호 파기의 전문가입니다.",
        "stage": 1,
        "context": null
    },
    {
        "key": "party_maker:0",
        "original": "Party Maker",
        "translation": "파티 메이커",
        "stage": 1,
        "context": null
    },
    {
        "key": "queen_terror:0",
        "original": "Tribal Queen",
        "translation": "부족 여왕",
        "stage": 1,
        "context": null
    },
    {
        "key": "queen_terror_desc:0",
        "original": "Tzyca Tezischia joined forces with the Lunar Rebellion not out of a sense of unity with her nocturnal siblings but rather out of a desperate need for survival. Her loyalty stand primarily with the bat ponies she leads and that loyalty is repaid in kind as she can inspire a fierce fighting spirit from her troops. While her loyalty to the Lunar matriarch is questionable, Tzyca's skill in the battlefield is a useful asset that'd be a shame to squander.",
        "translation": "",
        "stage": 0,
        "context": null
    },
    {
        "key": "jungle_girl:0",
        "original": "Jungle Girl",
        "translation": "정글의 소녀",
        "stage": 1,
        "context": null
    },
    {
        "key": "jungle_girl_desc:0",
        "original": "Brave and adventurous, often reckless. The Jungle adventurer spent most of their life in the jungle, either in pursuit of treasures or fighting the bandits, and they can share their experience with the ponies they lead.",
        "translation": "",
        "stage": 0,
        "context": null
    },
    {
        "key": "commissar_general:0",
        "original": "Red General",
        "translation": "붉은 장군",
        "stage": 1,
        "context": null
    },
    {
        "key": "commissar_general_desc:0",
        "original": "Staunch communist, a hero of the Revolution. An inspiration figure for every soldier in their army.",
        "translation": "",
        "stage": 0,
        "context": null
    },
    {
        "key": "best_baker_in_town:0",
        "original": "Best baker in town",
        "translation": "마을 최고의 제빵사",
        "stage": 1,
        "context": null
    },
    {
        "key": "inspiring_commissar:0",
        "original": "Inspiring Commissar",
        "translation": "고무하는 정치 위원",
        "stage": 1,
        "context": null
    },
    {
        "key": "inspiring_commissar_desc:0",
        "original": "This commissar inspires soldiers to do the impossible and fight to their last breath. Motherland or Death!",
        "translation": "이 정치 위원은 군인들에게 불가능한 일에 도전하게 하거나 마지막 숨을 거둘 때까지 싸우도록 고무합니다. 모국이냐 죽음이냐!",
        "stage": 1,
        "context": null
    },
    {
        "key": "infantry_equipment_designer:0",
        "original": "Infantry Equipment Designer",
        "translation": "보병 장비 설계사",
        "stage": 1,
        "context": null
    },
    {
        "key": "royal_magician:0",
        "original": "Royal Magician",
        "translation": "왕실 마법사",
        "stage": 1,
        "context": null
    },
    {
        "key": "element_of_loyalty:0",
        "original": "Element of Loyalty",
        "translation": "의리의 원소",
        "stage": 1,
        "context": null
    },
    {
        "key": "sanguinary_prince:0",
        "original": "Sanguinary Prince",
        "translation": "",
        "stage": 0,
        "context": null
    },
    {
        "key": "sanguinary_prince_desc:0",
        "original": "Bloodthirsty at night, vampire bats are known to be the most devout followers of the Night Goddess, and make formidable foes. Just... stay away from the sunlight.",
        "translation": "",
        "stage": 0,
        "context": null
    },
    {
        "key": "nico_the_general:0",
        "original": "Nico",
        "translation": "니코",
        "stage": 1,
        "context": null
    },
    {
        "key": "nico_the_general_desc:0",
        "original": "",
        "translation": "",
        "stage": -1,
        "context": null
    },
    {
        "key": "welfare_program:0",
        "original": "Welfare Program",
        "translation": "복지 제도",
        "stage": 1,
        "context": null
    },
    {
        "key": "air_force_commander:0",
        "original": "Air Force Commander",
        "translation": "공군 사령관",
        "stage": 1,
        "context": null
    },
    {
        "key": "air_force_commander_desc:0",
        "original": "Either a former pilot or an air force officer relegated to army command, this general uses their experience to better coordinate joint air and land operations.",
        "translation": "",
        "stage": 0,
        "context": null
    },
    {
        "key": "dubious_loyalty:0",
        "original": "Dubious Loyalty",
        "translation": "",
        "stage": 0,
        "context": null
    },
    {
        "key": "dubious_loyalty_desc:0",
        "original": "There are rumours that this commander is working to undermine the ruling regime. Whether true or not, the aura of suspicion interferes with their duties.",
        "translation": "",
        "stage": 0,
        "context": null
    },
    {
        "key": "democratic_sympathies:0",
        "original": "Harmonist Sympathies",
        "translation": "조화주의 동조자",
        "stage": 1,
        "context": null
    },
    {
        "key": "uniform_designer:0",
        "original": "Uniform Designer",
        "translation": "제복 디자이너",
        "stage": 1,
        "context": null
    },
    {
        "key": "air_combat_academy:0",
        "original": "Air Combat Academy",
        "translation": "항공전 교육학교",
        "stage": 1,
        "context": null
    },
    {
        "key": "goddess_of_the_night:0",
        "original": "Goddess of the Night",
        "translation": "밤의 여신",
        "stage": 1,
        "context": null
    },
    {
        "key": "warrior_princess:0",
        "original": "Warrior Princess",
        "translation": "전사 공주",
        "stage": 1,
        "context": null
    },
    {
        "key": "goddess_of_the_night_desc:0",
        "original": "Having magical abilities so powerful that she is able to control the Moon, the Princess of the Night is capable to provide useful advantage for her troops during the night.",
        "translation": "",
        "stage": 0,
        "context": null
    },
    {
        "key": "warrior_princess_desc:0",
        "original": "Having fought many battles against the forces of evil prior to the unification of Equestria, Luna inspires the ponies under her command to ever greater feats of bravery, even if her knowledge of tactics remains somewhat dated.",
        "translation": "",
        "stage": 0,
        "context": null
    },
    {
        "key": "night_guard:0",
        "original": "Night Guard",
        "translation": "",
        "stage": 0,
        "context": null
    },
    {
        "key": "night_guard_desc:0",
        "original": "The Night Guards are ponies chosen to lead the Night Princess' armies. They have received specialised training which, during night-time, greatly improves the performance of the troops under their command. The night sees all.",
        "translation": "",
        "stage": 0,
        "context": null
    },
    {
        "key": "equestrian_prince:0",
        "original": "Prince of Equestria",
        "translation": "",
        "stage": 0,
        "context": null
    },
    {
        "key": "equestrian_prince_desc:0",
        "original": "The Princes' attend the high class military academy in Canterlot, where they are trained to command armies in battle.",
        "translation": "",
        "stage": 0,
        "context": null
    },
    {
        "key": "advanced_artillery_manufacturer:0",
        "original": "Advanced Artillery Manufacturer",
        "translation": "진보된 야포 제조자",
        "stage": 1,
        "context": null
    },
    {
        "key": "trimmel:0",
        "original": "Panzer Marshal",
        "translation": "기갑 원수",
        "stage": 1,
        "context": null
    },
    {
        "key": "trimmel_desc:0",
        "original": "An unparalleled expert with Tanks and Mechanised forces.",
        "translation": "전차와 기계화 전력에 비견할 수 없는 전문가입니다.",
        "stage": 1,
        "context": null
    },
    {
        "key": "infiltrator:0",
        "original": "Queen's Guard",
        "translation": "여왕의 친위대",
        "stage": 1,
        "context": null
    },
    {
        "key": "infiltrator_desc:0",
        "original": "While all changelings are naturally adept in subterfuge and deception, the Queen's Guard understand the truth of war, battles are won by the merciless application of overwhelming force. Their combat doctrine dictates that any battle where their capacity to fight and willingness to die exceeds that of their enemy is a battle already won — everything else is merely a matter of time and attrition.",
        "translation": "모든 체인질링들은 속임수와 기만의 전문가들인데, 여왕의 친위대는 압도적인 힘의 무자비한 활용이 전투를 승리로 이끈다는 전쟁의 진실을 알고 있습니다. 그들의 전투 교리는 전투 능력과 기꺼이 죽을 의지가 적을 능가한 전투는 이미 이긴 전투라고 지시합니다 - 다른 모든 것들은 시간과 소모전의 문제일 뿐입니다.",
        "stage": 1,
        "context": null
    },
    {
        "key": "corn_lord:0",
        "original": "Lord of Corn",
        "translation": "",
        "stage": 0,
        "context": null
    },
    {
        "key": "god_king:0",
        "original": "God King",
        "translation": "신 왕",
        "stage": 1,
        "context": null
    },
    {
        "key": "corn_lord_desc:0",
        "original": "This individual has an amazing obsession with maize.",
        "translation": "",
        "stage": 0,
        "context": null
    },
    {
        "key": "secret_police_chief:0",
        "original": "Secret Police Chief",
        "translation": "비밀 경찰청장",
        "stage": 1,
        "context": null
    },
    {
        "key": "secret_police_chief_desc:0",
        "original": "This individual was at one point or still is in charge of a spy agency.",
        "translation": "이 개인은 어느 시점에 또는 여전히 스파이 기관장을 맡고 있습니다.",
        "stage": 1,
        "context": null
    },
    {
        "key": "cult_leader:0",
        "original": "Cult Leader",
        "translation": "종교 지도자",
        "stage": 1,
        "context": null
    },
    {
        "key": "red_admiral:0",
        "original": "The Red Admiral",
        "translation": "붉은 제독",
        "stage": 1,
        "context": null
    },
    {
        "key": "hero_of_the_revolution:0",
        "original": "Hero of the Revolution",
        "translation": "혁명의 영웅",
        "stage": 1,
        "context": null
    },
    {
        "key": "friendly_priest:0",
        "original": "Friendly Preacher",
        "translation": "친절한 설교가",
        "stage": 1,
        "context": null
    },
    {
        "key": "friendly_priest_desc:0",
        "original": "Through sheer good will and a bit of equity this individual is loved by believers and non believers alike.",
        "translation": "순수한 선의와 약간의 형평성을 통해 신도와 비신도 모두에게 사랑받고 있습니다.",
        "stage": 1,
        "context": null
    },
    {
        "key": "employee:0",
        "original": "Model Employee",
        "translation": "",
        "stage": 0,
        "context": null
    },
    {
        "key": "xiopili_chief:0",
        "original": "Chief of the Xiopili",
        "translation": "",
        "stage": 0,
        "context": null
    },
    {
        "key": "duce:0",
        "original": "Il Duce",
        "translation": "일 두체",
        "stage": 1,
        "context": null
    },
    {
        "key": "soldier_king:0",
        "original": "Soldier King",
        "translation": "군인 왕",
        "stage": 1,
        "context": null
    },
    {
        "key": "bookworm:0",
        "original": "Bookworm",
        "translation": "책벌레",
        "stage": 1,
        "context": null
    },
    {
        "key": "tinyman:0",
        "original": "Fallen's Struggle",
        "translation": "",
        "stage": 0,
        "context": null
    },
    {
        "key": "tinyman_desc:0",
        "original": "",
        "translation": "",
        "stage": -1,
        "context": null
    },
    {
        "key": "local_magician:0",
        "original": "Local Magician",
        "translation": "지역 마술사",
        "stage": 1,
        "context": null
    },
    {
        "key": "known_pony:0",
        "original": "Well-known Pony",
        "translation": "유명한 포니",
        "stage": 1,
        "context": null
    },
    {
        "key": "sea_and_sky:0",
        "original": "Sea and Sky",
        "translation": "바다와 하늘",
        "stage": 1,
        "context": null
    },
    {
        "key": "sea_and_sky_desc:0",
        "original": "He believes that the best way to hold the sea is by controlling the air.",
        "translation": "",
        "stage": 0,
        "context": null
    },
    {
        "key": "provisional:0",
        "original": "Provisional Government",
        "translation": "임시 정부",
        "stage": 1,
        "context": null
    },
    {
        "key": "provisional_desc:0",
        "original": "One cannot expect a nation to take its rightful place on the world stage if there is nobody leading it.",
        "translation": "아무도 이끄는 사람이 없다면, 한 국가가 세계 무대에서 정당한 자리를 차지할 수 있을 것이라고 기대할 수 없습니다.",
        "stage": 1,
        "context": null
    },
    {
        "key": "pie_artillery:0",
        "original": "Pie Throwing Expert",
        "translation": "파이 던지기 전문가",
        "stage": 1,
        "context": null
    },
    {
        "key": "little_chieftess:0",
        "original": "Little Chieftess",
        "translation": "",
        "stage": 0,
        "context": null
    },
    {
        "key": "captains_of_industry:0",
        "original": "Captains of Industry",
        "translation": "",
        "stage": 0,
        "context": null
    },
    {
        "key": "war_industrialists:0",
        "original": "War Industrialists",
        "translation": "전쟁 산업가",
        "stage": 1,
        "context": null
    },
    {
        "key": "communist_promoter:0",
        "original": "Communist Supporter",
        "translation": "공산주의 지지자",
        "stage": 1,
        "context": null
    },
    {
        "key": "old_chief:0",
        "original": "Old Chief",
        "translation": "",
        "stage": 0,
        "context": null
    },
    {
        "key": "inspirational_leader_corps:0",
        "original": "Inspirational Leader",
        "translation": "영감을 주는 지도자",
        "stage": 1,
        "context": null
    },
    {
        "key": "state_investor:0",
        "original": "State Investor",
        "translation": "",
        "stage": 0,
        "context": null
    },
    {
        "key": "mining_company:0",
        "original": "Mining Company",
        "translation": "채광 ",
        "stage": 1,
        "context": null
    },
    {
        "key": "standardisation_concern:0",
        "original": "Standardisation Concern",
        "translation": "",
        "stage": 0,
        "context": null
    },
    {
        "key": "magical_concern:0",
        "original": "Magical Concern",
        "translation": "",
        "stage": 0,
        "context": null
    },
    {
        "key": "promising_general:0",
        "original": "Promising Leader",
        "translation": "유망한 지도자",
        "stage": 1,
        "context": null
    },
    {
        "key": "promising_general_desc:0",
        "original": "This leader has proven to be a quick learner.",
        "translation": "이 사람은 학습 속도가 빠른 것으로 입증되었습니다.",
        "stage": 1,
        "context": null
    },
    {
        "key": "industrial_machines:0",
        "original": "Machine Tools Producer",
        "translation": "",
        "stage": 0,
        "context": null
    },
    {
        "key": "spiritual_organization:0",
        "original": "Spiritual Organisation",
        "translation": "",
        "stage": 0,
        "context": null
    },
    {
        "key": "vzletaem:0",
        "original": "Vzletaem!",
        "translation": "",
        "stage": 0,
        "context": null
    },
    {
        "key": "nightmare_of_solomon:0",
        "original": "Nightmare of Solomon",
        "translation": "",
        "stage": 0,
        "context": null
    },
    {
        "key": "nightmare_of_solomon_desc:0",
        "original": "After almost single-hoofedly turning around a naval battle in the middle of the night against a much larger enemy force Evening Squall was first given the nickname \"Nightmare of Solomon\" by enemy forces but it was soon adopted by Equestrian naval personnel. Ever since she has a reputation of being second to none when it comes to naval warfare, especially at night.",
        "translation": "",
        "stage": 0,
        "context": null
    },
    {
        "key": "naval_architect:0",
        "original": "Naval Architect",
        "translation": "해군 건축가",
        "stage": 1,
        "context": null
    },
    {
        "key": "naval_architect_desc:0",
        "original": "After years of designing warships, this Admiral has a great understanding of how they function, how to maintain them, and how to repair and refit them. Their crews will be well trained in damage control, and their ships well prepared to handle even the most punishing of enemy strikes.",
        "translation": "수년간의 함정 설계 끝에 이 제독은 함정의 기능, 유지 관리 방법, 그리고 함정의 수리 및 재장착 방법을 잘 이해하게 되었습니다. 그들의 선원들은 피해 통제 훈련을 잘 받게 될 것이고, 그들의 배들은 아무리 심한 적군의 타격도 잘 처리할 준비가 되어 있을 것입니다.",
        "stage": 1,
        "context": null
    },
    {
        "key": "war_hero_grunt:0",
        "original": "Highly Decorated Trooper",
        "translation": "",
        "stage": 0,
        "context": null
    },
    {
        "key": "war_hero_grunt_desc:0",
        "original": "This pony is one of the most decorated enlisted soldiers in the nation, a hard earned achievement.",
        "translation": "",
        "stage": 0,
        "context": null
    },
    {
        "key": "war_hero_general:0",
        "original": "War Hero - General",
        "translation": "전쟁 영웅 - 장군",
        "stage": 1,
        "context": null
    },
    {
        "key": "war_hero_general_desc:0",
        "original": "This pony is a great and accomplished general, proven in battle. He understands the needs of the military.",
        "translation": "이 포니는 전투에서 증명된 위대하고 뛰어난 장군입니다. 그는 군대의 요구를 이해합니다.",
        "stage": 1,
        "context": null
    },
    {
        "key": "connected_diplomat:0",
        "original": "Well Connected Diplomat",
        "translation": "",
        "stage": 0,
        "context": null
    },
    {
        "key": "connected_diplomat_desc:0",
        "original": "This pony is an established member of the aristocracy and is well connected locally and abroad.",
        "translation": "",
        "stage": 0,
        "context": null
    },
    {
        "key": "oddball:0",
        "original": "Political Oddball",
        "translation": "",
        "stage": 0,
        "context": null
    },
    {
        "key": "oddball_desc:0",
        "original": "This pony is politically strangely aligned, but their charms, skills, and promises have been enough to get them elected.",
        "translation": "",
        "stage": 0,
        "context": null
    },
    {
        "key": "industrial_researcher:0",
        "original": "Industrialist-Researcher",
        "translation": "",
        "stage": 0,
        "context": null
    },
    {
        "key": "industrial_researcher_desc:0",
        "original": "This pony is a head of industry and science and advocates progressive ideas both politically and technologically.",
        "translation": "",
        "stage": 0,
        "context": null
    },
    {
        "key": "populist:0",
        "original": "Grassroots Populist",
        "translation": "",
        "stage": 0,
        "context": null
    },
    {
        "key": "populist_desc:0",
        "original": "This is a person of the people, with a strong and honest resolve to help their nation.",
        "translation": "",
        "stage": 0,
        "context": null
    },
    {
        "key": "rich_industrialist:0",
        "original": "Wealthy Industrialist",
        "translation": "부유한 산업가",
        "stage": 1,
        "context": null
    },
    {
        "key": "rich_industrialist_desc:0",
        "original": "This individual is a wealthy business owner who has strong ties with big business and industry.",
        "translation": "",
        "stage": 0,
        "context": null
    },
    {
        "key": "rural_populist:0",
        "original": "Rural Populist",
        "translation": "농촌 인민주의자",
        "stage": 1,
        "context": null
    },
    {
        "key": "rural_populist_desc:0",
        "original": "This person is a hardy farmer and rancher. They care deeply for their fellow neighbour, wherever they come from.",
        "translation": "이 사람은 강인한 농부이자 농장주입니다. 그들은 출신에 상관없이, 동료 이웃들을 깊이 배려합니다.",
        "stage": 1,
        "context": null
    },
    {
        "key": "serene_sovereignty:0",
        "original": "Serene Sovereignty",
        "translation": "",
        "stage": 0,
        "context": null
    },
    {
        "key": "serene_sovereignty_desc:0",
        "original": "Celestia has reaffirmed her rightful place as the wise and enlightened monarch of Equestria, its ultimate guide and defender.",
        "translation": "",
        "stage": 0,
        "context": null
    },
    {
        "key": "defunct_monarch:0",
        "original": "Defunct Monarch",
        "translation": "",
        "stage": 0,
        "context": null
    },
    {
        "key": "defunct_monarch_desc:0",
        "original": "Celestia has been shut out of her role as the monarch of Equestria, and her rule is ineffective.",
        "translation": "",
        "stage": 0,
        "context": null
    },
    {
        "key": "serene_monarch:0",
        "original": "Serene Monarch",
        "translation": "",
        "stage": 0,
        "context": null
    },
    {
        "key": "serene_monarch_desc:0",
        "original": "Celestia has reconciled with her ponies and accepted the reforms demanded of her government, and thus they have accepted her back.",
        "translation": "",
        "stage": 0,
        "context": null
    },
    {
        "key": "nuclear_concern:0",
        "original": "Nuclear Concern",
        "translation": "원자력 회사",
        "stage": 1,
        "context": null
    },
    {
        "key": "research_center:0",
        "original": "Research Centre",
        "translation": "",
        "stage": 0,
        "context": null
    },
    {
        "key": "forest_deer:0",
        "original": "Forest Deer",
        "translation": "숲 사슴",
        "stage": 1,
        "context": null
    },
    {
        "key": "forest_deer_desc:0",
        "original": "Forest deer know their forests very well and can guide their troops to advance faster.",
        "translation": "",
        "stage": 0,
        "context": null
    },
    {
        "key": "child_of_blizzards:0",
        "original": "Child of Blizzards",
        "translation": "",
        "stage": 0,
        "context": null
    },
    {
        "key": "demagogue:0",
        "original": "Demagogue",
        "translation": "선동가",
        "stage": 1,
        "context": null
    },
    {
        "key": "imbecile:0",
        "original": "Imbecile",
        "translation": "천치",
        "stage": 1,
        "context": null
    },
    {
        "key": "imbecile_desc:0",
        "original": "Imbecile characters are stupid.",
        "translation": "천치는 멍청합니다.",
        "stage": 1,
        "context": null
    },
    {
        "key": "blind:0",
        "original": "Blind",
        "translation": "장님",
        "stage": 1,
        "context": null
    },
    {
        "key": "blind_desc:0",
        "original": "Blind characters can't see.",
        "translation": "장님은 앞을 볼 수 없습니다.",
        "stage": 1,
        "context": null
    },
    {
        "key": "deranged:0",
        "original": "Deranged",
        "translation": "정신착란자",
        "stage": 1,
        "context": null
    },
    {
        "key": "chosen_by_maar:0",
        "original": "Chosen By Maar",
        "translation": "마아르에게 선택받은 자",
        "stage": 1,
        "context": null
    },
    {
        "key": "bleeding_heart:0",
        "original": "Bleeding Heart",
        "translation": "",
        "stage": 0,
        "context": null
    },
    {
        "key": "bleeding_heart_desc:0",
        "original": "Doesn't like killing.",
        "translation": "",
        "stage": 0,
        "context": null
    },
    {
        "key": "eccentric:0",
        "original": "Eccentric",
        "translation": "",
        "stage": 0,
        "context": null
    },
    {
        "key": "eccentric_desc:0",
        "original": "This individual has demonstrated a lack of interest for social norms and frequently indulges in unorthodox or even bizarre behaviour. While it can be a daily nuisance for those around them, it has its virtues in diplomacy and warfare.",
        "translation": "",
        "stage": 0,
        "context": null
    },
    {
        "key": "sunset_shimmer_t:0",
        "original": "Otherworldly Experience",
        "translation": "",
        "stage": 0,
        "context": null
    },
    {
        "key": "sunset_shimmer_t_desc:0",
        "original": "This general was long absent from the land, and has only recently returned. During their time abroad they picked up several quirks that some call unsettling and even alien, but which also make them a more effective commander.",
        "translation": "",
        "stage": 0,
        "context": null
    },
    {
        "key": "sunrise_sparkle_t:0",
        "original": "Lady Inquisitor",
        "translation": "",
        "stage": 0,
        "context": null
    },
    {
        "key": "miniluv_trait:0",
        "original": "Ministry of Love",
        "translation": "",
        "stage": 0,
        "context": null
    },
    {
        "key": "miniluv_trait_desc:0",
        "original": "The Ministry of Love is responsible for enforcing loyalty to Big Sister through fear and brainwashing.",
        "translation": "",
        "stage": 0,
        "context": null
    },
    {
        "key": "minipax_trait:0",
        "original": "Ministry of Peace",
        "translation": "",
        "stage": 0,
        "context": null
    },
    {
        "key": "minipax_trait_desc:0",
        "original": "The Ministry of Peace is responsible for ensuring the armed forces are always in conflict for the state to fight.",
        "translation": "",
        "stage": 0,
        "context": null
    },
    {
        "key": "miniplenty_trait:0",
        "original": "Ministry of Plenty",
        "translation": "",
        "stage": 0,
        "context": null
    },
    {
        "key": "miniplenty_trait_desc:0",
        "original": "The Ministry of Plenty is responsible for ensuring starvation and stagnation for all. Luxuries are only available to the most elite of the party and only if they are deemed worthy enough.",
        "translation": "",
        "stage": 0,
        "context": null
    },
    {
        "key": "minitrue_trait:0",
        "original": "Ministry of Truth",
        "translation": "",
        "stage": 0,
        "context": null
    },
    {
        "key": "minitrue_trait_desc:0",
        "original": "The Ministry of Truth is responsible for covering up any mistakes that are made. Not that Big Sister ever makes mistakes.",
        "translation": "",
        "stage": 0,
        "context": null
    },
    {
        "key": "staunch_republican:0",
        "original": "Staunch Republican",
        "translation": "",
        "stage": 0,
        "context": null
    },
    {
        "key": "midnight_poppy:0",
        "original": "Master of Psychology",
        "translation": "",
        "stage": 0,
        "context": null
    },
    {
        "key": "midnight_poppy_desc:0",
        "original": "Having studied Psychology long before joining the military, this pony knows how to use her expertise to convince her troops to put in that extra effort into everything they do.",
        "translation": "",
        "stage": 0,
        "context": null
    },
    {
        "key": "fireflight:0",
        "original": "Best Defence",
        "translation": "",
        "stage": 0,
        "context": null
    },
    {
        "key": "fireflight_desc:0",
        "original": "",
        "translation": "",
        "stage": -1,
        "context": null
    },
    {
        "key": "stormchaser:0",
        "original": "Solar Determination",
        "translation": "",
        "stage": 0,
        "context": null
    },
    {
        "key": "stormchaser_desc:0",
        "original": "This pony insists on sticking with the old school of combat, even in modern times of tank warfare.",
        "translation": "",
        "stage": 0,
        "context": null
    },
    {
        "key": "moonatik:0",
        "original": "Major General",
        "translation": "",
        "stage": 0,
        "context": null
    },
    {
        "key": "moonatik_desc:0",
        "original": "A very young, very loyal, and very successful officer, joining the Lunar Guard at age 19 before quickly rising through the ranks and introducing Equestria to more modern tactics and methods of warfare.",
        "translation": "",
        "stage": 0,
        "context": null
    },
    {
        "key": "supply_raider:0",
        "original": "Supply Raider",
        "translation": "",
        "stage": 0,
        "context": null
    },
    {
        "key": "supply_raider_desc:0",
        "original": "This general somehow always manages to scavenge, steal or find enough supplies to keep their troops well-provisioned.",
        "translation": "",
        "stage": 0,
        "context": null
    },
    {
        "key": "supply_raider_no_wtt:0",
        "original": "Supply Raider",
        "translation": "",
        "stage": 0,
        "context": null
    },
    {
        "key": "supply_raider_no_wtt_desc:0",
        "original": "This general somehow always manages to scavenge, steal or find enough supplies to keep their troops well-provisioned.",
        "translation": "",
        "stage": 0,
        "context": null
    },
    {
        "key": "rarity_the_designer:0",
        "original": "Uniform Designer",
        "translation": "제복 디자이너",
        "stage": 1,
        "context": null
    },
    {
        "key": "vigilant_sentinel:0",
        "original": "The Vigilant Sentinel",
        "translation": "",
        "stage": 0,
        "context": null
    },
    {
        "key": "vigilant_sentinel_desc:0",
        "original": "",
        "translation": "",
        "stage": -1,
        "context": null
    },
    {
        "key": "medical_expert:0",
        "original": "Medical Expert",
        "translation": "의료 전문가",
        "stage": 1,
        "context": null
    },
    {
        "key": "medical_expert_desc:0",
        "original": "This general has experience in medical field and will never leave their friends behind.",
        "translation": "",
        "stage": 0,
        "context": null
    },
    {
        "key": "defence_theorist:0",
        "original": "Defence Theorist",
        "translation": "방어 이론가",
        "stage": 1,
        "context": null
    },
    {
        "key": "defence_theorist_desc:0",
        "original": "This officer proposes to apply his new defence theory to practice. He promises that if he will oversee the army, no creature will be able to take on it.",
        "translation": "이 장교는 그의 새로운 방어 이론을 실천에 적용할 것을 제안하고 있습니다. 만약 그가 군대를 감독할 수 있게 해준다면, 어떠한 생물체도 이곳을 차지할 수 없을 것이라고 약속하였습니다.",
        "stage": 1,
        "context": null
    },
    {
        "key": "arrow:0",
        "original": "Passionate",
        "translation": "",
        "stage": 0,
        "context": null
    },
    {
        "key": "arrow_desc:0",
        "original": "Inspires their troops to follow them anywhere and often leads the charge personally.",
        "translation": "",
        "stage": 0,
        "context": null
    },
    {
        "key": "industry_theorist:0",
        "original": "Industry Theorist",
        "translation": "산업 이론가",
        "stage": 1,
        "context": null
    },
    {
        "key": "silent_workgriffon2:0",
        "original": "Silent Workbird",
        "translation": "조용한 일꾼",
        "stage": 1,
        "context": null
    },
    {
        "key": "silent_workgriffon1:0",
        "original": "Silent Workbird",
        "translation": "조용한 일꾼",
        "stage": 1,
        "context": null
    },
    {
        "key": "silent_workgriffon:0",
        "original": "Silent Workbird",
        "translation": "조용한 일꾼",
        "stage": 1,
        "context": null
    },
    {
        "key": "silent_workgoat:0",
        "original": "Silent Workgoat",
        "translation": "조용한 일꾼",
        "stage": 1,
        "context": null
    },
    {
        "key": "popular_figurehead1:0",
        "original": "Popular Figurehead",
        "translation": "유명인사",
        "stage": 1,
        "context": null
    },
    {
        "key": "popular_leader:0",
        "original": "Popular Leader",
        "translation": "유명한 지도자",
        "stage": 1,
        "context": null
    },
    {
        "key": "ideological_crusaders1:0",
        "original": "Ideological Crusaders",
        "translation": "이념 십자군",
        "stage": 1,
        "context": null
    },
    {
        "key": "ideological_crusaders:0",
        "original": "Ideological Crusaders",
        "translation": "이념 십자군",
        "stage": 1,
        "context": null
    },
    {
        "key": "smooth_talking_charmers1:0",
        "original": "Smooth-Talking Charmers",
        "translation": "",
        "stage": 0,
        "context": null
    },
    {
        "key": "smooth_talking_charmers:0",
        "original": "Smooth-Talking Charmers",
        "translation": "",
        "stage": 0,
        "context": null
    },
    {
        "key": "determined_innovator:0",
        "original": "Determined Innovator",
        "translation": "",
        "stage": 0,
        "context": null
    },
    {
        "key": "determined_innovator_desc:0",
        "original": "This commander uses the most modern means of warfare. Improvise. Adapt. Overcome!",
        "translation": "",
        "stage": 0,
        "context": null
    },
    {
        "key": "warrior_chief:0",
        "original": "Warrior Chief",
        "translation": "",
        "stage": 0,
        "context": null
    },
    {
        "key": "agricultural_concern:0",
        "original": "Agricultural Concern",
        "translation": "농업 관심",
        "stage": 1,
        "context": null
    },
    {
        "key": "signal_expert_trait:0",
        "original": "Signal Expert",
        "translation": "통신 전문가",
        "stage": 1,
        "context": null
    },
    {
        "key": "signal_expert_trait_desc:0",
        "original": "As a former radio host, this mare knows her way around the radio systems in the army.",
        "translation": "",
        "stage": 0,
        "context": null
    },
    {
        "key": "renowned_marksman:0",
        "original": "Renowned Markspony",
        "translation": "",
        "stage": 0,
        "context": null
    },
    {
        "key": "renowned_marksman_desc:0",
        "original": "This commander excels in marksponyship, and is sure to share their knowledge and skills with their troops.",
        "translation": "",
        "stage": 0,
        "context": null
    },
    {
        "key": "trait_nestor_lunin:0",
        "original": "Airland Commander",
        "translation": "",
        "stage": 0,
        "context": null
    },
    {
        "key": "trait_nestor_lunin_desc:0",
        "original": "Having commanded both land army and aviation in the past, the general knows how to use the strong sides of air support to defend his troops on the ground.",
        "translation": "",
        "stage": 0,
        "context": null
    },
    {
        "key": "trait_mare_of_action:0",
        "original": "Mare of Action",
        "translation": "",
        "stage": 0,
        "context": null
    },
    {
        "key": "trait_mare_of_action_desc:0",
        "original": "Demanding General, who is always rushing into the heart of battle, keeping her troops ready for combat even against their own will. Breaking subordination before her very eyes means you are going to be tried by military tribunal, in other words - execution by the firing squad.",
        "translation": "",
        "stage": 0,
        "context": null
    },
    {
        "key": "trait_hurricane:0",
        "original": "Thunderpony",
        "translation": "",
        "stage": 0,
        "context": null
    },
    {
        "key": "trait_hurricane_desc:0",
        "original": "The main tactic this general tends to use is suppression. He takes every opportunity to make his enemy suffer in the rain of fire. Supply economy isn't his thing though. By using more ammunition his armies deal somehow greater amount of damage to their targets than others.",
        "translation": "",
        "stage": 0,
        "context": null
    },
    {
        "key": "trait_unpredictable:0",
        "original": "Unpredictable",
        "translation": "",
        "stage": 0,
        "context": null
    },
    {
        "key": "trait_unpredictable_desc:0",
        "original": "Favors exotic and unconventional strategies. All warfare is based on deception.",
        "translation": "",
        "stage": 0,
        "context": null
    },
    {
        "key": "trait_anam_teine_grand_master:0",
        "original": "Anam-Teine Grand Master",
        "translation": "",
        "stage": 0,
        "context": null
    },
    {
        "key": "trait_anam_teine_grand_master_desc:0",
        "original": "This pony is a Grand Master of an Anam-Teine monastery. Demons cower in fear if this pony is near.",
        "translation": "",
        "stage": 0,
        "context": null
    },
    {
        "key": "trait_anam_teine:0",
        "original": "Anam-Teine",
        "translation": "",
        "stage": 0,
        "context": null
    },
    {
        "key": "trait_anam_teine_desc:0",
        "original": "This pony has learned the secret arts of Anam-Teine. Few ponies can match their speed, strength or combat prowess. Through rigorous study and harsh tiles, they have unlocked their Anamarm making them a near unstoppable force in personal combat to mortals.",
        "translation": "",
        "stage": 0,
        "context": null
    },
    {
        "key": "trait_visitor:0",
        "original": "Visitor from Another Dimension",
        "translation": "",
        "stage": 0,
        "context": null
    },
    {
        "key": "trait_visitor_desc:0",
        "original": "This creature has come from a different dimension, they have the ability to talk to the spirits, or read thoughts, or control someone's mind... Better not question it!",
        "translation": "",
        "stage": 0,
        "context": null
    },
    {
        "key": "super_heavy_tank_manufacturer:0",
        "original": "Super Heavy Tank Designer",
        "translation": "초중전차 설계자",
        "stage": 1,
        "context": null
    },
    {
        "key": "WIT_heavy_tank_manufacturer_Trait:0",
        "original": "Enchanted Armor Designer",
        "translation": "",
        "stage": 0,
        "context": null
    },
    {
        "key": "trait_focused:0",
        "original": "Focused",
        "translation": "",
        "stage": 0,
        "context": null
    },
    {
        "key": "trait_focused_desc:0",
        "original": "Focusing on a small portion of the army, the general can organize and manage their divisions in the most efficient way.",
        "translation": "",
        "stage": 0,
        "context": null
    },
    {
        "key": "trait_guard_general:0",
        "original": "Guard-General",
        "translation": "",
        "stage": 0,
        "context": null
    },
    {
        "key": "trait_guard_general_desc:0",
        "original": "Leader of the Excubitors, the elite palace guard of Wittenland sworn to protect the monarch to the death.",
        "translation": "",
        "stage": 0,
        "context": null
    },
    {
        "key": "trait_swift_wing:0",
        "original": "Kleptomaniac",
        "translation": "",
        "stage": 0,
        "context": null
    },
    {
        "key": "trait_swift_wing_desc:0",
        "original": "This mare has a talent for making acquisitions in the field. It would be best not to question where the supplies come from, however.",
        "translation": "",
        "stage": 0,
        "context": null
    },
    {
        "key": "trait_reformist:0",
        "original": "Sturmgreifen Commander",
        "translation": "폭풍그리폰 지휘관",
        "stage": 1,
        "context": null
    },
    {
        "key": "trait_reformist_desc:0",
        "original": "",
        "translation": "",
        "stage": -1,
        "context": null
    },
    {
        "key": "grand_admiral:0",
        "original": "Grand Admiral",
        "translation": "",
        "stage": 0,
        "context": null
    },
    {
        "key": "arkhigos:0",
        "original": "Archigos",
        "translation": "",
        "stage": 0,
        "context": null
    },
    {
        "key": "unstable_coalition:0",
        "original": "Unstable Coalition",
        "translation": "",
        "stage": 0,
        "context": null
    },
    {
        "key": "militant_harmonist:0",
        "original": "Militant Harmonist",
        "translation": "",
        "stage": 0,
        "context": null
    },
    {
        "key": "corporatist_industrialist:0",
        "original": "Corporatist Industrialist",
        "translation": "협동조합주의 산업가",
        "stage": 1,
        "context": null
    },
    {
        "key": "trait_critical_spirit:0",
        "original": "Critical Spirit",
        "translation": "",
        "stage": 0,
        "context": null
    },
    {
        "key": "trait_critical_spirit_desc:0",
        "original": "This griffon always insists on their own point when it comes to controversial matters. Such an approach does not enjoy the support from military high command.",
        "translation": "",
        "stage": 0,
        "context": null
    },
    {
        "key": "trait_talented_coordinator:0",
        "original": "Talented Coordinator",
        "translation": "",
        "stage": 0,
        "context": null
    },
    {
        "key": "trait_talented_coordinator_desc:0",
        "original": "Leadership means picking good soldiers and helping them do their best.",
        "translation": "",
        "stage": 0,
        "context": null
    },
    {
        "key": "defender_of_the_faith:0",
        "original": "Defender of the Faith",
        "translation": "신앙의 수호자",
        "stage": 1,
        "context": null
    },
    {
        "key": "workers_countess:0",
        "original": "Workers' Countess",
        "translation": "",
        "stage": 0,
        "context": null
    },
    {
        "key": "knightly_recruiter:0",
        "original": "Knightly Order Recruitment Officer",
        "translation": "기사단 모집 장교",
        "stage": 1,
        "context": null
    },
    {
        "key": "harmonic_bulldog:0",
        "original": "Harmonic Bulldog",
        "translation": "조화주의 불독",
        "stage": 1,
        "context": null
    },
    {
        "key": "military_bishop:0",
        "original": "Military Priest",
        "translation": "",
        "stage": 0,
        "context": null
    },
    {
        "key": "changeling_love_succ:0",
        "original": "Love Addiction",
        "translation": "",
        "stage": 0,
        "context": null
    },
    {
        "key": "changeling_love_succ_desc:0",
        "original": "This changeling is addicted to love essence. It makes them stronger, but the excess of it damages their mental skills.",
        "translation": "",
        "stage": 0,
        "context": null
    },
    {
        "key": "brutish:0",
        "original": "Brutish",
        "translation": "",
        "stage": 0,
        "context": null
    },
    {
        "key": "silent_workdog:0",
        "original": "Silent Workdog",
        "translation": "조용한 일꾼",
        "stage": 1,
        "context": null
    },
    {
        "key": "head_of_ohs:0",
        "original": "Director of the OHS",
        "translation": "조화사무국장",
        "stage": 1,
        "context": null
    },
    {
        "key": "revolutionary_lawyer:0",
        "original": "Revolutionary Lawyer",
        "translation": "혁명의 변호사",
        "stage": 1,
        "context": null
    },
    {
        "key": "socialist_journalist:0",
        "original": "Socialist Journalist",
        "translation": "사회주의 기자",
        "stage": 1,
        "context": null
    },
    {
        "key": "welfare_reformer:0",
        "original": "Welfare Reformer",
        "translation": "복지 개혁가",
        "stage": 1,
        "context": null
    },
    {
        "key": "socialist_grandmother:0",
        "original": "Socialist Grandmother",
        "translation": "",
        "stage": 0,
        "context": null
    },
    {
        "key": "socialist_director:0",
        "original": "Socialist Director",
        "translation": "",
        "stage": 0,
        "context": null
    },
    {
        "key": "vengful_ex_slave:0",
        "original": "Vengeful Ex-Slave",
        "translation": "",
        "stage": 0,
        "context": null
    },
    {
        "key": "grey_hound_of_bronzekreuz:0",
        "original": "Grey Hound of Bronzekreuz",
        "translation": "브론체크로이츠의 회색 사냥개",
        "stage": 1,
        "context": null
    },
    {
        "key": "champion_of_the_great_leader:0",
        "original": "Champion of the Great Leader",
        "translation": "",
        "stage": 0,
        "context": null
    },
    {
        "key": "diehard_revolutionary:0",
        "original": "Diehard Revolutionary",
        "translation": "",
        "stage": 0,
        "context": null
    },
    {
        "key": "Yal_skeleton_king_army_leader:0",
        "original": "Unsterbliche Aura",
        "translation": "불멸의 기운",
        "stage": 1,
        "context": null
    },
    {
        "key": "Yal_skeleton_king_army_leader_desc:0",
        "original": "Fighting for the great Grover II inspires the troops even more, resulting into fearsome offensives.",
        "translation": "위대한 그로버 2세를 위해 싸우는 것은 군대를 더욱 고무시켜, 무시무시한 공세로 이어집니다.",
        "stage": 1,
        "context": null
    },
    {
        "key": "pony_race_trait:0",
        "original": "Pony",
        "translation": "포니",
        "stage": 1,
        "context": null
    },
    {
        "key": "pony_race_trait_desc:0",
        "original": "Ponies are small, colourful and sapient equines. The term \"pony\" traditionally encompasses three subgroups which are the earth ponies, the pegasi and the unicorns. Earth ponies are characterized by their sturdier physique. The pegasi are somewhat lighter than their earthbound cousins and have a pair of wings that allows them to fly. The unicorns are also lighter but have a distinctive horn on their forehead which allows them to practice magic and use spells. An extremely rare subgroup called the Alicorns have features of all three: strong physique, wings and a magical horn. Finally, every pony has a cutie mark, a magical symbol upon their flanks that appears during the latter phase of their development. The cutie mark is a not well-understood phenomenon and illustrates a special talent or personality trait of the pony who bears it. It has therefore a significant cultural importance to many pony societies throughout the world.",
        "translation": "포니는 작고, 다채로우며, 지적인 말의 형상을 하고 있습니다. \"포니\"라는 용어는 전통적으로 어스 포니, 페가시, 유니콘의 세 가지 부분군을 포함합니다. 어스 포니들은 더 튼튼한 체격으로 특징지어집니다. 페가시는 땅에 묶여있는 다른 사촌군과 달리 다소 가벼우며 날 수 있는 한 쌍의 날개를 가지고 있습니다. 유니콘들 또한 가볍지만 이마에 독특한 뿔이 자라나있으며 마법을 연습하여 주문을 사용할 수 있습니다. 알리콘이라 불리는 극히 드문 부분군은 세 가지 모두의 특징을 가지고 있습니다: 튼튼한 체격, 날개, 마법의 뿔. 마지막으로, 모든 포니들에게는 큐티 마크가 있는데, 이것은 성장기의 마지막에 나타나는 마법의 상징입니다. 큐티 마크는 아직까지 제대로 이해되지 않는 현상이며, 마크가 새겨져있는 포니의 특별한 재능이나 성격의 특성을 보여줍니다. 그렇기 때문에 큐티 마크는 전 세계의 수많은 포니 사회에서 특별한 의미를 가진 문화적 중요성을 가지고 있습니다.",
        "stage": 1,
        "context": null
    },
    {
        "key": "thestral_race_trait:0",
        "original": "Thestral",
        "translation": "테스트라",
        "stage": 1,
        "context": null
    },
    {
        "key": "thestral_race_trait_desc:0",
        "original": "Thestrals or batponies are a subgroup of ponies identifiable by their leathery bat-like wings and sharp fangs. Due to centuries of separation, they are often considered a separate race, despite sharing much in common with other pony subgroups. Like ponies, their flanks have a magical cutie mark. They have the ability to see in the dark but have no magical abilities beyond those of earth ponies and pegasi. While it is not an absolute rule, many thestrals behave as nocturnal creatures. They are sometimes called bats, even among themselves though it is sometimes seen as derogatory compared to the more neutral term of thestral, and has historically been associated to the figure of Nightmare Moon, though the truth is much more complex.",
        "translation": "테스트라 또는 박쥐 포니는 박쥐 날개 같은 가죽 날개와 날카로운 송곳니로 알아볼 수 있는 포니 종족의 일부입니다. 수 세기에 걸친 분리 정책으로, 그들은 다른 포니 부분군과 많은 공통점을 가지고 있음에도 불구하고, 종종 별개의 종족으로 여겨집니다. 포니처럼, 그들의 엉덩이에는 마법의 큐티 마크가 있습니다. 그들은 어둠 속에서도 앞을 볼 수 있는 능력을 가지고 있지만 어스 포니와 페가시 이상의 마법의 능력을 가지고 있지는 않습니다. 절대적인 것은 아니지만, 많은 테스트라들이 야행성 동물처럼 행동합니다. 테스트라라는 보다 더 중립적인 용어와 비교하면 경멸적으로 보이긴 하지만, 심지어 그들 자신들 사이에서도, 그들은 때때로 박쥐라고 불리고 있으며, 역사적으로 그들은 나이트메어 문과 관련 지어져 왔지만, 진실은 훨씬 더 복잡합니다.",
        "stage": 1,
        "context": null
    },
    {
        "key": "zebra_race_trait:0",
        "original": "Zebra",
        "translation": "얼룩말",
        "stage": 1,
        "context": null
    },
    {
        "key": "zebra_race_trait_desc:0",
        "original": "The Zebras are equids similar to earth ponies but recognizable by their striped black and white coat. Their flanks bear cutie marks, albeit they are far more abstract in appearance than those of ponies. They have magical abilities but most of their magical practices involve the craft and use of potions and communion with spirits. Unlike their pony cousins, zebras tend to live in more arid climates.",
        "translation": "얼룩말은 어스 포니와 비슷한 말의 형상을 가지고 있으며 검은색 줄무늬와 흰색 털로 알아볼 수 있습니다. 그들의 엉덩이에는 비록 포니보다 훨씬 추상적이긴 하지만 큐티 마크가 새겨져 있습니다. 그들은 마법의 능력을 가지고 있지만, 그들의 마법의 대부분은 공예와 물약의 사용 그리고 영혼과의 교감에 사용되고 있습니다. 그들의 포니 사촌들과는 달리, 얼룩말들은 더 건조한 기후에서 살고자 하는 경향이 있습니다.",
        "stage": 1,
        "context": null
    },
    {
        "key": "penguin_race_trait:0",
        "original": "Penguin",
        "translation": "펭귄",
        "stage": 1,
        "context": null
    },
    {
        "key": "penguin_race_trait_desc:0",
        "original": "The Penguins are a sapient species of small, bipedal, flightless and aquatic avians. They have a wide array of physical appearances as several types of penguins exist. Extremely able at swimming and incredibly resilient to the cold, they are very-well adapted to cold and polar environments. Most penguins have no known innate magical abilities but are capable of wielding magical items.",
        "translation": "펭귄은 작고, 두발로 걸어 다니며, 날지 못하는 수생 조류입니다. 여러 종류의 펭귄이 존재하기 때문에 그들은 다양한 신체적 외모를 가지고 있습니다. 수영에 매우 능숙하고 추위에 매우 잘 버티는 그들은 추운 극지방의 환경에서 매우 잘 적응할 수 있습니다. 대부분의 펭귄들이 선천적인 마법 능력을 가지고 있지는 않지만 마법의 물건을 다룰 수는 있습니다.",
        "stage": 1,
        "context": null
    },
    {
        "key": "bear_race_trait:0",
        "original": "Bear",
        "translation": "곰",
        "stage": 1,
        "context": null
    },
    {
        "key": "bear_race_trait_desc:0",
        "original": "Bears are large mammalian creatures known for their large size, powerful claws and lush fur. They have no magical abilities to speak of. While they appear friendly and to some cuddly, they can have quite the temper and are among the most ferocious opponents one can find. Curiously, not all bears exhibit sapience and most are simply wild animals. However polar bears, a type of bear with white fur, are for the most part sapient creatures. And remember: only you can prevent forest fires.",
        "translation": "곰은 커다란 크기, 강력한 발톱, 그리고 무성한 털로 유명한 거대한 포유동물입니다. 그들에게 마법의 능력이라고 말할만한 건 없습니다. 그들은 친근하게 보이며 껴안아주고 싶지만, 그들은 난폭한 성질을 부리며 우리가 발견할 수 있는 가장 사나운 상대들 중 하나입니다. 이상하게도, 모든 곰이 지성을 보이는 것은 아니며 대부분이 야생 동물로 존재하고 있습니다. 하지만 흰 털을 가진 곰의 한 종류인 북극곰은 대부분이 지적인 동물입니다. 그리고 기억하세요: 오직 당신만이 산불을 막을 수 있습니다.",
        "stage": 1,
        "context": null
    },
    {
        "key": "changeling_race_trait:0",
        "original": "Changeling",
        "translation": "체인질링",
        "stage": 1,
        "context": null
    },
    {
        "key": "changeling_race_trait_desc:0",
        "original": "Changelings are a sapient species of pony-like insectoids. They have transparent insect wings on their back and thus are capable of flight. Their most recognizable feature is their magical ability to shift their form, voice and even size to a minor degree in near-instantaneous speed. They are also capable of magically draining the emotion of love felt by other species and to feed upon it. While they are able to survive without it, feeding on love allows them to feel and perform better and shapeshift for longer periods than they would otherwise. These abilities have gave them a rather sinister reputation among other species, particularly as many are willing to use aggressive means to obtain love.",
        "translation": "체인질링은 포니와 흡사하게 생긴 지적인 곤충 종족입니다. 그들은 등에 투명한 곤충의 날개가 있어서 날아다닐 수 있습니다. 그들의 가장 눈에 띄는 특징은 거의 순간적인 속도로 형태, 목소리, 심지어 크기까지도 작게 바꿀 수 있는 마법의 능력입니다. 그들은 또한 다른 종족들이 느끼는 사랑의 감정을 느끼고 그것을 마법으로 빼앗아 먹을 수 있습니다. 그들은 사랑 없이도 살아남을 수 있는 반면, 사랑을 먹고 사는 개체들은 그렇지 않은 개체보다 더 오랜 기간 동안 더 잘 느끼고 행동할 수 있게 해줍니다. 이러한 능력은 다른 종족들 사이에서 그들에게 다소 불길한 평판을 주었으며, 많은 체인질링들이 사랑을 얻기 위하여 공격적인 수단을 기꺼이 사용하려고 합니다.",
        "stage": 1,
        "context": null
    },
    {
        "key": "griffon_race_trait:0",
        "original": "Griffon",
        "translation": "그리폰",
        "stage": 1,
        "context": null
    },
    {
        "key": "griffon_race_trait_desc:0",
        "original": "Griffons are sapient creatures who are half avian and half feline. They have six limbs: two avian-like arms with claws, two feline-like back legs with paws and two feathered wings on their back. Thanks to their wings they are able to fly, which makes traversing rough terrain easy for them. They are also known to be relatively strong creatures but lack significant magical capabilities as they are only capable of enchantments and incantations. They are said to be a greedy and gold-obsessed species but this is just a lie invented by insolvent debtors.",
        "translation": "그리폰은 반은 조류이고 반은 고양이인 지적인 동물입니다. 그들은 6개의 다리를 가지고 있습니다: 발톱이 달린 두 개의 조류 같은 팔, 발이 달린 두 개의 고양이 같은 뒷다리, 그리고 깃털이 달린 등에 있는 두 개의 날개. 날개 덕분에 그들은 날 수 있으며, 이것은 거친 지형을 쉽게 횡단할 수 있게 해줍니다. 그들은 또한 상대적으로 강한 동물이라고 알려져 있지만 인챈트와 주문만을 할 수 있으며 중요한 마법 능력이 없습니다. 그들은 탐욕스러우며 황금에 집착하는 종족이라고 알려져 있지만, 이것은 단지 부실 채무자들이 만들어낸 거짓말입니다.",
        "stage": 1,
        "context": null
    },
    {
        "key": "yak_race_trait:0",
        "original": "Yak",
        "translation": "야크",
        "stage": 1,
        "context": null
    },
    {
        "key": "yak_race_trait_desc:0",
        "original": "Yaks are large sapient quadrupedal mammals, recognizable by their thick coat and large horns. They have extraordinary resilience to the cold and high altitudes, which combined with their surprising agility make them particularly adapted to mountainous environment. They have no magical abilities. Yaks tend to have short tempers and are easily insulted. A violent act known as \"smashing\" is a prominent feature of most yak cultures.",
        "translation": "야크는 두꺼운 털과 큰 뿔로 알아볼 수 있는 지적이며 커다란 사족 포유동물입니다. 그들은 춥고 높은 고도에 대한 놀라운 적응력을 가지고 있으며, 그들의 놀라운 민첩성과 결합되어 특히 산악 환경에 적응하게 되었습니다. 그들은 마법의 능력이 없습니다. 야크들은 성질이 급하며 쉽게 모욕을 당합니다. \"스매싱\"이라고 알려진 폭력적인 행동은 대부분의 야크 문화에서 두드러지는 특징입니다.",
        "stage": 1,
        "context": null
    },
    {
        "key": "deer_race_trait:0",
        "original": "Deer",
        "translation": "사슴",
        "stage": 1,
        "context": null
    },
    {
        "key": "deer_race_trait_desc:0",
        "original": "Deer are relatively small sapient quadrupedal mammals. They are recognizable by their large antlers and thick patches of fur around their necks. They have magical abilities which are linked to mystical connections to spirits, allowing them to perform limited divination. Despite having no particular abilities in aquatic environments, the deer are renowned seafarers.",
        "translation": "사슴은 비교적 작은 지적인 사족 포유동물입니다. 그들은 커다란 뿔과 목 부분에 있는 두꺼운 털로 알아볼 수 있습니다. 그들은 영혼과 접촉하는 신비로운 마법의 능력을 가지고 있어 제한적으로 점을 칠 수 있습니다. 수생 환경에 대한 특별한 능력이 없음에도 불구하고, 사슴들은 유명한 뱃사람들입니다.",
        "stage": 1,
        "context": null
    },
    {
        "key": "diamond_dog_race_trait:0",
        "original": "Diamond Dog",
        "translation": "다이아몬드 독",
        "stage": 1,
        "context": null
    },
    {
        "key": "diamond_dog_race_trait_desc:0",
        "original": "Diamond Dogs are sapient canine creatures capable of bipedal movement. They can see well in the dark and prefer to live underground. Thanks to their powerful digging claws, they are able to extract resources and dig tunnels with ease. They have no magical abilities whatsoever, but most dog societies have a great expertise with the mundane aspects of crystals.",
        "translation": "다이아몬드 독은 두 발로 걸어 다니는 게 가능한 지적인 개들입니다. 그들은 어둠 속에서도 앞을 잘 볼 수 있으며 지하에서 사는 것을 선호합니다. 땅을 팔 수 있는 그들의 강력한 발톱 덕분에, 그들은 쉽게 자원을 추출하며 터널을 팔 수 있습니다. 그들은 어떠한 마법의 능력도 가지고 있지 않지만, 대부분의 개 사회는 크리스탈을 일상적으로 사용할 만큼 훌륭한 전문 지식을 가지고 있습니다.",
        "stage": 1,
        "context": null
    },
    {
        "key": "minotaur_race_trait:0",
        "original": "Minotaur",
        "translation": "미노타우로스",
        "stage": 1,
        "context": null
    },
    {
        "key": "minotaur_race_trait_desc:0",
        "original": "Minotaurs are sapient creatures who have the head and lower half of a bovine and the torso and arms of a primate. They are known to be strong but lack magical abilities, which they make up for with their dexterous multi-fingered appendages known as \"hands\". Unlike most other sentient races, they are exclusively bipedal, which also makes them much taller.",
        "translation": "미노타우로스는 소의 머리와 하반신, 영장류의 몸통과 팔을 가지고 있는 지적인 동물입니다. 그들은 강하지만 마법의 능력이 없는 것으로 알려져 있는데, 그들은 \"손\"이라고 알려진 손재주 있는 여러 손가락들로 이를 보충합니다. 대부분의 다른 지성 있는 종족들과는 달리, 그들은 전적으로 두발로 걸어 다니며, 이것은 또한 그들의 키를 훨씬 크게 만들어주었습니다.",
        "stage": 1,
        "context": null
    },
    {
        "key": "undead_race_trait:0",
        "original": "Undead",
        "translation": "언데드",
        "stage": 1,
        "context": null
    },
    {
        "key": "undead_race_trait_desc:0",
        "original": "The undead are usually animated magical creatures, made from the remains of creatures infused with forbidden magic, and can therefore take a wide array of forms. However, other forms of unlife exist thanks to the twisted imagination of our world's necromancers, such as vampires, ghouls, liches and so on.",
        "translation": "언데드는 일반적으로 생물의 유해에 금지된 마법을 부여하여 만들어낸 움직이는 마법 생물이며, 따라서 다양한 모습을 취할 수 있습니다. 그러나, 전 세계 네크로맨서들의 뒤틀린 상상력 덕분에 뱀파이어, 구울, 리치 등과 같은 산 것도 죽은 것도 아닌 다른 형태들도 존재하고 있습니다.",
        "stage": 1,
        "context": null
    },
    {
        "key": "buffalo_race_trait:0",
        "original": "Buffalo",
        "translation": "버팔로",
        "stage": 1,
        "context": null
    },
    {
        "key": "buffalo_race_trait_desc:0",
        "original": "Buffalo are sapient quadrupedal mammals known for their very large size, sturdy bodies and horns. They are similar in appearance to yaks, but are very well-adapted to hot and arid environments instead of cold environments. Despite their large bodies, they are exceptionally fast and strong enough to withstand a direct frontal hit, making them able to effectively charge at any threat. They have no known magical abilities.",
        "translation": "버팔로는 몸집이 매우 크며 튼튼한 신체와 뿔로 알아볼 수 있는 지적인 사족 포유동물입니다. 그들의 겉모습은 야크와 비슷하지만 추운 환경 대신 덥고 건조한 환경에 잘 적응합니다. 몸집이 큰데도 불구하고, 그들은 정면에서의 타격을 견딜 수 있을 만큼 매우 빠르고 강력해서, 어떠한 위협에도 효과적으로 대응할 수 있습니다. 그들은 알려져 있는 마법의 능력이 없습니다.",
        "stage": 1,
        "context": null
    },
    {
        "key": "dragon_race_trait:0",
        "original": "Dragon",
        "translation": "드래곤",
        "stage": 1,
        "context": null
    },
    {
        "key": "dragon_race_trait_desc:0",
        "original": "Dragons are colourful, sapient, fire-breathing winged lizards. They vary dramatically in size depending on their age, with young adults being similar in size to a griffon or pony. The largest and oldest known dragons can be several stories high. Dragons are a mostly solitary species and are often seen as dangerous and awe-inspiring by the other species who usually fear them. Dragons have magical abilities, consume crystals to sustain themselves and are known to have a nearly physical need to gather \"hoards\" of precious goods though it may simply be a romanticized interpretation of their physical need of crystals to live.",
        "translation": "드래곤은 다채로우며, 박식하고, 불을 뿜는 날개 달린 도마뱀입니다. 그들은 나이에 따라 크기가 크게 달라지는데, 젊은 성체들은 그리폰이나 포니와 크기가 비슷합니다. 가장 크고 오래 산 것으로 알려진 용들은 몇 층 높이의 크기입니다. 드래곤은 대부분 홀로 살아가는 종족이며, 보통 드래곤을 두려워하는 다른 종족들에 의하여 종종 위험하거나 경외감을 주는 종족으로 여겨집니다. 드래곤은 마법의 능력을 가지고 있고, 자신의 신체를 유지하기 위하여 크리스탈을 섭취하며, 귀중한 물건들을 모아 \"비축\" 하는 필요를 가지고 있는 것으로 알려져 있는데, 이것은 단순히 살기 위하여 크리스탈이 신체적으로 필요한 것에 대한 낭만적인 해석일 수도 있습니다.",
        "stage": 1,
        "context": null
    },
    {
        "key": "human_race_trait:0",
        "original": "Human",
        "translation": "인간",
        "stage": 1,
        "context": null
    },
    {
        "key": "human_race_trait_desc:0",
        "original": "Humans are bipedal monkeys. Frankly, they are really smelly.",
        "translation": "인간은 두발로 걷는 원숭이입니다. 솔직히, 이것들은 정말로 냄새가 나네요.",
        "stage": 1,
        "context": null
    },
    {
        "key": "heat_specialist:0",
        "original": "Heat Specialist",
        "translation": "하계전 특기병",
        "stage": 1,
        "context": null
    },
    {
        "key": "heat_specialist_desc:0",
        "original": "§LPossesses an intuitive understanding of the difficulties of fighting in Hot conditions.§!",
        "translation": "",
        "stage": 0,
        "context": null
    },
    {
        "key": "heat_expert:0",
        "original": "Heat Expert",
        "translation": "하계전 전문가",
        "stage": 1,
        "context": null
    },
    {
        "key": "heat_expert_desc:0",
        "original": "§LHard earned experience has taught this leader how to fight in scorching conditions.§!",
        "translation": "",
        "stage": 0,
        "context": null
    },
    {
        "key": "priest_of_boreas:0",
        "original": "Priest of Boreas",
        "translation": "보레아스의 사제",
        "stage": 1,
        "context": null
    },
    {
        "key": "il_migliore:0",
        "original": "Il Migliore",
        "translation": "",
        "stage": 0,
        "context": null
    },
    {
        "key": "socialist_reformist:0",
        "original": "Socialist Reformist",
        "translation": "",
        "stage": 0,
        "context": null
    },
    {
        "key": "republican_criminologist:0",
        "original": "Republican Criminologist",
        "translation": "",
        "stage": 0,
        "context": null
    },
    {
        "key": "harmonic_unifier:0",
        "original": "Harmonic Unifier",
        "translation": "",
        "stage": 0,
        "context": null
    },
    {
        "key": "anti_fascist_committee:0",
        "original": "Anti-Fascist Committee",
        "translation": "",
        "stage": 0,
        "context": null
    },
    {
        "key": "aspiring_duce:0",
        "original": "Aspiring Duce",
        "translation": "야망을 품은 두체",
        "stage": 1,
        "context": null
    },
    {
        "key": "true_hedonist:0",
        "original": "True Hedonist",
        "translation": "",
        "stage": 0,
        "context": null
    },
    {
        "key": "prince_of_blackwings:0",
        "original": "Prince of Blackwings",
        "translation": "",
        "stage": 0,
        "context": null
    },
    {
        "key": "king_of_blackwings:0",
        "original": "King of Blackwings",
        "translation": "검은 날개단장",
        "stage": 1,
        "context": null
    },
    {
        "key": "prince_of_wingbardy:0",
        "original": "Prince of Wingbardy",
        "translation": "윙바르디의 왕자",
        "stage": 1,
        "context": null
    },
    {
        "key": "king_of_wingbardy:0",
        "original": "King of Wingbardy",
        "translation": "윙바르디의 국왕",
        "stage": 1,
        "context": null
    },
    {
        "key": "navy_cautious:0",
        "original": "Cautious",
        "translation": "",
        "stage": 0,
        "context": null
    },
    {
        "key": "navy_cautious_desc:0",
        "original": "This admiral prefers to move slowly to avoid enemy mines and listen carefully for submarines.",
        "translation": "",
        "stage": 0,
        "context": null
    },
    {
        "key": "trait_scroup_raspberry:0",
        "original": "Raspberry",
        "translation": "라즈베리",
        "stage": 1,
        "context": null
    },
    {
        "key": "trait_scroup_raspberry_desc:0",
        "original": "Berrys yummy ... munch ... munch ...",
        "translation": "베리 맛있다... 냠냠...",
        "stage": 1,
        "context": null
    },
    {
        "key": "artillery_officer:0",
        "original": "Artillery Officer",
        "translation": "포병 장교",
        "stage": 1,
        "context": null
    },
    {
        "key": "artillery_officer_desc:0",
        "original": "§LTrained as an artillery officer.§!",
        "translation": "§L포병 장교로 훈련받았습니다.§!",
        "stage": 1,
        "context": null
    },
    {
        "key": "artillery_specialist:0",
        "original": "Artillery Leader",
        "translation": "포병 지휘관",
        "stage": 1,
        "context": null
    },
    {
        "key": "artillery_specialist_desc:1",
        "original": "§LSkilled at directing artillery in combat.§!",
        "translation": "§L전투에서 포병대를 지휘하는 데 능숙합니다.§!",
        "stage": 1,
        "context": null
    },
    {
        "key": "artillery_expert:0",
        "original": "Artillery Expert",
        "translation": "포병 전문가",
        "stage": 1,
        "context": null
    },
    {
        "key": "artillery_expert_desc:1",
        "original": "§LA true expert in directing artillery.§!",
        "translation": "§L조준 포격의 진정한 전문가입니다.§!",
        "stage": 1,
        "context": null
    },
    {
        "key": "artillery_ratio_over_80:1",
        "original": "Artillery ratio > §H80%§!",
        "translation": "포병 비율 > §H80%§!",
        "stage": 1,
        "context": null
    },
    {
        "key": "renowned_marksgriff:0",
        "original": "Renowned Marksgriffon",
        "translation": "",
        "stage": 0,
        "context": null
    },
    {
        "key": "renowned_marksgriff_desc:0",
        "original": "This commander excels in marksgriffonship, and is sure to share their knowledge and skills with their troops.",
        "translation": "",
        "stage": 0,
        "context": null
    },
    {
        "key": "trait_visitor_navy:0",
        "original": "Visitor from Another Dimension",
        "translation": "",
        "stage": 0,
        "context": null
    },
    {
        "key": "trait_visitor_navy_desc:0",
        "original": "This creature has come from a different dimension, they have the ability to talk to the spirits, or read thoughts, or control someone's mind... Better not question it!",
        "translation": "",
        "stage": 0,
        "context": null
    },
    {
        "key": "organisatrice:0",
        "original": "Organisatrice",
        "translation": "",
        "stage": 0,
        "context": null
    },
    {
        "key": "organisatrice_desc:0",
        "original": "This mare has a knack for passionately planning the combat ahead.",
        "translation": "",
        "stage": 0,
        "context": null
    },
    {
        "key": "anti_fascist_pacifist:0",
        "original": "Anti-Fascist Pacifist",
        "translation": "반파시스트 평화주의자",
        "stage": 1,
        "context": null
    },
    {
        "key": "operative_revolutionary:0",
        "original": "Revolutionary",
        "translation": "혁명가",
        "stage": 1,
        "context": null
    },
    {
        "key": "operative_revolutionary_desc:0",
        "original": "This Operative is a fearless advocate for radical, political change.",
        "translation": "이 공작원은 급진적이고 정치적인 변화를 두려워하지 않습니다.",
        "stage": 1,
        "context": null
    },
    {
        "key": "operative_insurgent:0",
        "original": "Insurgent",
        "translation": "",
        "stage": 0,
        "context": null
    },
    {
        "key": "operative_insurgent_desc:0",
        "original": "This Operative is a skilled guerrilla warrior, trained in the art of asymmetrical battle.",
        "translation": "",
        "stage": 0,
        "context": null
    },
    {
        "key": "operative_scientist:0",
        "original": "Scientist",
        "translation": "과학자",
        "stage": 1,
        "context": null
    },
    {
        "key": "operative_scientist_desc:0",
        "original": "This Operative is highly educated, and commands a powerful intellect.",
        "translation": "이 공작원은 고등 교육을 받았으며, 강력한 지성을 가지고 지휘합니다.",
        "stage": 1,
        "context": null
    },
    {
        "key": "operative_web_of_lies:0",
        "original": "Web Of Lies",
        "translation": "",
        "stage": 0,
        "context": null
    },
    {
        "key": "operative_web_of_lies_desc:0",
        "original": "This Operative is like a spider at the center of a web. Woven from secrets... and lies.",
        "translation": "",
        "stage": 0,
        "context": null
    },
    {
        "key": "operative_spyhunter:0",
        "original": "Spy Hunter",
        "translation": "",
        "stage": 0,
        "context": null
    },
    {
        "key": "operative_spyhunter_desc:0",
        "original": "This Operative is skilled at hunting and catching enemy agents.",
        "translation": "",
        "stage": 0,
        "context": null
    },
    {
        "key": "mother_of_the_republic:0",
        "original": "Mother of the Republic",
        "translation": "",
        "stage": 0,
        "context": null
    },
    {
        "key": "unspecified_race_trait:0",
        "original": "Mysterious Being",
        "translation": "",
        "stage": 0,
        "context": null
    },
    {
        "key": "unspecified_race_trait_desc:0",
        "original": "There are no records of whatever this being represents.",
        "translation": "",
        "stage": 0,
        "context": null
    },
    {
        "key": "zebrican_close_combat_expert:0",
        "original": "Zebrican Close Combat Expert",
        "translation": "",
        "stage": 0,
        "context": null
    },
    {
        "key": "field_surgeon:0",
        "original": "Field Surgeon",
        "translation": "",
        "stage": 0,
        "context": null
    },
    {
        "key": "drug_dealer:0",
        "original": "Army Drugs Supplier",
        "translation": "",
        "stage": 0,
        "context": null
    },
    {
        "key": "absolute_monarch:0",
        "original": "Absolute Monarch",
        "translation": "",
        "stage": 0,
        "context": null
    },
    {
        "key": "democratic_centralist:0",
        "original": "Democratic Centralist",
        "translation": "",
        "stage": 0,
        "context": null
    },
    {
        "key": "organic_centralist:0",
        "original": "Organic Centralist",
        "translation": "",
        "stage": 0,
        "context": null
    },
    {
        "key": "commoners_king:0",
        "original": "Commoner's King",
        "translation": "",
        "stage": 0,
        "context": null
    },
    {
        "key": "consul_of_karthin:0",
        "original": "Consul of Karthin",
        "translation": "",
        "stage": 0,
        "context": null
    },
    {
        "key": "magical_weapons_enthusiast:0",
        "original": "Magical Weapons Enthusiasts",
        "translation": "",
        "stage": 0,
        "context": null
    },
    {
        "key": "unhindered_s:0",
        "original": "Unhindered Scientist",
        "translation": "",
        "stage": 0,
        "context": null
    },
    {
        "key": "unhindered_s_desc:0",
        "original": "Unhindered by \"ethics\" and \"common decency\" or in some cases sanity, this individual while brilliant at their craft is undeniably unnerving to work with.",
        "translation": "",
        "stage": 0,
        "context": null
    },
    {
        "key": "occultist:0",
        "original": "Occultist",
        "translation": "오컬티스트",
        "stage": 1,
        "context": null
    },
    {
        "key": "occultist_desc:0",
        "original": "An individual heavily involved with somewhat unorthodox religious or cultural practices.",
        "translation": "다소 비정통적인 종교적 또는 문화적 관례에 크게 몰두하고 있습니다.",
        "stage": 1,
        "context": null
    },
    {
        "key": "national_hero:0",
        "original": "National Hero",
        "translation": "국민 영웅",
        "stage": 1,
        "context": null
    },
    {
        "key": "national_hero_desc:0",
        "original": "An individual that embodies the ideals of the nation they represent and a model to all fellow citizens.",
        "translation": "자신으로 대표되는 국가의 이상을 구현한 자로, 모든 동료 시민에게 모범을 보여주고 있습니다.",
        "stage": 1,
        "context": null
    },
    {
        "key": "bureaucrat:0",
        "original": "Sociopathic Bureaucrat",
        "translation": "",
        "stage": 0,
        "context": null
    },
    {
        "key": "bureaucrat_desc:0",
        "original": "While good at their job, this individual hardly cares for the well-being or safety of others.",
        "translation": "",
        "stage": 0,
        "context": null
    },
    {
        "key": "military_pioneer:0",
        "original": "Military Pioneer",
        "translation": "",
        "stage": 0,
        "context": null
    },
    {
        "key": "controversial_writer:0",
        "original": "Controversial Writer",
        "translation": "",
        "stage": 0,
        "context": null
    }
]