[
    {
        "key": "military_training_category:0",
        "original": "Military Actions",
        "translation": "군사 행동",
        "stage": 1,
        "context": null
    },
    {
        "key": "military_training:0",
        "original": "Military Training",
        "translation": "군사 훈련",
        "stage": 1,
        "context": null
    },
    {
        "key": "lessons_of_war_army:0",
        "original": "Practical Doctrinal Experience on Land",
        "translation": "",
        "stage": 0,
        "context": null
    },
    {
        "key": "lessons_of_war_air:0",
        "original": "Practical Doctrinal Experience in Air",
        "translation": "",
        "stage": 0,
        "context": null
    },
    {
        "key": "lessons_of_war_navy:0",
        "original": "Practical Doctrinal Experience on Sea",
        "translation": "",
        "stage": 0,
        "context": null
    },
    {
        "key": "dockyard_xp:0",
        "original": "Study Acquired Blueprints",
        "translation": "",
        "stage": 0,
        "context": null
    },
    {
        "key": "dockyard_xp_desc:0",
        "original": "While our nation has been landlocked for a long time, the recent acquisition of dockyards and other shipbuilding facilities allowed us to gain various blueprints and technical documents - enough to kickstart our own navy.",
        "translation": "",
        "stage": 0,
        "context": null
    },
    {
        "key": "get_generic_DD_template:0",
        "original": "Get Early Destroyer Template",
        "translation": "",
        "stage": 0,
        "context": null
    },
    {
        "key": "get_generic_CL_template:0",
        "original": "Get Light Cruiser Template",
        "translation": "",
        "stage": 0,
        "context": null
    },
    {
        "key": "get_generic_BB_template:0",
        "original": "Get Early Battleship Template",
        "translation": "",
        "stage": 0,
        "context": null
    },
    {
        "key": "get_generic_CA_template:0",
        "original": "Get Heavy Cruiser Template",
        "translation": "",
        "stage": 0,
        "context": null
    },
    {
        "key": "get_generic_SS_template:0",
        "original": "Get Early Submarine Template",
        "translation": "",
        "stage": 0,
        "context": null
    },
    {
        "key": "ban_neutral_party:0",
        "original": "Ban Traditionalism",
        "translation": "전통주의 금지",
        "stage": 1,
        "context": null
    },
    {
        "key": "ban_neutral_party_desc:0",
        "original": "The traditionalist and monarchist parties have been protesting against the government at every turn, sowing discontent and making it hard to govern. It is time to crack down on this.",
        "translation": "전통주의와 군주주의 정당들은 매번 정부에 항의하며 불만을 뿌리고 통치하기 어렵게 만들었습니다. 이제 이것을 금지할 시간입니다.",
        "stage": 1,
        "context": null
    },
    {
        "key": "ban_neutrality_party_tt:1",
        "original": "Change in popularity of Neutrality: §G-§![?Root.party_popularity@neutrality|%0G].\\n",
        "translation": "비동맹 인기도 변화: §G-§![?.Root.party_popularity@neutrality|%0G].\\n",
        "stage": 1,
        "context": null
    },
    {
        "key": "anti_neutral_raids:0",
        "original": "Anti-Traditionalist Raids",
        "translation": "전통주의자 타도",
        "stage": 1,
        "context": null
    },
    {
        "key": "anti_neutral_raids_desc:0",
        "original": "We must crack down on traditionalist and monarchist elements in our nation for the sake of long-term domestic stability. Their influence is too great, and may potentially become a problem to the government.",
        "translation": "우리는 장기적인 국내 안정을 위해 우리 나라의 전통주의와 군주주의 요소를 타도해야 합니다. 그들의 영향력은 너무 커서 잠재적으로 정부에 문제가 될 수도 있습니다.",
        "stage": 1,
        "context": null
    },
    {
        "key": "develop_baltimare_aluminium:0",
        "original": "Baltimare Aluminium Smeltery",
        "translation": "",
        "stage": 0,
        "context": null
    },
    {
        "key": "develop_apple_groove_mines:0",
        "original": "April Grove Mines",
        "translation": "",
        "stage": 0,
        "context": null
    },
    {
        "key": "develop_freeside_steel_factories:0",
        "original": "Freeside Steel Factories",
        "translation": "",
        "stage": 0,
        "context": null
    },
    {
        "key": "apple_groove_mines_developed_tt:0",
        "original": "April Grove mines will be opened.\\n",
        "translation": "April Grove mines will be opened.",
        "stage": 1,
        "context": null
    },
    {
        "key": "apple_groove_mines_developed:0",
        "original": "Mines are opened.",
        "translation": "",
        "stage": 0,
        "context": null
    },
    {
        "key": "develop_ghastly_gorge_crystals:0",
        "original": "Ghastly Gorge Crystal Deposits",
        "translation": "",
        "stage": 0,
        "context": null
    },
    {
        "key": "develop_welcoming_hills_tungsten_deposits:0",
        "original": "Tungsten in Welcoming Hills",
        "translation": "",
        "stage": 0,
        "context": null
    },
    {
        "key": "neighgara_falls_crystals_develop:0",
        "original": "Crystal Caves of Neighagra Mountains",
        "translation": "",
        "stage": 0,
        "context": null
    },
    {
        "key": "some_magical_plateu_oil:0",
        "original": "Oil Deposit in Magical Plateau",
        "translation": "",
        "stage": 0,
        "context": null
    },
    {
        "key": "deeper_into_crystal_mountains:0",
        "original": "Deeper into the Crystal Mountains",
        "translation": "",
        "stage": 0,
        "context": null
    },
    {
        "key": "deeper_into_crystal_mountains_2:0",
        "original": "Excavation of the Crystal Mountains",
        "translation": "",
        "stage": 0,
        "context": null
    },
    {
        "key": "crystal_mountains_deeper:0",
        "original": "Deeper Mines of the Crystal Mountains.",
        "translation": "",
        "stage": 0,
        "context": null
    },
    {
        "key": "upper_unicorn_range_chromium:0",
        "original": "Upper Unicorn Range Chromium Prospect",
        "translation": "",
        "stage": 0,
        "context": null
    },
    {
        "key": "bogg_toxic_marsh_oil:0",
        "original": "Oil of the Toxic Bogg Marsh",
        "translation": "",
        "stage": 0,
        "context": null
    },
    {
        "key": "bogg_toxic_marsh_rubber:0",
        "original": "Continue Exploring the Bogg Marsh",
        "translation": "",
        "stage": 0,
        "context": null
    },
    {
        "key": "haysead_marsh_rubber:0",
        "original": "Rubber Plantations of Hayseed Swamps",
        "translation": "",
        "stage": 0,
        "context": null
    },
    {
        "key": "albion_aluminium_aircraft:0",
        "original": "Albion Aircraft Industry",
        "translation": "",
        "stage": 0,
        "context": null
    },
    {
        "key": "falcontown_oil_well:0",
        "original": "Dig For Oil in Falcontown",
        "translation": "",
        "stage": 0,
        "context": null
    },
    {
        "key": "falcontown_oil_well_2:0",
        "original": "Expand the Falcontown Oil Wells",
        "translation": "",
        "stage": 0,
        "context": null
    },
    {
        "key": "crystal_peaks:0",
        "original": "Mine the Crystal Peaks",
        "translation": "",
        "stage": 0,
        "context": null
    },
    {
        "key": "beak_mine_expansion:0",
        "original": "Expand the Beak Mines",
        "translation": "",
        "stage": 0,
        "context": null
    },
    {
        "key": "northern_steel_expansion:0",
        "original": "Mine the Depths of Nithean",
        "translation": "",
        "stage": 0,
        "context": null
    },
    {
        "key": "jem_mines:0",
        "original": "Expand the Keyholm Crystal Mines",
        "translation": "",
        "stage": 0,
        "context": null
    },
    {
        "key": "tainaholm_aluminium:0",
        "original": "Tainaholm Aluminium Mines",
        "translation": "",
        "stage": 0,
        "context": null
    },
    {
        "key": "develop_celestia_rubber_plantations:0",
        "original": "Plant Rubber Plantations in Celestia",
        "translation": "",
        "stage": 0,
        "context": null
    },
    {
        "key": "develop_northern_cross_tungsten_deposits_1:0",
        "original": "Develop Northern Cross Tungsten Mines",
        "translation": "",
        "stage": 0,
        "context": null
    },
    {
        "key": "develop_northern_cross_tungsten_deposits_2:0",
        "original": "Expand Northern Cross Tungsten Mines",
        "translation": "",
        "stage": 0,
        "context": null
    },
    {
        "key": "develop_karthin_oil_fields:0",
        "original": "Expand the Karthin Oil Fields",
        "translation": "",
        "stage": 0,
        "context": null
    },
    {
        "key": "develop_bloodtalon_rubber_plantations:0",
        "original": "Develop Bloodtalon Rubber Plantations",
        "translation": "",
        "stage": 0,
        "context": null
    },
    {
        "key": "develop_warthog_forest_rubber_plantations:0",
        "original": "Expand the Warthog Forest Rubber Industry",
        "translation": "",
        "stage": 0,
        "context": null
    },
    {
        "key": "develop_griffinstone_crystal_mines:0",
        "original": "Dig for Crystals Under Griffonstone",
        "translation": "",
        "stage": 0,
        "context": null
    },
    {
        "key": "develop_griffinstone_crystal_mines2:0",
        "original": "Expand the Griffonstone Crystal Mines",
        "translation": "",
        "stage": 0,
        "context": null
    },
    {
        "key": "kivessin_steel:0",
        "original": "Kivessin Steel Factory",
        "translation": "",
        "stage": 0,
        "context": null
    },
    {
        "key": "kivessin_steel_desc:0",
        "original": "The abandoned steel factory in Kivessin could be useful for us.",
        "translation": "",
        "stage": 0,
        "context": null
    },
    {
        "key": "develop_ochme_tungsten_deposits_1:0",
        "original": "Develop Tungsten Mines in Ochme",
        "translation": "",
        "stage": 0,
        "context": null
    },
    {
        "key": "develop_ochme_tungsten_deposits_2:0",
        "original": "Expand Tungsten Mines in Ochme",
        "translation": "",
        "stage": 0,
        "context": null
    },
    {
        "key": "develop_bonedrift_steel_deposits:0",
        "original": "Develop Bonedrift Iron Ore Deposits",
        "translation": "",
        "stage": 0,
        "context": null
    },
    {
        "key": "develop_stormwingia_chromium_deposits:0",
        "original": "Develop Stormwingia Chromium Deposits",
        "translation": "",
        "stage": 0,
        "context": null
    },
    {
        "key": "develop_desponia_oil_fields:0",
        "original": "Develop Despoina Oil Fields",
        "translation": "",
        "stage": 0,
        "context": null
    },
    {
        "key": "crownspike_oil_fields:0",
        "original": "Drill for Oil Under Crownspike",
        "translation": "",
        "stage": 0,
        "context": null
    },
    {
        "key": "GRW_internal_affairs:0",
        "original": "Internal Affairs",
        "translation": "",
        "stage": 0,
        "context": null
    },
    {
        "key": "GRW_move_capital_Sydia:0",
        "original": "Move capital to Sydia",
        "translation": "",
        "stage": 0,
        "context": null
    },
    {
        "key": "GRW_move_capital_Kivessin:0",
        "original": "Move capital to Kivessin",
        "translation": "",
        "stage": 0,
        "context": null
    },
    {
        "key": "GRW_move_capital_Imperial_capital:0",
        "original": "Move capital to Griffenheim",
        "translation": "",
        "stage": 0,
        "context": null
    },
    {
        "key": "form_griffon_empire_category:0",
        "original": "Become the successor to the Griffonian Empire",
        "translation": "그리포니아 제국의 계승자 선언",
        "stage": 1,
        "context": null
    },
    {
        "key": "form_griffon_empire_category_desc:0",
        "original": "With the Empire gone and [Root.GetName] in control of Griffenheim, we can declare ourselves to be the successors to the Empire.",
        "translation": "제국은 사라졌고 그리펜하임의 통제권이 [Root.GetName]에게 넘어간 지금, 우리는 스스로 제국의 계승자임을 선언할 수 있습니다.",
        "stage": 1,
        "context": null
    },
    {
        "key": "form_griffon_empire:0",
        "original": "Become the successor to the Griffonian Empire",
        "translation": "그리포니아 제국의 계승자 선언",
        "stage": 1,
        "context": null
    },
    {
        "key": "magical_weapons_category:0",
        "original": "Magical Weapons Roll-out",
        "translation": "",
        "stage": 0,
        "context": null
    },
    {
        "key": "motorized_magical_weapons:0",
        "original": "Magical Weapons for Motorised Battalions",
        "translation": "",
        "stage": 0,
        "context": null
    },
    {
        "key": "motorized_magical_weapons_tt:0",
        "original": "\\n£unit_motorized_icon_small Motorised will require §YMagical Infantry Equipment§! instead of §YInfantry Equipment§!.",
        "translation": "",
        "stage": 0,
        "context": null
    },
    {
        "key": "motorized_magical_weapons_remove:0",
        "original": "Regular Weapons for Motorised Battalions",
        "translation": "",
        "stage": 0,
        "context": null
    },
    {
        "key": "motorized_magical_weapons_remove_tt:0",
        "original": "\\n£unit_motorized_icon_small Motorised will require §YInfantry Equipment§! instead of §YMagical Infantry Equipment§!.",
        "translation": "",
        "stage": 0,
        "context": null
    },
    {
        "key": "mechanized_magical_weapons:0",
        "original": "Magical Weapons for Mechanised Battalions",
        "translation": "",
        "stage": 0,
        "context": null
    },
    {
        "key": "mechanized_magical_weapons_tt:0",
        "original": "\\n£unit_mechanized_icon_small Mechanised will require §YMagical Infantry Equipment§! instead of §YInfantry Equipment§!.",
        "translation": "",
        "stage": 0,
        "context": null
    },
    {
        "key": "mechanized_magical_weapons_remove:0",
        "original": "Regular Weapons for Mechanised Battalions",
        "translation": "",
        "stage": 0,
        "context": null
    },
    {
        "key": "mechanized_magical_weapons_remove_tt:0",
        "original": "\\n£unit_mechanized_icon_small Mechanised will require §YInfantry Equipment§! instead of §YMagical Infantry Equipment§!.",
        "translation": "",
        "stage": 0,
        "context": null
    },
    {
        "key": "special_forces_magical_weapons:0",
        "original": "Magical Weapons for Special Forces",
        "translation": "",
        "stage": 0,
        "context": null
    },
    {
        "key": "special_forces_magical_weapons_tt:0",
        "original": "Special Forces will require §YMagical Infantry Equipment§! instead of §YInfantry Equipment§!.",
        "translation": "",
        "stage": 0,
        "context": null
    },
    {
        "key": "special_forces_magical_weapons_remove:0",
        "original": "Regular Weapons for Special Forces",
        "translation": "",
        "stage": 0,
        "context": null
    },
    {
        "key": "special_forces_magical_weapons_remove_tt:0",
        "original": "Special Forces will require §YInfantry Equipment§! instead of §YMagical Infantry Equipment§!.",
        "translation": "",
        "stage": 0,
        "context": null
    },
    {
        "key": "decision_cost_CP_25_pp_50:0",
        "original": "£command_power  §Y25§! £pol_power  §Y50§!",
        "translation": "",
        "stage": 0,
        "context": null
    },
    {
        "key": "decision_cost_CP_25_pp_50_blocked:0",
        "original": "£command_power  §R25§! £pol_power  §R50§!",
        "translation": "",
        "stage": 0,
        "context": null
    },
    {
        "key": "decision_cost_CP_25_pp_50_tooltip:0",
        "original": "It costs [This.GetDecisionCostCP25PP50] to take the decision",
        "translation": "",
        "stage": 0,
        "context": null
    },
    {
        "key": "decision_cost_CP_30_pp_25:0",
        "original": "£command_power  §Y30§! £pol_power  §Y25§!",
        "translation": "",
        "stage": 0,
        "context": null
    },
    {
        "key": "decision_cost_CP_30_pp_25_blocked:0",
        "original": "£command_power  §R30§! £pol_power  §R25§!",
        "translation": "",
        "stage": 0,
        "context": null
    },
    {
        "key": "decision_cost_CP_30_pp_25_tooltip:0",
        "original": "It costs [This.GetDecisionCostCP30PP25] to take the decision",
        "translation": "",
        "stage": 0,
        "context": null
    },
    {
        "key": "decision_cost_CP_15_pp_15:0",
        "original": "£command_power  §Y15§! £pol_power  §Y15§!",
        "translation": "",
        "stage": 0,
        "context": null
    },
    {
        "key": "decision_cost_CP_15_pp_15_blocked:0",
        "original": "£command_power  §R15§! £pol_power  §R15§!",
        "translation": "",
        "stage": 0,
        "context": null
    },
    {
        "key": "decision_cost_CP_15_pp_15_tooltip:0",
        "original": "It costs [This.GetDecisionCostCP15PP15] to take the decision",
        "translation": "",
        "stage": 0,
        "context": null
    },
    {
        "key": "decision_cost_CP_25_pp_25:0",
        "original": "£command_power  §Y25§! £pol_power  §Y25§!",
        "translation": "",
        "stage": 0,
        "context": null
    },
    {
        "key": "decision_cost_CP_25_pp_25_blocked:0",
        "original": "£command_power  §R25§! £pol_power  §R25§!",
        "translation": "",
        "stage": 0,
        "context": null
    },
    {
        "key": "decision_cost_CP_25_pp_25_tooltip:0",
        "original": "It costs [This.GetDecisionCostCP25PP25] to take the decision",
        "translation": "",
        "stage": 0,
        "context": null
    },
    {
        "key": "decision_cost_CP_35_pp_35:0",
        "original": "£command_power  §Y35§! £pol_power  §Y35§!",
        "translation": "",
        "stage": 0,
        "context": null
    },
    {
        "key": "decision_cost_CP_35_pp_35_blocked:0",
        "original": "£command_power  §R35§! £pol_power  §R35§!",
        "translation": "",
        "stage": 0,
        "context": null
    },
    {
        "key": "decision_cost_CP_35_pp_35_tooltip:0",
        "original": "It costs [This.GetDecisionCostCP35PP35] to take the decision",
        "translation": "",
        "stage": 0,
        "context": null
    },
    {
        "key": "decision_cost_pp_50_manpower_2000:0",
        "original": "£manpower_icon  §Y2000§! £pol_power  §Y50§!",
        "translation": "",
        "stage": 0,
        "context": null
    },
    {
        "key": "decision_cost_pp_50_manpower_2000_blocked:0",
        "original": "£manpower_icon  §R2000§! £pol_power  §R50§!",
        "translation": "",
        "stage": 0,
        "context": null
    },
    {
        "key": "decision_cost_pp_50_manpower_2000_tooltip:0",
        "original": "It costs [This.GetDecisionCostPP50Manpower2000] to take the decision",
        "translation": "",
        "stage": 0,
        "context": null
    },
    {
        "key": "decision_cost_pp_70_manpower_500:0",
        "original": "£manpower_icon  §Y500§! £pol_power  §Y70§!",
        "translation": "",
        "stage": 0,
        "context": null
    },
    {
        "key": "decision_cost_pp_70_manpower_500_blocked:0",
        "original": "£manpower_icon  §R500§! £pol_power  §R70§!",
        "translation": "",
        "stage": 0,
        "context": null
    },
    {
        "key": "decision_cost_pp_70_manpower_500_tooltip:0",
        "original": "It costs [This.GetDecisionCostPP70Manpower500] to take the decision",
        "translation": "",
        "stage": 0,
        "context": null
    },
    {
        "key": "decision_cost_pp_60_manpower_150:0",
        "original": "£manpower_icon  §Y150§! £pol_power  §Y60§!",
        "translation": "",
        "stage": 0,
        "context": null
    },
    {
        "key": "decision_cost_pp_60_manpower_150_blocked:0",
        "original": "£manpower_icon  §R150§! £pol_power  §R60§!",
        "translation": "",
        "stage": 0,
        "context": null
    },
    {
        "key": "decision_cost_pp_60_manpower_150_tooltip:0",
        "original": "It costs [This.GetDecisionCostPP60Manpower150] to take the decision",
        "translation": "",
        "stage": 0,
        "context": null
    },
    {
        "key": "decision_cost_pp_40_manpower_50:0",
        "original": "£manpower_icon  §Y50§! £pol_power  §Y40§!",
        "translation": "",
        "stage": 0,
        "context": null
    },
    {
        "key": "decision_cost_pp_40_manpower_50_blocked:0",
        "original": "£manpower_icon  §R50§! £pol_power  §R40§!",
        "translation": "",
        "stage": 0,
        "context": null
    },
    {
        "key": "decision_cost_pp_40_manpower_50_tooltip:0",
        "original": "It costs [This.GetDecisionCostPP40Manpower50] to take the decision",
        "translation": "",
        "stage": 0,
        "context": null
    },
    {
        "key": "decision_cost_pp_50_manpower_18000:0",
        "original": "£manpower_icon  §Y18000§! £pol_power  §Y50§!",
        "translation": "",
        "stage": 0,
        "context": null
    },
    {
        "key": "decision_cost_pp_50_manpower_18000_blocked:0",
        "original": "£manpower_icon  §R18000§! £pol_power  §R50§!",
        "translation": "",
        "stage": 0,
        "context": null
    },
    {
        "key": "decision_cost_pp_50_manpower_18000_tooltip:0",
        "original": "It costs [This.GetDecisionCostPP50Manpower18000] to take the decision",
        "translation": "",
        "stage": 0,
        "context": null
    },
    {
        "key": "decision_cost_pp_50_manpower_11100:0",
        "original": "£manpower_icon  §Y11100§! £pol_power  §Y50§!",
        "translation": "",
        "stage": 0,
        "context": null
    },
    {
        "key": "decision_cost_pp_50_manpower_11100_blocked:0",
        "original": "£manpower_icon  §R11100§! £pol_power  §R50§!",
        "translation": "",
        "stage": 0,
        "context": null
    },
    {
        "key": "decision_cost_pp_50_manpower_11100_tooltip:0",
        "original": "It costs [This.GetDecisionCostPP50Manpower11100] to take the decision",
        "translation": "",
        "stage": 0,
        "context": null
    },
    {
        "key": "decision_cost_50_pp_manpower_22000:0",
        "original": "£manpower_icon  §Y22000§! £pol_power  §Y50§!",
        "translation": "",
        "stage": 0,
        "context": null
    },
    {
        "key": "decision_cost_50_pp_manpower_22000_blocked:0",
        "original": "£manpower_icon  §R22000§! £pol_power  §R50§!",
        "translation": "",
        "stage": 0,
        "context": null
    },
    {
        "key": "decision_cost_50_pp_manpower_22000_tooltip:0",
        "original": "It costs [This.GetDecisionCostPP50Manpower22000] to take the decision",
        "translation": "",
        "stage": 0,
        "context": null
    },
    {
        "key": "decision_cost_army_xp_150_pp_30:0",
        "original": "£army_experience  §Y150§! £pol_power  §Y30§!",
        "translation": "",
        "stage": 0,
        "context": null
    },
    {
        "key": "decision_cost_army_xp_150_pp_30_blocked:0",
        "original": "£army_experience  §R150§! £pol_power  §R30§!",
        "translation": "",
        "stage": 0,
        "context": null
    },
    {
        "key": "decision_cost_army_xp_150_pp_30_tooltip:0",
        "original": "It costs [This.GetDecisionCostArmyXP150PP30] to take the decision",
        "translation": "",
        "stage": 0,
        "context": null
    },
    {
        "key": "decision_cost_air_xp_150_pp_30:0",
        "original": "£air_experience  §Y150§! £pol_power  §Y30§!",
        "translation": "",
        "stage": 0,
        "context": null
    },
    {
        "key": "decision_cost_air_xp_150_pp_30_blocked:0",
        "original": "£air_experience  §R150§! £pol_power  §R30§!",
        "translation": "",
        "stage": 0,
        "context": null
    },
    {
        "key": "decision_cost_air_xp_150_pp_30_tooltip:0",
        "original": "It costs [This.GetDecisionCostAirXP150PP30] to take the decision",
        "translation": "",
        "stage": 0,
        "context": null
    },
    {
        "key": "decision_cost_navy_xp_150_pp_30:0",
        "original": "£navy_experience  §Y150§! £pol_power  §Y30§!",
        "translation": "",
        "stage": 0,
        "context": null
    },
    {
        "key": "decision_cost_navy_xp_150_pp_30_blocked:0",
        "original": "£navy_experience  §R150§! £pol_power  §R30§!",
        "translation": "",
        "stage": 0,
        "context": null
    },
    {
        "key": "decision_cost_navy_xp_150_pp_30_tooltip:0",
        "original": "It costs [This.GetDecisionCostNavyXP150PP30] to take the decision",
        "translation": "",
        "stage": 0,
        "context": null
    },
    {
        "key": "decision_cost_navy_xp_450_pp_60:0",
        "original": "£navy_experience  §Y450§! £pol_power  §Y60§!",
        "translation": "",
        "stage": 0,
        "context": null
    },
    {
        "key": "decision_cost_navy_xp_450_pp_60_blocked:0",
        "original": "£navy_experience  §R450§! £pol_power  §R36§!",
        "translation": "",
        "stage": 0,
        "context": null
    },
    {
        "key": "decision_cost_navy_xp_450_pp_60_tooltip:0",
        "original": "It costs [This.GetDecisionCostNavyXP450PP60] to take the decision",
        "translation": "",
        "stage": 0,
        "context": null
    },
    {
        "key": "decision_cost_navy_xp_250_pp_60:0",
        "original": "£navy_experience  §Y250§! £pol_power  §Y60§!",
        "translation": "",
        "stage": 0,
        "context": null
    },
    {
        "key": "decision_cost_navy_xp_250_pp_60_blocked:0",
        "original": "£navy_experience  §R250§! £pol_power  §R36§!",
        "translation": "",
        "stage": 0,
        "context": null
    },
    {
        "key": "decision_cost_navy_xp_250_pp_60_tooltip:0",
        "original": "It costs [This.GetDecisionCostNavyXP250PP60] to take the decision",
        "translation": "",
        "stage": 0,
        "context": null
    },
    {
        "key": "decision_cost_CP_25_army_xp_50:0",
        "original": "£command_power  §Y25§! £army_experience  §Y50§!",
        "translation": "",
        "stage": 0,
        "context": null
    },
    {
        "key": "decision_cost_CP_25_army_xp_50_blocked:0",
        "original": "£command_power  §R25§! £army_experience  §R50§!",
        "translation": "",
        "stage": 0,
        "context": null
    },
    {
        "key": "decision_cost_CP_25_army_xp_50_tooltip:0",
        "original": "It costs [This.GetDecisionCostCP25ArmyXP50] to take the decision",
        "translation": "",
        "stage": 0,
        "context": null
    },
    {
        "key": "decision_cost_army_xp_50:0",
        "original": "£army_experience  §Y50§!",
        "translation": "",
        "stage": 0,
        "context": null
    },
    {
        "key": "decision_cost_army_xp_50_blocked:0",
        "original": "£army_experience  §R50§!",
        "translation": "",
        "stage": 0,
        "context": null
    },
    {
        "key": "decision_cost_army_xp_50_tooltip:0",
        "original": "It costs [This.GetDecisionCostArmyXP50] to take the decision",
        "translation": "",
        "stage": 0,
        "context": null
    },
    {
        "key": "decision_cost_army_xp_75:0",
        "original": "£army_experience  §Y75§!",
        "translation": "",
        "stage": 0,
        "context": null
    },
    {
        "key": "decision_cost_army_xp_75_blocked:0",
        "original": "£army_experience  §R75§!",
        "translation": "",
        "stage": 0,
        "context": null
    },
    {
        "key": "decision_cost_army_xp_75_tooltip:0",
        "original": "It costs [This.GetDecisionCostArmyXP75] to take the decision",
        "translation": "",
        "stage": 0,
        "context": null
    },
    {
        "key": "decision_cost_army_xp_200:0",
        "original": "£army_experience  §Y200§!",
        "translation": "",
        "stage": 0,
        "context": null
    },
    {
        "key": "decision_cost_army_xp_200_blocked:0",
        "original": "£army_experience  §R200§!",
        "translation": "",
        "stage": 0,
        "context": null
    },
    {
        "key": "decision_cost_army_xp_200_tooltip:0",
        "original": "It costs [This.GetDecisionCostArmyXP200] to take the decision",
        "translation": "",
        "stage": 0,
        "context": null
    },
    {
        "key": "decision_cost_army_xp_200_manpower_21300:0",
        "original": "£army_experience  §Y200§! £manpower_icon  §Y21300§!",
        "translation": "",
        "stage": 0,
        "context": null
    },
    {
        "key": "decision_cost_army_xp_200_manpower_21300_blocked:0",
        "original": "£army_experience  §R200§! £manpower_icon  §R21300§!",
        "translation": "",
        "stage": 0,
        "context": null
    },
    {
        "key": "decision_cost_army_xp_200_manpower_21300_tooltip:0",
        "original": "It costs [This.GetDecisionCostArmyXP200Manpower21300] to take the decision",
        "translation": "",
        "stage": 0,
        "context": null
    },
    {
        "key": "decision_cost_army_xp_100:0",
        "original": "£army_experience  §Y100§!",
        "translation": "",
        "stage": 0,
        "context": null
    },
    {
        "key": "decision_cost_army_xp_100_blocked:0",
        "original": "£army_experience  §R100§!",
        "translation": "",
        "stage": 0,
        "context": null
    },
    {
        "key": "decision_cost_army_xp_100_tooltip:0",
        "original": "It costs [This.GetDecisionCostArmyXP100] to take the decision",
        "translation": "",
        "stage": 0,
        "context": null
    },
    {
        "key": "decision_cost_army_xp_50_manpower_6700:0",
        "original": "£army_experience  §Y50§! £manpower_icon  §Y6700§!",
        "translation": "",
        "stage": 0,
        "context": null
    },
    {
        "key": "decision_cost_army_xp_50_manpower_6700_blocked:0",
        "original": "£army_experience  §R50§! £manpower_icon  §R6700§!",
        "translation": "",
        "stage": 0,
        "context": null
    },
    {
        "key": "decision_cost_army_xp_50_manpower_6700_tooltip:0",
        "original": "It costs [This.GetDecisionCostArmyXP50Manpower6700] to take the decision",
        "translation": "",
        "stage": 0,
        "context": null
    },
    {
        "key": "decision_cost_army_xp_50_manpower_7000:0",
        "original": "£army_experience  §Y50§! £manpower_icon  §Y7000§!",
        "translation": "",
        "stage": 0,
        "context": null
    },
    {
        "key": "decision_cost_army_xp_50_manpower_7000_blocked:0",
        "original": "£army_experience  §R50§! £manpower_icon  §R7000§!",
        "translation": "",
        "stage": 0,
        "context": null
    },
    {
        "key": "decision_cost_army_xp_50_manpower_7000_tooltip:0",
        "original": "It costs [This.GetDecisionCostArmyXP50Manpower7000] to take the decision",
        "translation": "",
        "stage": 0,
        "context": null
    },
    {
        "key": "decision_cost_army_xp_100_manpower_10300:0",
        "original": "£army_experience  §Y100§! £manpower_icon  §Y10300§!",
        "translation": "",
        "stage": 0,
        "context": null
    },
    {
        "key": "decision_cost_army_xp_100_manpower_10300_blocked:0",
        "original": "£army_experience  §R100§! £manpower_icon  §R10300§!",
        "translation": "",
        "stage": 0,
        "context": null
    },
    {
        "key": "decision_cost_army_xp_100_manpower_10300_tooltip:0",
        "original": "It costs [This.GetDecisionCostArmyXP100Manpower10300] to take the decision",
        "translation": "",
        "stage": 0,
        "context": null
    },
    {
        "key": "decision_cost_army_xp_150:0",
        "original": "£army_experience  §Y150§!",
        "translation": "",
        "stage": 0,
        "context": null
    },
    {
        "key": "decision_cost_army_xp_150_blocked:0",
        "original": "£army_experience  §R150§!",
        "translation": "",
        "stage": 0,
        "context": null
    },
    {
        "key": "decision_cost_army_xp_150_tooltip:0",
        "original": "It costs [This.GetDecisionCostArmyXP150] to take the decision",
        "translation": "",
        "stage": 0,
        "context": null
    },
    {
        "key": "decision_cost_army_xp_150_manpower_21000:0",
        "original": "£army_experience  §Y150§! £manpower_icon  §Y21000§!",
        "translation": "",
        "stage": 0,
        "context": null
    },
    {
        "key": "decision_cost_army_xp_150_manpower_21000_blocked:0",
        "original": "£army_experience  §R150§! £manpower_icon  §R21000§!",
        "translation": "",
        "stage": 0,
        "context": null
    },
    {
        "key": "decision_cost_army_xp_150_manpower_21000_tooltip:0",
        "original": "It costs [This.GetDecisionCostArmyXP150Manpower21000] to take the decision",
        "translation": "",
        "stage": 0,
        "context": null
    },
    {
        "key": "decision_cost_2_loot:0",
        "original": "£loot_text  §Y2§!",
        "translation": "",
        "stage": 0,
        "context": null
    },
    {
        "key": "decision_cost_2_loot_blocked:0",
        "original": "£loot_text  §R2§!",
        "translation": "",
        "stage": 0,
        "context": null
    },
    {
        "key": "decision_cost_2_loot_tooltip:0",
        "original": "It costs [This.GetDecisionCostLoot2] to take the decision",
        "translation": "",
        "stage": 0,
        "context": null
    },
    {
        "key": "decision_cost_4_loot:0",
        "original": "£loot_text  §Y4§!",
        "translation": "",
        "stage": 0,
        "context": null
    },
    {
        "key": "decision_cost_4_loot_blocked:0",
        "original": "£loot_text  §R4§!",
        "translation": "",
        "stage": 0,
        "context": null
    },
    {
        "key": "decision_cost_4_loot_tooltip:0",
        "original": "It costs [This.GetDecisionCostLoot4] to take the decision",
        "translation": "",
        "stage": 0,
        "context": null
    },
    {
        "key": "decision_cost_5_loot:0",
        "original": "£loot_text  §Y5§!",
        "translation": "",
        "stage": 0,
        "context": null
    },
    {
        "key": "decision_cost_5_loot_blocked:0",
        "original": "£loot_text  §R5§!",
        "translation": "",
        "stage": 0,
        "context": null
    },
    {
        "key": "decision_cost_5_loot_tooltip:0",
        "original": "It costs [This.GetDecisionCostLoot5] to take the decision",
        "translation": "",
        "stage": 0,
        "context": null
    },
    {
        "key": "decision_cost_6_loot:0",
        "original": "£loot_text  §Y6§!",
        "translation": "",
        "stage": 0,
        "context": null
    },
    {
        "key": "decision_cost_6_loot_blocked:0",
        "original": "£loot_text  §R6§!",
        "translation": "",
        "stage": 0,
        "context": null
    },
    {
        "key": "decision_cost_6_loot_tooltip:0",
        "original": "It costs [This.GetDecisionCostLoot6] to take the decision",
        "translation": "",
        "stage": 0,
        "context": null
    },
    {
        "key": "decision_cost_8_loot:0",
        "original": "£loot_text  §Y8§!",
        "translation": "",
        "stage": 0,
        "context": null
    },
    {
        "key": "decision_cost_8_loot_blocked:0",
        "original": "£loot_text  §R8§!",
        "translation": "",
        "stage": 0,
        "context": null
    },
    {
        "key": "decision_cost_8_loot_tooltip:0",
        "original": "It costs [This.GetDecisionCostLoot8] to take the decision",
        "translation": "",
        "stage": 0,
        "context": null
    },
    {
        "key": "decision_cost_1_chivalry_pp_50:0",
        "original": "£helmet_text  §Y1§! £pol_power  §Y50§!",
        "translation": "",
        "stage": 0,
        "context": null
    },
    {
        "key": "decision_cost_1_chivalry_pp_50_blocked:0",
        "original": "£helmet_text  §R1§! £pol_power  §R50§!",
        "translation": "",
        "stage": 0,
        "context": null
    },
    {
        "key": "decision_cost_1_chivalry_pp_50_tooltip:0",
        "original": "It costs [This.GetDecisionCostChivalry1PP50] to take the decision",
        "translation": "",
        "stage": 0,
        "context": null
    },
    {
        "key": "decision_cost_manpower_10000:0",
        "original": "£manpower_icon  §Y10000§!",
        "translation": "",
        "stage": 0,
        "context": null
    },
    {
        "key": "decision_cost_manpower_10000_blocked:0",
        "original": "£manpower_icon  §R10000§!",
        "translation": "",
        "stage": 0,
        "context": null
    },
    {
        "key": "decision_cost_manpower_10000_tooltip:0",
        "original": "It costs [This.GetDecisionCostManpower10000] to take the decision",
        "translation": "",
        "stage": 0,
        "context": null
    },
    {
        "key": "decision_cost_manpower_25000:0",
        "original": "£manpower_icon  §Y25000§!",
        "translation": "",
        "stage": 0,
        "context": null
    },
    {
        "key": "decision_cost_manpower_25000_blocked:0",
        "original": "£manpower_icon  §R25000§!",
        "translation": "",
        "stage": 0,
        "context": null
    },
    {
        "key": "decision_cost_manpower_25000_tooltip:0",
        "original": "It costs [This.GetDecisionCostManpower25000] to take the decision",
        "translation": "",
        "stage": 0,
        "context": null
    },
    {
        "key": "decision_cost_manpower_50000:0",
        "original": "£manpower_icon  §Y50000§!",
        "translation": "",
        "stage": 0,
        "context": null
    },
    {
        "key": "decision_cost_manpower_50000_blocked:0",
        "original": "£manpower_icon  §R50000§!",
        "translation": "",
        "stage": 0,
        "context": null
    },
    {
        "key": "decision_cost_manpower_50000_tooltip:0",
        "original": "It costs [This.GetDecisionCostManpower50000] to take the decision",
        "translation": "",
        "stage": 0,
        "context": null
    },
    {
        "key": "decision_cost_bank_5_pp_75:0",
        "original": "£coin_text  §Y5M§! £pol_power  §Y75§!",
        "translation": "",
        "stage": 0,
        "context": null
    },
    {
        "key": "decision_cost_bank_5_pp_75_blocked:0",
        "original": "£coin_text  §R5M§! £pol_power  §R75§!",
        "translation": "",
        "stage": 0,
        "context": null
    },
    {
        "key": "decision_cost_bank_5_pp_75_tooltip:0",
        "original": "It costs [This.GetDecisionCostBank5PP75] to take the decision",
        "translation": "",
        "stage": 0,
        "context": null
    },
    {
        "key": "decision_cost_bank_5_pp_50:0",
        "original": "£coin_text  §Y5M§! £pol_power  §Y50§!",
        "translation": "",
        "stage": 0,
        "context": null
    },
    {
        "key": "decision_cost_bank_5_pp_50_blocked:0",
        "original": "£coin_text  §R5M§! £pol_power  §R50§!",
        "translation": "",
        "stage": 0,
        "context": null
    },
    {
        "key": "decision_cost_bank_5_pp_50_tooltip:0",
        "original": "It costs [This.GetDecisionCostBank5PP50] to take the decision",
        "translation": "",
        "stage": 0,
        "context": null
    },
    {
        "key": "decision_cost_bank_2_pp_25:0",
        "original": "£coin_text  §Y2M§! £pol_power  §Y25§!",
        "translation": "",
        "stage": 0,
        "context": null
    },
    {
        "key": "decision_cost_bank_2_pp_25_blocked:0",
        "original": "£coin_text  §R2M§! £pol_power  §R25§!",
        "translation": "",
        "stage": 0,
        "context": null
    },
    {
        "key": "decision_cost_bank_2_pp_25_tooltip:0",
        "original": "It costs [This.GetDecisionCostBank2PP25] to take the decision",
        "translation": "",
        "stage": 0,
        "context": null
    },
    {
        "key": "decision_cost_bank_3_pp_100:0",
        "original": "£coin_text  §Y3M§! £pol_power  §Y100§!",
        "translation": "",
        "stage": 0,
        "context": null
    },
    {
        "key": "decision_cost_bank_3_pp_100_blocked:0",
        "original": "£coin_text  §R3M§! £pol_power  §R100§!",
        "translation": "",
        "stage": 0,
        "context": null
    },
    {
        "key": "decision_cost_bank_3_pp_100_tooltip:0",
        "original": "It costs [This.GetDecisionCostBank3PP100] to take the decision",
        "translation": "",
        "stage": 0,
        "context": null
    },
    {
        "key": "decision_cost_bank_3_pp_50:0",
        "original": "£coin_text  §Y3M§! £pol_power  §Y50§!",
        "translation": "",
        "stage": 0,
        "context": null
    },
    {
        "key": "decision_cost_bank_3_pp_50_blocked:0",
        "original": "£coin_text  §R3M§! £pol_power  §R50§!",
        "translation": "",
        "stage": 0,
        "context": null
    },
    {
        "key": "decision_cost_bank_3_pp_50_tooltip:0",
        "original": "It costs [This.GetDecisionCostBank3PP50] to take the decision",
        "translation": "",
        "stage": 0,
        "context": null
    },
    {
        "key": "decision_cost_bank_4_pp_25:0",
        "original": "£coin_text  §Y4M§! £pol_power  §Y25§!",
        "translation": "",
        "stage": 0,
        "context": null
    },
    {
        "key": "decision_cost_bank_4_pp_25_blocked:0",
        "original": "£coin_text  §R4M§! £pol_power  §R25§!",
        "translation": "",
        "stage": 0,
        "context": null
    },
    {
        "key": "decision_cost_bank_4_pp_25_tooltip:0",
        "original": "It costs [This.GetDecisionCostBank4PP25] to take the decision",
        "translation": "",
        "stage": 0,
        "context": null
    },
    {
        "key": "decision_cost_bank_3_pp_25:0",
        "original": "£coin_text  §Y3M§! £pol_power  §Y25§!",
        "translation": "",
        "stage": 0,
        "context": null
    },
    {
        "key": "decision_cost_bank_3_pp_25_blocked:0",
        "original": "£coin_text  §R3M§! £pol_power  §R25§!",
        "translation": "",
        "stage": 0,
        "context": null
    },
    {
        "key": "decision_cost_bank_3_pp_25_tooltip:0",
        "original": "It costs [This.GetDecisionCostBank3PP25] to take the decision",
        "translation": "",
        "stage": 0,
        "context": null
    },
    {
        "key": "decision_cost_bank_1_pp_15:0",
        "original": "£coin_text  §Y1M§! £pol_power  §Y15§!",
        "translation": "",
        "stage": 0,
        "context": null
    },
    {
        "key": "decision_cost_bank_1_pp_15_blocked:0",
        "original": "£coin_text  §R1M§! £pol_power  §R15§!",
        "translation": "",
        "stage": 0,
        "context": null
    },
    {
        "key": "decision_cost_bank_1_pp_15_tooltip:0",
        "original": "It costs [This.GetDecisionCostBank1PP15] to take the decision",
        "translation": "",
        "stage": 0,
        "context": null
    },
    {
        "key": "decision_cost_bank_2_pp_20:0",
        "original": "£coin_text  §Y2M§! £pol_power  §Y20§!",
        "translation": "",
        "stage": 0,
        "context": null
    },
    {
        "key": "decision_cost_bank_2_pp_20_blocked:0",
        "original": "£coin_text  §R2M§! £pol_power  §R20§!",
        "translation": "",
        "stage": 0,
        "context": null
    },
    {
        "key": "decision_cost_bank_2_pp_20_tooltip:0",
        "original": "It costs [This.GetDecisionCostBank2PP20] to take the decision",
        "translation": "",
        "stage": 0,
        "context": null
    },
    {
        "key": "decision_cost_bank_6_pp_75:0",
        "original": "£coin_text  §Y6M§! £pol_power  §Y75§!",
        "translation": "",
        "stage": 0,
        "context": null
    },
    {
        "key": "decision_cost_bank_6_pp_75_blocked:0",
        "original": "£coin_text  §R6M§! £pol_power  §R75§!",
        "translation": "",
        "stage": 0,
        "context": null
    },
    {
        "key": "decision_cost_bank_6_pp_75_tooltip:0",
        "original": "It costs [This.GetDecisionCostBank6PP75] to take the decision",
        "translation": "",
        "stage": 0,
        "context": null
    },
    {
        "key": "decision_cost_2000_guns_25_pp:0",
        "original": "£infequip_text  §Y2000§! £pol_power  §Y25§!",
        "translation": "",
        "stage": 0,
        "context": null
    },
    {
        "key": "decision_cost_2000_guns_25_pp_blocked:0",
        "original": "£infequip_text  §R2000§! £pol_power  §R25§!",
        "translation": "",
        "stage": 0,
        "context": null
    },
    {
        "key": "decision_cost_2000_guns_25_pp_tooltip:0",
        "original": "It costs [This.GetDecisionCostEquipment2000PP25] to take the decision",
        "translation": "",
        "stage": 0,
        "context": null
    },
    {
        "key": "decision_cost_500_guns_50_pp:0",
        "original": "£infequip_text  §Y500§! £pol_power  §Y50§!",
        "translation": "",
        "stage": 0,
        "context": null
    },
    {
        "key": "decision_cost_500_guns_50_pp_blocked:0",
        "original": "£infequip_text  §R500§! £pol_power  §R50§!",
        "translation": "",
        "stage": 0,
        "context": null
    },
    {
        "key": "decision_cost_500_guns_50_pp_tooltip:0",
        "original": "It costs [This.GetDecisionCostEquipment500PP50] to take the decision",
        "translation": "",
        "stage": 0,
        "context": null
    },
    {
        "key": "motorized_magical_weapons_recently_changed:0",
        "original": "§Y360 days§! have passed",
        "translation": "",
        "stage": 0,
        "context": null
    },
    {
        "key": "mechanized_magical_weapons_recently_changed:0",
        "original": "§Y360 days§! have passed",
        "translation": "",
        "stage": 0,
        "context": null
    },
    {
        "key": "special_forces_magical_weapons_recently_changed:0",
        "original": "§Y360 days§! have passed",
        "translation": "",
        "stage": 0,
        "context": null
    },
    {
        "key": "FEZ_decision_cost_bank_3_pp_50:0",
        "original": "£coin_text  §Y3 000§! £pol_power  §Y50§!",
        "translation": "",
        "stage": 0,
        "context": null
    },
    {
        "key": "FEZ_decision_cost_bank_6_pp_50:0",
        "original": "£coin_text  §Y6 000§! £pol_power  §Y50§!",
        "translation": "",
        "stage": 0,
        "context": null
    },
    {
        "key": "FEZ_decision_cost_bank_9_pp_50:0",
        "original": "£coin_text  §Y9 000§! £pol_power  §Y50§!",
        "translation": "",
        "stage": 0,
        "context": null
    },
    {
        "key": "FEZ_decision_cost_bank_12_pp_50:0",
        "original": "£coin_text  §Y12 000§! £pol_power  §Y50§!",
        "translation": "",
        "stage": 0,
        "context": null
    },
    {
        "key": "FEZ_decision_cost_bank_1000_pp_50:0",
        "original": "£coin_text  §Y1M§! £pol_power  §Y50§!",
        "translation": "",
        "stage": 0,
        "context": null
    },
    {
        "key": "FEZ_decision_cost_bank_3_pp_50_blocked:0",
        "original": "£coin_text  §R3 000§! £pol_power  §R50§!",
        "translation": "",
        "stage": 0,
        "context": null
    },
    {
        "key": "FEZ_decision_cost_bank_6_pp_50_blocked:0",
        "original": "£coin_text  §R6 000§! £pol_power  §R50§!",
        "translation": "",
        "stage": 0,
        "context": null
    },
    {
        "key": "FEZ_decision_cost_bank_9_pp_50_blocked:0",
        "original": "£coin_text  §R9 000§! £pol_power  §R50§!",
        "translation": "",
        "stage": 0,
        "context": null
    },
    {
        "key": "FEZ_decision_cost_bank_12_pp_50_blocked:0",
        "original": "£coin_text  §R12 000§! £pol_power  §R50§!",
        "translation": "",
        "stage": 0,
        "context": null
    },
    {
        "key": "FEZ_decision_cost_bank_1000_pp_50_blocked:0",
        "original": "£coin_text  §R1M§! £pol_power  §R50§!",
        "translation": "",
        "stage": 0,
        "context": null
    },
    {
        "key": "decision_cost_2_favor:0",
        "original": "£iou_text  §Y2§!",
        "translation": "",
        "stage": 0,
        "context": null
    },
    {
        "key": "decision_cost_2_favor_blocked:0",
        "original": "£iou_text  §R2§!",
        "translation": "",
        "stage": 0,
        "context": null
    },
    {
        "key": "decision_cost_2_favor_tooltip:0",
        "original": "It costs [This.GetDecisionCostFavor2] to take the decision",
        "translation": "",
        "stage": 0,
        "context": null
    },
    {
        "key": "decision_cost_4_favor:0",
        "original": "£iou_text  §Y4§!",
        "translation": "",
        "stage": 0,
        "context": null
    },
    {
        "key": "decision_cost_4_favor_blocked:0",
        "original": "£iou_text  §R4§!",
        "translation": "",
        "stage": 0,
        "context": null
    },
    {
        "key": "decision_cost_4_favor_tooltip:0",
        "original": "It costs [This.GetDecisionCostFavor4] to take the decision",
        "translation": "",
        "stage": 0,
        "context": null
    },
    {
        "key": "decision_cost_5_favor:0",
        "original": "£iou_text  §Y5§!",
        "translation": "",
        "stage": 0,
        "context": null
    },
    {
        "key": "decision_cost_5_favor_blocked:0",
        "original": "£iou_text  §R5§!",
        "translation": "",
        "stage": 0,
        "context": null
    },
    {
        "key": "decision_cost_5_favor_tooltip:0",
        "original": "It costs [This.GetDecisionCostFavor5] to take the decision",
        "translation": "",
        "stage": 0,
        "context": null
    },
    {
        "key": "decision_cost_6_favor:0",
        "original": "£iou_text  §Y6§!",
        "translation": "",
        "stage": 0,
        "context": null
    },
    {
        "key": "decision_cost_6_favor_blocked:0",
        "original": "£iou_text  §R6§!",
        "translation": "",
        "stage": 0,
        "context": null
    },
    {
        "key": "decision_cost_6_favor_tooltip:0",
        "original": "It costs [This.GetDecisionCostFavor6] to take the decision",
        "translation": "",
        "stage": 0,
        "context": null
    },
    {
        "key": "decision_cost_8_favor:0",
        "original": "£iou_text  §Y8§!",
        "translation": "",
        "stage": 0,
        "context": null
    },
    {
        "key": "decision_cost_8_favor_blocked:0",
        "original": "£iou_text  §R8§!",
        "translation": "",
        "stage": 0,
        "context": null
    },
    {
        "key": "decision_cost_8_favor_tooltip:0",
        "original": "It costs [This.GetDecisionCostFavor8] to take the decision",
        "translation": "",
        "stage": 0,
        "context": null
    },
    {
        "key": "GRI_kill_blockers:0",
        "original": "(AI ONLY) Kill Blockers",
        "translation": "",
        "stage": 0,
        "context": null
    },
    {
        "key": "form_equestrian_socialist_union_category:0",
        "original": "Equestrian Socialist Republic",
        "translation": "이퀘스트리아 사회주의 공화국",
        "stage": 1,
        "context": null
    },
    {
        "key": "form_equestrian_socialist_republic:0",
        "original": "Form the Socialist Republic of Equestria",
        "translation": "이퀘스트리아 사회주의 공화국 형성",
        "stage": 1,
        "context": null
    },
    {
        "key": "form_equestrian_socialist_union:0",
        "original": "Form the Socialist Union of Equestria",
        "translation": "이퀘스트리아 사회주의 연방 형성",
        "stage": 1,
        "context": null
    },
    {
        "key": "form_the_socialist_world_republic:0",
        "original": "Socialist Republic of the World",
        "translation": "세계 사회주의 공화국",
        "stage": 1,
        "context": null
    },
    {
        "key": "form_the_socialist_world_republic_decision:0",
        "original": "Form the Socialist Republic of the World",
        "translation": "세계 사회주의 공화국 형성",
        "stage": 1,
        "context": null
    },
    {
        "key": "improve_society_development_decision:0",
        "original": "Modernise Society",
        "translation": "",
        "stage": 0,
        "context": null
    },
    {
        "key": "improve_society_development_nim_fas_decision:0",
        "original": "Modernise Society",
        "translation": "",
        "stage": 0,
        "context": null
    },
    {
        "key": "improve_poverty_decision:0",
        "original": "Tackle the Poverty Problem",
        "translation": "",
        "stage": 0,
        "context": null
    },
    {
        "key": "improve_illiteracy_decision:0",
        "original": "Encourage Reading Classes",
        "translation": "",
        "stage": 0,
        "context": null
    },
    {
        "key": "vesalipolis_rubber_production:0",
        "original": "Vesalipolis Tire Company",
        "translation": "",
        "stage": 0,
        "context": null
    },
    {
        "key": "svarm_oil_company:0",
        "original": "Svarm Oil Company",
        "translation": "스파름 석유 회사",
        "stage": 1,
        "context": null
    },
    {
        "key": "vyzima_rubber_company:0",
        "original": "Vyzima Rubber Company",
        "translation": "",
        "stage": 0,
        "context": null
    },
    {
        "key": "vyzima_oil_refinery:0",
        "original": "Vyzima Oil Refinery",
        "translation": "",
        "stage": 0,
        "context": null
    },
    {
        "key": "coring_decisions:0",
        "original": "Integrate States",
        "translation": "주 통합",
        "stage": 1,
        "context": null
    },
    {
        "key": "generic_core_country:0",
        "original": "Integrate [From.GetAdjective] States",
        "translation": "[From.GetAdjective] 주 통합",
        "stage": 1,
        "context": null
    },
    {
        "key": "generic_core_country_desc:0",
        "original": "As we are in possession of states considered integral parts of [From.GetName], we should integrate them into our administration as soon as possible.",
        "translation": "우리가 [From.GetName]의 주들을 모두 소유하고 있기 때문에 가능한 한 빨리 그것들을 우리의 행정에 통합해야 합니다.",
        "stage": 1,
        "context": null
    },
    {
        "key": "generic_core_country_original_cores:0",
        "original": "Integrate [From.GetAdjective] States",
        "translation": "[From.GetAdjective] 주 통합",
        "stage": 1,
        "context": null
    },
    {
        "key": "generic_core_country_original_cores_desc:0",
        "original": "As we are in possession of states considered integral parts of [From.GetName], we should integrate them into our administration as soon as possible.",
        "translation": "우리가 [From.GetName]의 주들을 모두 소유하고 있기 때문에 가능한 한 빨리 그것들을 우리의 행정에 통합해야 합니다.",
        "stage": 1,
        "context": null
    },
    {
        "key": "recruit_equestrian_operative:0",
        "original": "Recruit Equestrian Operative",
        "translation": "",
        "stage": 0,
        "context": null
    },
    {
        "key": "recruit_changeling_operative:0",
        "original": "Recruit Changeling Operative",
        "translation": "",
        "stage": 0,
        "context": null
    },
    {
        "key": "recruit_olenian_operative:0",
        "original": "Recruit Olenian Operative",
        "translation": "",
        "stage": 0,
        "context": null
    },
    {
        "key": "recruit_old_olenian_operative:0",
        "original": "Recruit Old Olenian Operative",
        "translation": "",
        "stage": 0,
        "context": null
    },
    {
        "key": "recruit_diamond_dog_operative:0",
        "original": "Recruit Diamond Dog Operative",
        "translation": "",
        "stage": 0,
        "context": null
    },
    {
        "key": "recruit_dragon_operative:0",
        "original": "Recruit Dragon Operative",
        "translation": "",
        "stage": 0,
        "context": null
    },
    {
        "key": "recruit_bear_operative:0",
        "original": "Recruit Polar Bear Operative",
        "translation": "",
        "stage": 0,
        "context": null
    },
    {
        "key": "recruit_buffalo_operative:0",
        "original": "Recruit Buffalo Operative",
        "translation": "",
        "stage": 0,
        "context": null
    },
    {
        "key": "recruit_aquileian_operative:0",
        "original": "Recruit Aquileian Operative",
        "translation": "",
        "stage": 0,
        "context": null
    },
    {
        "key": "recruit_evi_valley_operative:0",
        "original": "Recruit Evi Valley Operative",
        "translation": "",
        "stage": 0,
        "context": null
    },
    {
        "key": "recruit_herzlander_operative:0",
        "original": "Recruit Herzlander Operative",
        "translation": "",
        "stage": 0,
        "context": null
    },
    {
        "key": "recruit_minotaur_operative:0",
        "original": "Recruit Minotaur Operative",
        "translation": "",
        "stage": 0,
        "context": null
    },
    {
        "key": "recruit_northerner_operative:0",
        "original": "Recruit Northern Griffon Operative",
        "translation": "",
        "stage": 0,
        "context": null
    },
    {
        "key": "recruit_penguin_operative:0",
        "original": "Recruit Penguin Operative",
        "translation": "",
        "stage": 0,
        "context": null
    },
    {
        "key": "recruit_riverlander_operative:0",
        "original": "Recruit Riverlander Operative",
        "translation": "",
        "stage": 0,
        "context": null
    },
    {
        "key": "recruit_southerner_operative:0",
        "original": "Recruit Southern Griffon Operative",
        "translation": "",
        "stage": 0,
        "context": null
    },
    {
        "key": "recruit_yak_operative:0",
        "original": "Recruit Yak Operative",
        "translation": "",
        "stage": 0,
        "context": null
    },
    {
        "key": "recruit_zebra_operative:0",
        "original": "Recruit Zebra Operative",
        "translation": "",
        "stage": 0,
        "context": null
    },
    {
        "key": "get_suicide_craft:0",
        "original": "Design Suicide Craft",
        "translation": "",
        "stage": 0,
        "context": null
    },
    {
        "key": "get_suicide_craft_desc:0",
        "original": "Suicide missions have proven very useful, and with the advent of rocket engines, we can develop a craft custom-made to carry out these strikes. Unlike traditional fighters that are hampered by their explosives being limited to their fuel, these aircraft will essentially be manually guided bombs packing a 1200kg payload.",
        "translation": "",
        "stage": 0,
        "context": null
    },
    {
        "key": "deeper_into_crystal_mountains_3:0",
        "original": "Further Excavate Crystal Mountains",
        "translation": "",
        "stage": 0,
        "context": null
    },
    {
        "key": "develop_dwarftail_chromium_deposits_1:0",
        "original": "Develop Dwarftail Chromium Mines",
        "translation": "",
        "stage": 0,
        "context": null
    },
    {
        "key": "develop_dwarftail_chromium_deposits_1_desc:0",
        "original": "Chromium is a valuable resource for the creation of heavy armor, and many of the old iron mines in the Dwarftail Mountains still hold valuable reserves of it. Sending the necessary tools to mine this heavier resource would greatly boost our yields.",
        "translation": "",
        "stage": 0,
        "context": null
    },
    {
        "key": "develop_dwarftail_chromium_deposits_2:0",
        "original": "Expand Dwarftail Chromium Mines",
        "translation": "",
        "stage": 0,
        "context": null
    },
    {
        "key": "develop_dwarftail_chromium_deposits_2_desc:0",
        "original": "The chromium mines are at peak production. If we require more output, we will have to search the mountains for fresh deposits.",
        "translation": "",
        "stage": 0,
        "context": null
    },
    {
        "key": "develop_dwarftail_chromium_deposits_3:0",
        "original": "Increase Chromium Extraction in Dwarftail Mines",
        "translation": "",
        "stage": 0,
        "context": null
    },
    {
        "key": "develop_dwarftail_chromium_deposits_3_desc:0",
        "original": "With the help of new technologies and machines we can extract even more chromium from Dwarftail mines.",
        "translation": "",
        "stage": 0,
        "context": null
    },
    {
        "key": "decision_cost_air_xp_100_pp_30:0",
        "original": "£air_experience  §Y100§! £pol_power  §Y30§!",
        "translation": "",
        "stage": 0,
        "context": null
    },
    {
        "key": "decision_cost_air_xp_100_pp_30_blocked:0",
        "original": "£air_experience  §R100§! £pol_power  §R30§!",
        "translation": "",
        "stage": 0,
        "context": null
    },
    {
        "key": "decision_cost_air_xp_100_pp_30_tooltip:0",
        "original": "It costs [This.GetDecisionCostAirXP100PP30] to take the decision",
        "translation": "",
        "stage": 0,
        "context": null
    },
    {
        "key": "decision_cost_navy_xp_50_air_xp_5_pp_15:0",
        "original": "£navy_experience  §Y50§! £air_experience  §Y5§! £pol_power  §Y15§!",
        "translation": "",
        "stage": 0,
        "context": null
    },
    {
        "key": "decision_cost_navy_xp_50_air_xp_5_pp_15_blocked:0",
        "original": "£navy_experience  §R50§! £air_experience  §R5§! £pol_power  §R15§!",
        "translation": "",
        "stage": 0,
        "context": null
    },
    {
        "key": "decision_cost_navy_xp_50_air_xp_5_pp_15_tooltip:0",
        "original": "It costs [This.GetDecisionCostNavyXP50AirXP5PP15] to take the decision",
        "translation": "",
        "stage": 0,
        "context": null
    },
    {
        "key": "decision_cost_army_xp_125:0",
        "original": "£army_experience  §Y125§!",
        "translation": "",
        "stage": 0,
        "context": null
    },
    {
        "key": "decision_cost_army_xp_125_blocked:0",
        "original": "£army_experience  §R125§!",
        "translation": "",
        "stage": 0,
        "context": null
    },
    {
        "key": "decision_cost_army_xp_125_tooltip:0",
        "original": "It costs [This.GetDecisionCostArmyXP125] to take the decision",
        "translation": "",
        "stage": 0,
        "context": null
    },
    {
        "key": "decision_cost_500_guns_100_pp:0",
        "original": "£infequip_text  §Y500§! £pol_power  §Y100§!",
        "translation": "",
        "stage": 0,
        "context": null
    },
    {
        "key": "decision_cost_500_guns_100_pp_blocked:0",
        "original": "£infequip_text  §R500§! £pol_power  §R100§!",
        "translation": "",
        "stage": 0,
        "context": null
    },
    {
        "key": "decision_cost_500_guns_100_pp_tooltip:0",
        "original": "It costs [This.GetDecisionCostEquipment500PP100] to take the decision",
        "translation": "",
        "stage": 0,
        "context": null
    },
    {
        "key": "decision_cost_750_guns_50_pp:0",
        "original": "£infequip_text  §Y750§! £pol_power  §Y50§!",
        "translation": "",
        "stage": 0,
        "context": null
    },
    {
        "key": "decision_cost_750_guns_50_pp_blocked:0",
        "original": "£infequip_text  §R750§! £pol_power  §R50§!",
        "translation": "",
        "stage": 0,
        "context": null
    },
    {
        "key": "decision_cost_750_guns_50_pp_tooltip:0",
        "original": "It costs [This.GetDecisionCostEquipment750PP50] to take the decision",
        "translation": "",
        "stage": 0,
        "context": null
    },
    {
        "key": "decision_cost_750_guns_100_pp:0",
        "original": "£infequip_text  §Y750§! £pol_power  §Y100§!",
        "translation": "",
        "stage": 0,
        "context": null
    },
    {
        "key": "decision_cost_750_guns_100_pp_blocked:0",
        "original": "£infequip_text  §R750§! £pol_power  §R100§!",
        "translation": "",
        "stage": 0,
        "context": null
    },
    {
        "key": "decision_cost_750_guns_100_pp_tooltip:0",
        "original": "It costs [This.GetDecisionCostEquipment750PP100] to take the decision",
        "translation": "",
        "stage": 0,
        "context": null
    },
    {
        "key": "decision_cost_food_75_pp_25:0",
        "original": "£wheat_texticon §Y75§! £pol_power  §Y25§!",
        "translation": "",
        "stage": 0,
        "context": null
    },
    {
        "key": "decision_cost_food_75_pp_25_blocked:0",
        "original": "£wheat_texticon §R75§! £pol_power  §R25§!",
        "translation": "",
        "stage": 0,
        "context": null
    },
    {
        "key": "decision_cost_food_75_pp_25_tooltip:0",
        "original": "It costs [This.GetDecisionCostFood75PP25] to take the decision",
        "translation": "",
        "stage": 0,
        "context": null
    },
    {
        "key": "decision_cost_3_stability:0",
        "original": "£stability_texticon  §Y3%§!",
        "translation": "",
        "stage": 0,
        "context": null
    },
    {
        "key": "decision_cost_3_stability_blocked:0",
        "original": "£stability_texticon  §R3%§!",
        "translation": "",
        "stage": 0,
        "context": null
    },
    {
        "key": "decision_cost_3_stability_tooltip:0",
        "original": "It costs [This.GetDecisionCostStability3] to take the decision",
        "translation": "",
        "stage": 0,
        "context": null
    }
]