[
    {
        "key": "AIR_WING_NAME_EQS_GENERIC:0",
        "original": "$NR$. $NAME$",
        "translation": "",
        "stage": -1,
        "context": null
    },
    {
        "key": "AIR_WING_NAME_EQS_FALLBACK:0",
        "original": "No. $NUMBER$ Squadron RAF",
        "translation": "RAF 제 $NUMBER$ 비행대대 ",
        "stage": 1,
        "context": null
    },
    {
        "key": "AIR_WING_NAME_EQS_CARRIER:0",
        "original": "$NR$ $NAME$",
        "translation": "",
        "stage": -1,
        "context": null
    },
    {
        "key": "AIR_WING_NAME_CHN_FALLBACK:0",
        "original": "$TYPE$ $NUMBER$",
        "translation": "",
        "stage": -1,
        "context": null
    },
    {
        "key": "AIR_WING_NAME_CHN_GENERIC:0",
        "original": "$NAME$ $NR$",
        "translation": "",
        "stage": -1,
        "context": null
    },
    {
        "key": "AIR_WING_NAME_OLE_FALLBACK:0",
        "original": "Lentorykmentti $NUMBER$",
        "translation": "비행연대 $NUMBER$",
        "stage": 1,
        "context": null
    },
    {
        "key": "AIR_WING_NAME_OLE_BOMBER:0",
        "original": "$NR$. $NAME$",
        "translation": "",
        "stage": -1,
        "context": null
    }
]