[
    {
        "key": "raiding.100.t:0",
        "original": "Incoming Raid!",
        "translation": "습격 경고!",
        "stage": 1,
        "context": null
    },
    {
        "key": "raiding.100.d:0",
        "original": "Urgent news have arrived from [?defender_state_vs_@FROM.GetName], one of our border states! A marauding army from [From.GetName] has crossed the boundaries between our two nations and has engaged in looting, pillaging and burning down local settlements. Should we divert some of the troops from the frontline to handle this incursion?",
        "translation": "접경지 [?defender_state_vs_@FROM.GetName]에서 긴급한 소식을 전해왔습니다! [From.GetName] 국군이 국경을 넘어 물건을 약탈하고 거주지를 불태우고 있습니다. 평소라면 지역 방위군을 풀어 저지했겠지만 지금은 다른 외세와 전쟁을 치루고 있어 대응하기 힘듭니다. 전방에 나간 일부 병력을 이 지역으로 이동시켜 칩입을 저지해야하지 않을까요?",
        "stage": 1,
        "context": null
    },
    {
        "key": "raiding.100.a:0",
        "original": "Protect the civilians, protect our towns!",
        "translation": "국민과 우리 마을을 지켜라!",
        "stage": 1,
        "context": null
    },
    {
        "key": "raiding.100.b:0",
        "original": "Unfortunately, we cannot spare any soldiers...",
        "translation": "안타깝게도 남은 병력이 없습니다...",
        "stage": 1,
        "context": null
    },
    {
        "key": "raiding.1.t:0",
        "original": "Successful Raid!",
        "translation": "습격 성공!",
        "stage": 1,
        "context": null
    },
    {
        "key": "raiding.1.d:0",
        "original": "Our prey was no match for our fierce warriors, and they've dispersed after a quick and decisive assault. Our raiding parties return home, with plentiful plunder!",
        "translation": "맹렬한 우리 전사들과 사냥감은 급이 달랐습니다. 그들은 우리의 날렵한 일격을 받고 사라져버렸습니다. 습격자들이 수 많은 약탈품을 손에 든 체 집으로 돌아오고 있습니다!",
        "stage": 1,
        "context": null
    },
    {
        "key": "raiding.1.a:0",
        "original": "Tonight, we feast and drink!",
        "translation": "오늘 밤, 술과 연회를 즐겨라!",
        "stage": 1,
        "context": null
    },
    {
        "key": "raiding.2.t:0",
        "original": "Raid Cancelled",
        "translation": "습격 취소",
        "stage": 1,
        "context": null
    },
    {
        "key": "raiding.2.d:0",
        "original": "Despite our initial thoughts and expectations, the enemy has put up quite a good fight, so much, in fact, that our commanders have decided to pull back and cancel the entire raid.",
        "translation": "우리의 예상과 다르게 적의 세력은 만만치 않았기에 지휘관들은 후퇴한 뒤 습격을 취소하기로 결정했습니다.",
        "stage": 1,
        "context": null
    },
    {
        "key": "raiding.2.a:0",
        "original": "We just weren't prepared...",
        "translation": "준비가 부족했어...",
        "stage": 1,
        "context": null
    },
    {
        "key": "raiding.3.t:0",
        "original": "Failed Raid",
        "translation": "습격 실패",
        "stage": 1,
        "context": null
    },
    {
        "key": "raiding.3.d:0",
        "original": "Despite our best efforts, we couldn't manage to break through the enemy positions. Many of our warriors died, yet nothing was gained.",
        "translation": "최선을 다했지만 적의 세력을 돌파할 순 없었습니다. 수 많은 전사를 잃었으나 돌아온 건 없었습니다.",
        "stage": 1,
        "context": null
    },
    {
        "key": "raiding.3.a:0",
        "original": "Don't worry, we'll get 'em next time.",
        "translation": "걱정마시오, 우리에겐 다음이 있으니.",
        "stage": 1,
        "context": null
    },
    {
        "key": "raiding.5.t:0",
        "original": "Successful Defence",
        "translation": "방어 성공",
        "stage": 1,
        "context": null
    },
    {
        "key": "raiding.5.d:0",
        "original": "The enemy raiders were met with full force and, after some skirmishing, they retreated back behind their own borders. Did they not expect us to put up a fight, or what?",
        "translation": "우리 군과 만난 습격자들은 짧은 교전 끝에 국경 밖으로 후퇴했습니다. 우리가 반격할거란 상상은 못 했던 걸까요?",
        "stage": 1,
        "context": null
    },
    {
        "key": "raiding.5.a:0",
        "original": "Cowards!",
        "translation": "겁쟁이들!",
        "stage": 1,
        "context": null
    },
    {
        "key": "raiding.6.t:0",
        "original": "Successful Defence",
        "translation": "방어 성공",
        "stage": 1,
        "context": null
    },
    {
        "key": "raiding.6.d:0",
        "original": "The enemy raiding party has been hit hard and pushed back outside of our borders. Undoubtedly, they're unlikely to try that again.",
        "translation": "습격자들은 맹공을 받아 국경 밖으로 밀려나갔습니다. 아무래도 두번 다시 돌아올 것 같진 않군요.",
        "stage": 1,
        "context": null
    },
    {
        "key": "raiding.6.a:0",
        "original": "Look at the bastards run!",
        "translation": "도망치는 저 찌질이들을 보아라!",
        "stage": 1,
        "context": null
    },
    {
        "key": "raiding.7.t:0",
        "original": "Caravans Looted",
        "translation": "카라반 약탈됨",
        "stage": 1,
        "context": null
    },
    {
        "key": "raiding.7.d:0",
        "original": "The enemy has managed to break through and ambush a friendly caravan, taking with them all of the riches and slaughtering the accompanying merchants.",
        "translation": "매복에 성공한 적이 선한 카라반의 귀중품을 약탈하고 동행하던 상인을 죽였습니다.",
        "stage": 1,
        "context": null
    },
    {
        "key": "raiding.7.a:0",
        "original": "Curses!",
        "translation": "저주 받을 녀석들!",
        "stage": 1,
        "context": null
    },
    {
        "key": "raiding.8.t:0",
        "original": "Garrison Slaughtered",
        "translation": "주둔지 몰살",
        "stage": 1,
        "context": null
    },
    {
        "key": "raiding.8.d:0",
        "original": "Somehow, the enemy raiders have managed to break through our defences. Even worse, they have managed to take out an entire garrison of troops. This is an embarrassment to our armed forces!",
        "translation": "어찌된 일인지 습격자들이 우리의 방어체계를 뛰어넘었습니다. 더 끔찍한 건 주둔지 병력을 몰살시켰다는거죠. 이건 우리 군의 치욕입니다!",
        "stage": 1,
        "context": null
    },
    {
        "key": "raiding.8.a:0",
        "original": "How could this happen!?",
        "translation": "어찌 이런 일이!?",
        "stage": 1,
        "context": null
    },
    {
        "key": "raiding.9.t:0",
        "original": "Manufactory Destroyed",
        "translation": "제조소 파괴됨",
        "stage": 1,
        "context": null
    },
    {
        "key": "raiding.9.d:0",
        "original": "Enemy forces have managed to slip past our defences and raided one of our manufactories. After a quick review, the workers reported that many of their tools were stolen and much of the machinery was broken.",
        "translation": "적군이 방어망을 빠져나가 제조소를 습격했습니다. 노동자가 보낸 보고에 따르면 많은 도구가 약탈당했고 기계 여럿이 고장났다합니다.",
        "stage": 1,
        "context": null
    },
    {
        "key": "raiding.9.a:0",
        "original": "We'll kill the bastards for this!",
        "translation": "찌질이들 전부 죽여주마!",
        "stage": 1,
        "context": null
    },
    {
        "key": "raiding.10.t:0",
        "original": "Armouries Looted",
        "translation": "무기고 약탈됨\"",
        "stage": 1,
        "context": null
    },
    {
        "key": "raiding.10.d:0",
        "original": "The enemy has broken through and looted one of our armouries behind the frontline. They've taken as many guns as they could carry!",
        "translation": "적군이 들어와 후방 무기고를 약탈했습니다. 가능한 모든 화기를 가져간 것 같습니다!",
        "stage": 1,
        "context": null
    },
    {
        "key": "raiding.10.a:0",
        "original": "Accursed vagabonds!",
        "translation": "저주받을 부랑자놈들!",
        "stage": 1,
        "context": null
    },
    {
        "key": "raiding.11.t:0",
        "original": "Villages Slaughtered",
        "translation": "마을 학살",
        "stage": 1,
        "context": null
    },
    {
        "key": "raiding.11.d:0",
        "original": "Horrible news! Hostile raiders have reportedly broken through several gaps in our defences and entered nearby towns and villages. During the ensuing panic, these soldiers burnt down houses and shot down innocent villagers before finally retreating from the crime scene.",
        "translation": "끔찍한 소식입니다! 흉포한 습격자들이 방위망을 뚫고 근접한 마을에 침범했다고 합니다. 이들은 마을에서 도망치기 전 무고한 주민들을 죽이고 집을 불태웠습니다.",
        "stage": 1,
        "context": null
    },
    {
        "key": "raiding.11.a:0",
        "original": "What sort of animals could do this...",
        "translation": "짐승만도 못한 놈들\"...",
        "stage": 1,
        "context": null
    },
    {
        "key": "raiding_category:0",
        "original": "Raiding",
        "translation": "습격 중",
        "stage": 1,
        "context": null
    },
    {
        "key": "raiding_category_desc:0",
        "original": "The people of the §Y[Root.GetName]§! have long since embraced banditry, looting and raiding as a way of life, as such we can organise §Rraids§! into the territory of our neighbours to acquire £loot_text §YLoot§!.\\n\\nWe currently have §G[?loot|0]§! piles of £loot_text §YLoot§!.\\n",
        "translation": "",
        "stage": 0,
        "context": null
    },
    {
        "key": "prepare_raid:0",
        "original": "Prepare a Raid on §Y[From.GetName]§!\\n",
        "translation": "",
        "stage": 0,
        "context": null
    },
    {
        "key": "prepare_raid_desc:0",
        "original": "§WThe raid will be organised in §Y30 days§! at which point it can be launched from the§! §Cdecision§! §Wmenu§!\\n",
        "translation": "",
        "stage": 0,
        "context": null
    },
    {
        "key": "initiate_raid:0",
        "original": "Initiate a Raid on §Y[From.GetName]§!\\n",
        "translation": "",
        "stage": 0,
        "context": null
    },
    {
        "key": "initiate_raid_desc:0",
        "original": "Launch a raid against §Y[From.GetName]§!. After the raid is complete, it will take §Y4 months§! before we can embark upon another raid.\\n",
        "translation": "",
        "stage": 0,
        "context": null
    },
    {
        "key": "fresh_blood:0",
        "original": "Fresh Blood",
        "translation": "",
        "stage": 0,
        "context": null
    },
    {
        "key": "divide_loot:0",
        "original": "Divide the Loot",
        "translation": "",
        "stage": 0,
        "context": null
    },
    {
        "key": "toasters:0",
        "original": "Invest Our Loot",
        "translation": "",
        "stage": 0,
        "context": null
    },
    {
        "key": "gun_factory:0",
        "original": "Stock the Armouries",
        "translation": "",
        "stage": 0,
        "context": null
    },
    {
        "key": "raid_failed:0",
        "original": "Failed Raid",
        "translation": "레이드 실패",
        "stage": 1,
        "context": null
    },
    {
        "key": "raid_succeeded:0",
        "original": "Successful Raid",
        "translation": "레이드 성공",
        "stage": 1,
        "context": null
    },
    {
        "key": "raid_in_progress:0",
        "original": "Raid in progress",
        "translation": "레이드 진행 중",
        "stage": 1,
        "context": null
    },
    {
        "key": "loot_tp:0",
        "original": "Gain §G[?temp_loot|0]§! piles of £loot_text §YLoot§!.\\n",
        "translation": "",
        "stage": 0,
        "context": null
    },
    {
        "key": "more_than_1_loot_tp:0",
        "original": "Has at least §Y2§! piles of £loot_text §YLoot§!.\\n",
        "translation": "",
        "stage": 0,
        "context": null
    },
    {
        "key": "more_than_4_loot_tp:0",
        "original": "Has at least §Y5§! piles of £loot_text §YLoot§!.\\n",
        "translation": "",
        "stage": 0,
        "context": null
    },
    {
        "key": "BAN_TT_1_loot:0",
        "original": "Gain §G1§! pile of £loot_text  §YLoot§!.\\n",
        "translation": "",
        "stage": 0,
        "context": null
    },
    {
        "key": "BAN_TT_2_loot:0",
        "original": "Gain §G2§! piles of £loot_text §YLoot§!.\\n",
        "translation": "",
        "stage": 0,
        "context": null
    },
    {
        "key": "BAN_TT_4_loot:0",
        "original": "Gain §G4§! piles of £loot_text §YLoot§!.\\n",
        "translation": "",
        "stage": 0,
        "context": null
    },
    {
        "key": "BAN_TT_6_loot:0",
        "original": "Gain §G6§! piles of £loot_text §YLoot§!.\\n",
        "translation": "",
        "stage": 0,
        "context": null
    },
    {
        "key": "BAN_TT_lost_2_loot:0",
        "original": "Remove §R2§! piles of £loot_text §YLoot§!.\\n",
        "translation": "",
        "stage": 0,
        "context": null
    },
    {
        "key": "BAN_TT_lost_4_loot:0",
        "original": "Remove §R4§! piles of £loot_text §YLoot§!.\\n",
        "translation": "",
        "stage": 0,
        "context": null
    },
    {
        "key": "temp_loot:0",
        "original": "GLoot§!\\n\\n",
        "translation": "",
        "stage": 0,
        "context": null
    },
    {
        "key": "loot:0",
        "original": "GLoot§!\\n\\n",
        "translation": "",
        "stage": 0,
        "context": null
    }
]