[
    {
        "key": "generic_folder:0",
        "original": "Magical Technologies",
        "translation": "마법 기술",
        "stage": 1,
        "context": null
    },
    {
        "key": "generic_folder_desc:0",
        "original": "Magical technologies.",
        "translation": "마법 기술",
        "stage": 1,
        "context": null
    },
    {
        "key": "magical_bonus:0",
        "original": "Magical technology bonus",
        "translation": "마법 기술 보너스",
        "stage": 1,
        "context": null
    },
    {
        "key": "race_bonus:0",
        "original": "Race-specific technology bonus",
        "translation": "종족별 기술 보너스",
        "stage": 1,
        "context": null
    },
    {
        "key": "category_all_planes:0",
        "original": "All Airplanes",
        "translation": "모든 항공기",
        "stage": 1,
        "context": null
    },
    {
        "key": "category_all_artillery:0",
        "original": "All Artillery",
        "translation": "모든 포",
        "stage": 1,
        "context": null
    },
    {
        "key": "category_all_at:0",
        "original": "All Anti-Tank Artillery",
        "translation": "모든 대전차포",
        "stage": 1,
        "context": null
    },
    {
        "key": "category_all_aa:0",
        "original": "All Anti-Air Artillery",
        "translation": "모든 대공포",
        "stage": 1,
        "context": null
    },
    {
        "key": "cat_anti_air:0",
        "original": "Anti-Air",
        "translation": "대공포",
        "stage": 1,
        "context": null
    },
    {
        "key": "category_mechanical:0",
        "original": "All Mechanical Battalions",
        "translation": "모든 기계화 대대",
        "stage": 1,
        "context": null
    },
    {
        "key": "TITLE_GENERIC_SOCIETY_MAGIC_SUBTITLE:0",
        "original": "SOCIETY",
        "translation": "",
        "stage": 0,
        "context": null
    },
    {
        "key": "TITLE_GENERIC_MILITARY_MAGIC_SUBTITLE:0",
        "original": "MILITARY",
        "translation": "",
        "stage": 0,
        "context": null
    },
    {
        "key": "generic_race:0",
        "original": "Generic Race",
        "translation": "일반 종족",
        "stage": 1,
        "context": null
    },
    {
        "key": "percentage_increase_notice:0",
        "original": "§YThe large percentage increases are necessary due to a workaround (a very small value is multiplied by a very large percentage). The actual values are much smaller than the percentages might imply.§!",
        "translation": "§Y이 어마어마한 퍼센트 값은 실제로는 매우 작은 초기값을 크게 증가시키기 위해서 적용된 것입니다. 실제 값은 이 퍼센트값으로 추정할 수 있는 수치보다 훨씬 작습니다.§!",
        "stage": 1,
        "context": null
    },
    {
        "key": "tech_generic_misc:0",
        "original": "Magical Industry",
        "translation": "마법 산업",
        "stage": 1,
        "context": null
    },
    {
        "key": "tech_generic_misc_desc:0",
        "original": "Combining the subtle, capricious nature of magic with the regimented precision of industrial machinery presents great challenges, but even greater benefits.",
        "translation": "",
        "stage": 0,
        "context": null
    },
    {
        "key": "tech_generic_misc2:0",
        "original": "Magical Excavation",
        "translation": "마법 채굴",
        "stage": 1,
        "context": null
    },
    {
        "key": "tech_generic_misc2_desc:0",
        "original": "Individual artisans have long used magical intuition to identify and find rare gems and materials. By integrating these specialists into industrial excavation teams, seams can be located and dug more efficiently.",
        "translation": "",
        "stage": 0,
        "context": null
    },
    {
        "key": "tech_generic_misc3:0",
        "original": "Magical Supply Chains",
        "translation": "마법 보급선",
        "stage": 1,
        "context": null
    },
    {
        "key": "tech_generic_misc3_desc:0",
        "original": "Whilst bulk food and supplies continue to be delivered by the humble unmagical crate, magical enchantments can be used to prevent food spoilage, keep ammunition dry, sort items, and mark (or conceal) supply caches.",
        "translation": "",
        "stage": 0,
        "context": null
    },
    {
        "key": "tech_generic_misc_a:0",
        "original": "Magical Construction",
        "translation": "마법 건설",
        "stage": 1,
        "context": null
    },
    {
        "key": "tech_generic_misc_a_desc:0",
        "original": "Lacking telepathic magic, we have had to find more nuanced magical support for construction. By using enchantments and potions to adhere, insulate, protect and strengthen we can use cheaper construction materials, reduce manual labour, and do more with less.",
        "translation": "",
        "stage": 0,
        "context": null
    },
    {
        "key": "tech_generic_misc_b:0",
        "original": "Magical Computing",
        "translation": "마법 컴퓨팅",
        "stage": 1,
        "context": null
    },
    {
        "key": "tech_generic_misc_b_desc:0",
        "original": "Our electronic efforts have so far focused on the use of bulky vacuum tubes to process electrical signals. But with the increasing industrialisation and precision of magical materials science, we can imbue simpler, common materials with the necessary conductive properties and skip the need for a vacuum entirely.",
        "translation": "",
        "stage": 0,
        "context": null
    },
    {
        "key": "tech_generic_misc_c:0",
        "original": "Magical Cryptography",
        "translation": "마법 암호화",
        "stage": 1,
        "context": null
    },
    {
        "key": "tech_generic_misc_c_desc:0",
        "original": "The potential of magic in divination to predict, intuit and interpret is well known. By using divination to test our own codes, we can identify codes that are unpredictable, opaque, and incomprehensible to the enemy.",
        "translation": "",
        "stage": 0,
        "context": null
    },
    {
        "key": "tech_generic_l:0",
        "original": "Magical Equipment Improvements",
        "translation": "마법 장비 향상",
        "stage": 1,
        "context": null
    },
    {
        "key": "tech_generic_l_desc:0",
        "original": "Although our primary weapons are already at the forefront of our efforts, supporting kit and smaller personal weaponry has room for improvement. Minor protective enchantments and magical weapon mechanisms can make supporting kit more useful in close combat and on the move, with a remarkably low rate of magical backfires or breakages.",
        "translation": "",
        "stage": 0,
        "context": null
    },
    {
        "key": "tech_generic_r:0",
        "original": "Special Forces Magic Training",
        "translation": "특수부대 마법 훈련",
        "stage": 1,
        "context": null
    },
    {
        "key": "tech_generic_r_desc:0",
        "original": "Special Forces rely on the flexibility provided by their specialist equipment. Equipping and training them in the use of a variety of potions, enchantments and cantrips can ensure there is always a tool for every situation. Some of the more universal tools can be supplied to our magical troops too.",
        "translation": "",
        "stage": 0,
        "context": null
    },
    {
        "key": "tech_generic_l2:0",
        "original": "Magical Artillery Munitions",
        "translation": "마법 포탄",
        "stage": 1,
        "context": null
    },
    {
        "key": "tech_generic_l2_desc:0",
        "original": "Whilst magic is too valuable to waste on millions of bullets, and too unstable to use on enhancing explosive power, a very weak summoning cantrip can be repurposed to tug artillery shells slightly towards living creatures whilst in flight, providing small but significant increases in accuracy.",
        "translation": "",
        "stage": 0,
        "context": null
    },
    {
        "key": "tech_generic_r2:0",
        "original": "Magical Naval Armaments",
        "translation": "마법 해군",
        "stage": 1,
        "context": null
    },
    {
        "key": "tech_generic_r2_desc:0",
        "original": "The ambient magical energy around land is different from the energy around large bodies of flat water, and thus many of our  precision magical equipment enhancements perform poorly at sea. By designing marine variants of these enhancements, we can see that our fleets benefit as well.",
        "translation": "",
        "stage": 0,
        "context": null
    },
    {
        "key": "tech_generic_l3:0",
        "original": "Magical Fuel Additives",
        "translation": "",
        "stage": 0,
        "context": null
    },
    {
        "key": "tech_generic_l3_desc:0",
        "original": "Adding a magical kick to fuel is considerably less dangerous than trying to add them to explosives. With some minor changes to our refining processes, we can improve engine power and speed on our vehicles.",
        "translation": "",
        "stage": 0,
        "context": null
    },
    {
        "key": "tech_generic_r3:0",
        "original": "Magical Airplane Fuel Additives",
        "translation": "",
        "stage": 0,
        "context": null
    },
    {
        "key": "tech_generic_r3_desc:0",
        "original": "Planes live and die on their ability to move maneuver quickly in combat, and their engines and fuels are designed accordingly. By magically enhancing fuel we can improve that edge further.",
        "translation": "",
        "stage": 0,
        "context": null
    },
    {
        "key": "tech_generic_l4:0",
        "original": "Magical Shields",
        "translation": "",
        "stage": 0,
        "context": null
    },
    {
        "key": "tech_generic_l4_tp:0",
        "original": "   Fort§!\\n     Defence: §G+7%§!§W",
        "translation": "",
        "stage": 0,
        "context": null
    },
    {
        "key": "tech_generic_l4_desc:0",
        "original": "Whilst the griffons' achievements in enchanted personal armour are too expensive and complex to reliably duplicate, we can adapt some of their design principles to cheaply improve the shielding on our fortifications.",
        "translation": "",
        "stage": 0,
        "context": null
    },
    {
        "key": "tech_generic_r4:0",
        "original": "Magical Explosives",
        "translation": "",
        "stage": 0,
        "context": null
    },
    {
        "key": "tech_generic_r4_tp:0",
        "original": "   Fort§!\\n     Attack: §G+7%§!§W",
        "translation": "",
        "stage": 0,
        "context": null
    },
    {
        "key": "tech_generic_r4_desc:0",
        "original": "The words impossible, dangerous, or insane have often been used to describe the idea of combining volatile magic and explosive chemicals. Our scientists have disproven the testimony of neighsayers and charred outlines alike, succeeding in a limited implementation in our heaviest, anti fortification shells.",
        "translation": "",
        "stage": 0,
        "context": null
    },
    {
        "key": "tech_generic_l5:0",
        "original": "Magically-aided C&C",
        "translation": "",
        "stage": 0,
        "context": null
    },
    {
        "key": "tech_generic_l5_desc:0",
        "original": "Unlike ponies, we must manage our large armies with the delivered letter, transmitted signal and of course the spoken word. Whilst magic cannot replace these methods, they can improve on them, from magical seals and identifications for our letters, protective charms on our frail transmission lines, and even spells to boost the voice of an officer or food additives to enhance the courage of a wavering battalion.",
        "translation": "",
        "stage": 0,
        "context": null
    },
    {
        "key": "tech_generic_r5:0",
        "original": "Magically-aided Administration",
        "translation": "",
        "stage": 0,
        "context": null
    },
    {
        "key": "tech_generic_r5_desc:0",
        "original": "Whilst magic capable of abolishing red tape and bureaucracy remains elusive, our bureaucrats paint a vision of the magical offices of the future - with self refilling inkwells, rubber stamps that can deny forms automatically, and submission boxes that are enchanted to repel any paperwork not possessing a triplicate signature...",
        "translation": "",
        "stage": 0,
        "context": null
    },
    {
        "key": "race_tech:0",
        "original": "Race-specific technology",
        "translation": "",
        "stage": 0,
        "context": null
    },
    {
        "key": "magical_tech:0",
        "original": "Magical Technology",
        "translation": "",
        "stage": 0,
        "context": null
    },
    {
        "key": "signal_company_tech:0",
        "original": "Signal Company",
        "translation": "",
        "stage": 0,
        "context": null
    },
    {
        "key": "maintenance_company_tech:0",
        "original": "Maintenance Company",
        "translation": "",
        "stage": 0,
        "context": null
    },
    {
        "key": "military_police_tech:0",
        "original": "Military Police",
        "translation": "",
        "stage": 0,
        "context": null
    },
    {
        "key": "magical_weapons_marine:0",
        "original": "Magical Weapons for Marines (workaround, ignore)",
        "translation": "",
        "stage": 0,
        "context": null
    },
    {
        "key": "magical_weapons_mountaineers:0",
        "original": "Magical Weapons for Mountaineers (workaround, ignore)",
        "translation": "",
        "stage": 0,
        "context": null
    },
    {
        "key": "magical_weapons_paratrooper:0",
        "original": "Magical Weapons for Paratroopers (workaround, ignore)",
        "translation": "",
        "stage": 0,
        "context": null
    },
    {
        "key": "magical_weapons_jager:0",
        "original": "Magical Weapons for Jagers (workaround, ignore)",
        "translation": "",
        "stage": 0,
        "context": null
    },
    {
        "key": "magical_weapons_pegasi:0",
        "original": "Magical Weapons for Pegasi (workaround, ignore)",
        "translation": "",
        "stage": 0,
        "context": null
    },
    {
        "key": "magical_weapons_ironpaws:0",
        "original": "Magical Weapons for Ironpaws (workaround, ignore)",
        "translation": "",
        "stage": 0,
        "context": null
    },
    {
        "key": "infantry_weapons_marine:0",
        "original": "Infantry Weapons for Marines (workaround, ignore)",
        "translation": "",
        "stage": 0,
        "context": null
    },
    {
        "key": "infantry_weapons_mountaineers:0",
        "original": "Infantry Weapons for Mountaineers (workaround, ignore)",
        "translation": "",
        "stage": 0,
        "context": null
    },
    {
        "key": "infantry_weapons_paratrooper:0",
        "original": "Infantry Weapons for Paratroopers (workaround, ignore)",
        "translation": "",
        "stage": 0,
        "context": null
    },
    {
        "key": "infantry_weapons_jager:0",
        "original": "Infantry Weapons for Jagers (workaround, ignore)",
        "translation": "",
        "stage": 0,
        "context": null
    },
    {
        "key": "infantry_weapons_pegasi:0",
        "original": "Infantry Weapons for Pegasi (workaround, ignore)",
        "translation": "",
        "stage": 0,
        "context": null
    },
    {
        "key": "infantry_weapons_ironpaws:0",
        "original": "Infantry Weapons for Ironpaws (workaround, ignore)",
        "translation": "",
        "stage": 0,
        "context": null
    },
    {
        "key": "magical_weapons_knights:0",
        "original": "Magical Weapons for Knights (workaround, ignore)",
        "translation": "",
        "stage": 0,
        "context": null
    },
    {
        "key": "infantry_weapons_knights:0",
        "original": "Infantry Weapons for Knights (workaround, ignore)",
        "translation": "",
        "stage": 0,
        "context": null
    },
    {
        "key": "magical_weapons_unicorn_company:0",
        "original": "Magical Weapons for Unicorn Companies (workaround, ignore)",
        "translation": "",
        "stage": 0,
        "context": null
    },
    {
        "key": "infantry_weapons_unicorn_company:0",
        "original": "Infantry Weapons for Unicorn Companies (workaround, ignore)",
        "translation": "",
        "stage": 0,
        "context": null
    },
    {
        "key": "magical_weapons_infiltrator_company:0",
        "original": "Magical Weapons for Infiltrator Companies (workaround, ignore)",
        "translation": "",
        "stage": 0,
        "context": null
    },
    {
        "key": "infantry_weapons_infiltrator_company:0",
        "original": "Infantry Weapons for Infiltrator Companies (workaround, ignore)",
        "translation": "",
        "stage": 0,
        "context": null
    },
    {
        "key": "magical_weapons_mechanized:0",
        "original": "Magical Weapons for Mechanized (workaround, ignore)",
        "translation": "",
        "stage": 0,
        "context": null
    },
    {
        "key": "magical_weapons_motorized:0",
        "original": "Magical Weapons for Motorized (workaround, ignore)",
        "translation": "",
        "stage": 0,
        "context": null
    },
    {
        "key": "berserker_charge:0",
        "original": "Berserker Charge",
        "translation": "",
        "stage": 0,
        "context": null
    },
    {
        "key": "froggriffs:0",
        "original": "Froggriffs",
        "translation": "",
        "stage": 0,
        "context": null
    },
    {
        "key": "ded_width:0",
        "original": "Undead Hordes",
        "translation": "",
        "stage": 0,
        "context": null
    },
    {
        "key": "guerrila_warfare_enable:0",
        "original": "Guerrilla Warfare",
        "translation": "",
        "stage": 0,
        "context": null
    },
    {
        "key": "WIT_Mountaineer_Tech:0",
        "original": "The New Wittenland Standing Army",
        "translation": "",
        "stage": 0,
        "context": null
    },
    {
        "key": "NIM_funny_tech:0",
        "original": "Nimbusian Training",
        "translation": "",
        "stage": 0,
        "context": null
    },
    {
        "key": "yak_race:0",
        "original": "Yak Race",
        "translation": "",
        "stage": 0,
        "context": null
    },
    {
        "key": "undead_race:0",
        "original": "Undead Race",
        "translation": "",
        "stage": 0,
        "context": null
    },
    {
        "key": "buffalo_race:0",
        "original": "Buffalo Race",
        "translation": "",
        "stage": 0,
        "context": null
    },
    {
        "key": "polar_race:0",
        "original": "Polar Bear Race",
        "translation": "",
        "stage": 0,
        "context": null
    },
    {
        "key": "dragon_race:0",
        "original": "Dragon Race",
        "translation": "",
        "stage": 0,
        "context": null
    },
    {
        "key": "minotaur_race:0",
        "original": "Minotaur Race",
        "translation": "",
        "stage": 0,
        "context": null
    },
    {
        "key": "penguin_race:0",
        "original": "Penguin Race",
        "translation": "",
        "stage": 0,
        "context": null
    },
    {
        "key": "cat_strategic_destruction:0",
        "original": "Strategic Destruction Doctrine",
        "translation": "",
        "stage": 0,
        "context": null
    },
    {
        "key": "CHANGELING_RECON_SPEED_BOOST_TT:0",
        "original": "\\n£unit_recon_icon_small Recon Detachment Max Speed: §G+30%§!",
        "translation": "",
        "stage": 0,
        "context": null
    },
    {
        "key": "PONY_RECON_SPEED_BOOST_TT:0",
        "original": "\\n£unit_recon_icon_small Recon Detachment Max Speed: §G+60%§!",
        "translation": "",
        "stage": 0,
        "context": null
    }
]