[
    {
        "key": "primitive_economy:0",
        "original": "Primitive Economy",
        "translation": "원시적인 경제",
        "stage": 1,
        "context": null
    },
    {
        "key": "outlaw_economy:0",
        "original": "Criminal Economy",
        "translation": "범죄 경제",
        "stage": 1,
        "context": null
    },
    {
        "key": "disrupted_communications:0",
        "original": "Disrupted Communications",
        "translation": "",
        "stage": 0,
        "context": null
    },
    {
        "key": "royal_family_imprisoned:0",
        "original": "Royal Family Imprisoned",
        "translation": "수감된 왕실 가족",
        "stage": 1,
        "context": null
    },
    {
        "key": "royal_family_imprisoned_desc:0",
        "original": "Princess Cadance and Shining Armour have been captured and imprisoned by the brutal King Sombra. Our ponies are hoping that they will emerge unharmed, and yearn for our leaders to secure their freedom, one way or another.",
        "translation": "",
        "stage": 0,
        "context": null
    },
    {
        "key": "society_idea:0",
        "original": "",
        "translation": "",
        "stage": -1,
        "context": null
    },
    {
        "key": "science_idea:0",
        "original": "",
        "translation": "",
        "stage": -1,
        "context": null
    },
    {
        "key": "EFFECT_CHANGE_LAW_society_development_idea:0",
        "original": "Change Society Development to '$NAME|Y$' which grants ($DESC$).",
        "translation": "사회 개발도를 ($DESC$) 효과를 가지는 '$NAME|Y$'으로 변경합니다.",
        "stage": 1,
        "context": null
    },
    {
        "key": "EFFECT_CHANGE_LAW_city_idea:0",
        "original": "Change Scientific Development to '$NAME|Y$' which grants ($DESC$).",
        "translation": "과학 개발도를 ($DESC$) 효과를 가지는 '$NAME|Y$'으로 변경합니다.",
        "stage": 1,
        "context": null
    },
    {
        "key": "eaw_city_ideas:0",
        "original": "Development",
        "translation": "개발도",
        "stage": 1,
        "context": null
    },
    {
        "key": "society_development_idea:0",
        "original": "Society Development",
        "translation": "사회적 개발도",
        "stage": 1,
        "context": null
    },
    {
        "key": "city_idea:0",
        "original": "Scientific Development",
        "translation": "과학적 개발도",
        "stage": 1,
        "context": null
    },
    {
        "key": "everfree_resistance:0",
        "original": "Everfree Resistance",
        "translation": "에버프리 저항세력",
        "stage": 1,
        "context": null
    },
    {
        "key": "big_science_base:0",
        "original": "Substantial Science Base",
        "translation": "상당한 과학 기반",
        "stage": 1,
        "context": null
    },
    {
        "key": "big_science_base_desc:0",
        "original": "There are many talented scientists in this country, though not as many as in the most advanced nations of the world. Nevertheless they contribute much to science and regularly  participate in the global community of intellectuals.",
        "translation": "",
        "stage": 0,
        "context": null
    },
    {
        "key": "better_science_base:0",
        "original": "Small Science Base",
        "translation": "작은 과학 기반",
        "stage": 1,
        "context": null
    },
    {
        "key": "better_science_base_desc:0",
        "original": "Some philosophers and scholars in this country question traditional conceptions of nature and propose innovative explanations for how the world works. They also engage in discussion with fellow intellectuals abroad.",
        "translation": "",
        "stage": 0,
        "context": null
    },
    {
        "key": "poor_science_base:0",
        "original": "Poor Science Base",
        "translation": "나약한 과학 기반",
        "stage": 1,
        "context": null
    },
    {
        "key": "poor_science_base_desc:0",
        "original": "This country has very few intellectuals and scholars, who are primarily elders and priests. Even then, they focus primarily on recording knowledge instead of refining it or creating anything new.",
        "translation": "",
        "stage": 0,
        "context": null
    },
    {
        "key": "proper_science_base:0",
        "original": "Developed Science Base",
        "translation": "발전된 과학 기반",
        "stage": 1,
        "context": null
    },
    {
        "key": "proper_science_base_desc:0",
        "original": "The famed universities of this nation are known for having educated several exceptional individuals who have gone on and made breakthrough discoveries. Their contribution to science is appreciated around the entire world.",
        "translation": "",
        "stage": 0,
        "context": null
    },
    {
        "key": "agrarian_reforms:0",
        "original": "Agrarian Reform",
        "translation": "농업 개혁",
        "stage": 1,
        "context": null
    },
    {
        "key": "pre_industrial_society:0",
        "original": "Industrialising Society",
        "translation": "전산업 사회",
        "stage": 1,
        "context": null
    },
    {
        "key": "pre_industrial_society_desc:0",
        "original": "A society in the process of industrial revolution. New machines are imported from abroad and sometimes even manufactured domestically, allowing for far more efficient production of goods. A more extensive bureaucracy and a principle of meritocracy improve governance, economy and healthcare, allowing for the population to grow more. With less workers needed on farms, many are migrating to cities looking for work in the newly established factories. Rural landowners are losing power while urban merchants are rapidly gaining it.",
        "translation": "",
        "stage": 0,
        "context": null
    },
    {
        "key": "pre_industrial_society1:0",
        "original": "Industrialising Society",
        "translation": "전산업 사회",
        "stage": 1,
        "context": null
    },
    {
        "key": "pre_industrial_society1_desc:0",
        "original": "A society in the process of industrial revolution. New machines are imported from abroad and sometimes even manufactured domestically, allowing for far more efficient production of goods. A more extensive bureaucracy and a principle of meritocracy improve governance, economy and healthcare, allowing for the population to grow more. With less workers needed on farms, many are migrating to cities looking for work in the newly established factories. Rural landowners are losing power while urban merchants are rapidly gaining it.",
        "translation": "",
        "stage": 0,
        "context": null
    },
    {
        "key": "pre_industrial_society2:0",
        "original": "Industrialising Society",
        "translation": "전산업 사회",
        "stage": 1,
        "context": null
    },
    {
        "key": "pre_industrial_society2_desc:0",
        "original": "A society in the process of industrial revolution. New machines are imported from abroad and sometimes even manufactured domestically, allowing for far more efficient production of goods. A more extensive bureaucracy and a principle of meritocracy improve governance, economy and healthcare, allowing for the population to grow more. With less workers needed on farms, many are migrating to cities looking for work in the newly established factories. Rural landowners are losing power while urban merchants are rapidly gaining it.",
        "translation": "",
        "stage": 0,
        "context": null
    },
    {
        "key": "pre_industrial_society3:0",
        "original": "Industrialising Society",
        "translation": "전산업 사회",
        "stage": 1,
        "context": null
    },
    {
        "key": "pre_industrial_society3_desc:0",
        "original": "A society in the process of industrial revolution. New machines are imported from abroad and sometimes even manufactured domestically, allowing for far more efficient production of goods. A more extensive bureaucracy and a principle of meritocracy improve governance, economy and healthcare, allowing for the population to grow more. With less workers needed on farms, many are migrating to cities looking for work in the newly established factories. Rural landowners are losing power while urban merchants are rapidly gaining it.",
        "translation": "",
        "stage": 0,
        "context": null
    },
    {
        "key": "pre_industrial_society4:0",
        "original": "Industrialising Society",
        "translation": "전산업 사회",
        "stage": 1,
        "context": null
    },
    {
        "key": "pre_industrial_society4_desc:0",
        "original": "A society in the process of industrial revolution. New machines are imported from abroad and sometimes even manufactured domestically, allowing for far more efficient production of goods. A more extensive bureaucracy and a principle of meritocracy improve governance, economy and healthcare, allowing for the population to grow more. With less workers needed on farms, many are migrating to cities looking for work in the newly established factories. Rural landowners are losing power while urban merchants are rapidly gaining it.",
        "translation": "",
        "stage": 0,
        "context": null
    },
    {
        "key": "agrarian_society:0",
        "original": "Agrarian Society",
        "translation": "농업 사회",
        "stage": 1,
        "context": null
    },
    {
        "key": "agrarian_society_desc:0",
        "original": "An agrarian society is where a substantial portion of the populace, around 90%, is engaged in agriculture. The countryside is divided into countless small villages and towns, with only a few larger urban settlements. Because of this, rural landowners exert a considerable amount of influence. Hierarchies are strict and titles are often inherited. Production is the responsibility to crafters who often form fraternal societies otherwise known as guilds.",
        "translation": "",
        "stage": 0,
        "context": null
    },
    {
        "key": "agrarian_society2:0",
        "original": "Agrarian Society",
        "translation": "농업 사회",
        "stage": 1,
        "context": null
    },
    {
        "key": "agrarian_society2_desc:0",
        "original": "An agrarian society is where a substantial portion of the populace, around 90%, is engaged in agriculture. The countryside is divided into countless small villages and towns, with only a few larger urban settlements. Because of this, rural landowners exert a considerable amount of influence. Hierarchies are strict and titles are often inherited. Production is the responsibility to crafters who often form fraternal societies otherwise known as guilds.",
        "translation": "",
        "stage": 0,
        "context": null
    },
    {
        "key": "agrarian_society3:0",
        "original": "Agrarian Society",
        "translation": "농업 사회",
        "stage": 1,
        "context": null
    },
    {
        "key": "agrarian_society3_desc:0",
        "original": "An agrarian society is where a substantial portion of the populace, around 90%, is engaged in agriculture. The countryside is divided into countless small villages and towns, with only a few larger urban settlements. Because of this, rural landowners exert a considerable amount of influence. Hierarchies are strict and titles are often inherited. Production is the responsibility to crafters who often form fraternal societies otherwise known as guilds.",
        "translation": "",
        "stage": 0,
        "context": null
    },
    {
        "key": "agrarian_society4:0",
        "original": "Agrarian Society",
        "translation": "농업 사회",
        "stage": 1,
        "context": null
    },
    {
        "key": "agrarian_society4_desc:0",
        "original": "An agrarian society is where a substantial portion of the populace, around 90%, is engaged in agriculture. The countryside is divided into countless small villages and towns, with only a few larger urban settlements. Because of this, rural landowners exert a considerable amount of influence. Hierarchies are strict and titles are often inherited. Production is the responsibility to crafters who often form fraternal societies otherwise known as guilds.",
        "translation": "",
        "stage": 0,
        "context": null
    },
    {
        "key": "agrarian_society5:0",
        "original": "Agrarian Society",
        "translation": "농업 사회",
        "stage": 1,
        "context": null
    },
    {
        "key": "agrarian_society5_desc:0",
        "original": "An agrarian society is where a substantial portion of the populace, around 90%, is engaged in agriculture. The countryside is divided into countless small villages and towns, with only a few larger urban settlements. Because of this, rural landowners exert a considerable amount of influence. Hierarchies are strict and titles are often inherited. Production is the responsibility to crafters who often form fraternal societies otherwise known as guilds.",
        "translation": "",
        "stage": 0,
        "context": null
    },
    {
        "key": "agrarian_society6:0",
        "original": "Agrarian Society",
        "translation": "농업 사회",
        "stage": 1,
        "context": null
    },
    {
        "key": "agrarian_society6_desc:0",
        "original": "An agrarian society is where a substantial portion of the populace, around 90%, is engaged in agriculture. The countryside is divided into countless small villages and towns, with only a few larger urban settlements. Because of this, rural landowners exert a considerable amount of influence. Hierarchies are strict and titles are often inherited. Production is the responsibility to crafters who often form fraternal societies otherwise known as guilds.",
        "translation": "",
        "stage": 0,
        "context": null
    },
    {
        "key": "outdated_industry:0",
        "original": "Outdated Industrial Sector",
        "translation": "구식 산업 지구",
        "stage": 1,
        "context": null
    },
    {
        "key": "outdated_industry_desc:0",
        "original": "Despite industrialising, this nation has largely failed to keep their industrial sector up to date with more modern nations. A lack of competitiveness is hurting the economy, but it is still growing quickly, with increased production allowing for the widespread adoption of many revolutionary technologies such as telegraph wires, railroads and sewage systems. First steps to adopt the use of combustion engines and electricity are being taken.",
        "translation": "",
        "stage": 0,
        "context": null
    },
    {
        "key": "outdated_industry2:0",
        "original": "Outdated Industrial Sector",
        "translation": "구식 산업 지구",
        "stage": 1,
        "context": null
    },
    {
        "key": "outdated_industry2_desc:0",
        "original": "Despite industrialising, this nation has largely failed to keep their industrial sector up to date with more modern nations. A lack of competitiveness is hurting the economy, but it is still growing quickly, with increased production allowing for the widespread adoption of many revolutionary technologies such as telegraph wires, railroads and sewage systems. First steps to adopt the use of combustion engines and electricity are being taken.",
        "translation": "",
        "stage": 0,
        "context": null
    },
    {
        "key": "tribal_society:0",
        "original": "Tribal Society",
        "translation": "부족 사회",
        "stage": 1,
        "context": null
    },
    {
        "key": "tribal_society_desc:0",
        "original": "Loosely defined, a tribal society is one where boundaries and hierarchies are not clear. Their leaders have limited powers and are rarely hereditary. Family ties are very important, with most individuals belonging to a clan. Some of the populace relies on agriculture while most are pastoralists or hunter-gatherers. Specialized crafters, few in number, are responsible for production.",
        "translation": "",
        "stage": 0,
        "context": null
    },
    {
        "key": "communal_society:0",
        "original": "Communal Society",
        "translation": "공동체 사회",
        "stage": 1,
        "context": null
    },
    {
        "key": "communal_society_desc:0",
        "original": "This primitive society is similar to a tribal one, but ownership is primarily communal. Everything is shared, including property and resources. Hierarchies are near non-existent, with leaders primarily having a ceremonial role and most of the population being equal. Such nations are somewhat similar to communist societies in the developed parts of the world, but have no connection to their ideology and are traditional, indigenous societies.",
        "translation": "",
        "stage": 0,
        "context": null
    },
    {
        "key": "communal_society1:0",
        "original": "Communal Society",
        "translation": "공동체 사회",
        "stage": 1,
        "context": null
    },
    {
        "key": "communal_society1_desc:0",
        "original": "This primitive society is similar to a tribal one, but ownership is primarily communal. Everything is shared, including property and resources. Hierarchies are near non-existent, with leaders primarily having a ceremonial role and most of the population being equal. Such nations are somewhat similar to communist societies in the developed parts of the world, but have no connection to their ideology and are traditional, indigenous societies.",
        "translation": "",
        "stage": 0,
        "context": null
    },
    {
        "key": "modern_society:0",
        "original": "Modern Society",
        "translation": "현대 사회",
        "stage": 1,
        "context": null
    },
    {
        "key": "modern_society_desc:0",
        "original": "This nation is at the forefront of economic and industrial capabilities. Increased wages for workers are spreading wealth from the immensely prosperous capitalists to the lower classes, greatly growing the standard of living. Automation is continually increasing to the point where the service industry is rapidly growing. The citizens are healthy and prosperous for the most part, with plenty of free time to spend on entertainment such as cinema and sports.",
        "translation": "",
        "stage": 0,
        "context": null
    },
    {
        "key": "modern_society_upgrade_tooltip:0",
        "original": "Change Society Development Level to '§HModern Society§!' which removes all penalties.\\n",
        "translation": "",
        "stage": 0,
        "context": null
    },
    {
        "key": "lack_of_scientists:0",
        "original": "Mass Illiteracy",
        "translation": "대규모 문맹",
        "stage": 1,
        "context": null
    },
    {
        "key": "lack_of_scientists_desc:0",
        "original": "Due to pandemic illiteracy and a poor education system this nation's scientific capabilities are severely impaired, hence it cannot hope to make any significant scientific advances in the near future.",
        "translation": "",
        "stage": 0,
        "context": null
    },
    {
        "key": "lack_of_scientists1:0",
        "original": "Broad Illiteracy",
        "translation": "광대한 문맹",
        "stage": 1,
        "context": null
    },
    {
        "key": "lack_of_scientists1_desc:0",
        "original": "More than three quarters of the population in this nation is unable to read and many more cannot write. The amount of experts and skilled workers is relatively low.",
        "translation": "",
        "stage": 0,
        "context": null
    },
    {
        "key": "lack_of_scientists2:0",
        "original": "Modest Illiteracy",
        "translation": "보통의 문맹",
        "stage": 1,
        "context": null
    },
    {
        "key": "lack_of_scientists2_desc:0",
        "original": "Despite continued efforts half of the populace in this country remains illiterate, with many being unable to attain a higher education.",
        "translation": "",
        "stage": 0,
        "context": null
    },
    {
        "key": "lack_of_scientists3:0",
        "original": "Limited Illiteracy",
        "translation": "소수의 문맹",
        "stage": 1,
        "context": null
    },
    {
        "key": "lack_of_scientists3_desc:0",
        "original": "Less than a fourth of the population cannot read, but increasingly cheap or even free education ensures most citizens attain basic reading skills.",
        "translation": "",
        "stage": 0,
        "context": null
    },
    {
        "key": "feudalism:0",
        "original": "Enlightened Feudalism",
        "translation": "계몽된 봉건주의",
        "stage": 1,
        "context": null
    },
    {
        "key": "feudalism_desc:0",
        "original": "This country's rural population are still largely peasants with little to no rights nor say in politics.",
        "translation": "",
        "stage": 0,
        "context": null
    },
    {
        "key": "poverty:0",
        "original": "Extreme Poverty",
        "translation": "극도의 빈곤",
        "stage": 1,
        "context": null
    },
    {
        "key": "poverty_desc:0",
        "original": "This country has suffered a near total economic collapse leading to tremendous levels of poverty all across the board. Local money has become completely worthless. Crime lords dominate the land as the government cannot afford to maintain law and order. There is a mass exodus of civilians out of the country.",
        "translation": "",
        "stage": 0,
        "context": null
    },
    {
        "key": "poverty1:0",
        "original": "Severe Poverty",
        "translation": "심각한 빈곤",
        "stage": 1,
        "context": null
    },
    {
        "key": "poverty1_desc:0",
        "original": "This country is stricken by widespread poverty that especially affects the lower classes. Hunger ravages the poor who wander the land, begging for food. Cities, once humming with activity, have become quiet ghost towns. Crime is rampant as citizens become desperate.",
        "translation": "",
        "stage": 0,
        "context": null
    },
    {
        "key": "poverty2:0",
        "original": "High Poverty",
        "translation": "높은 빈곤",
        "stage": 1,
        "context": null
    },
    {
        "key": "poverty2_desc:0",
        "original": "This country has serious economic issues, with masses of destitute civilians begging on the streets. Inflation is skyrocketing and riots are commonplace. Towns are emptying as citizens either migrate abroad or seek work in the countryside. Crime rates are steadily growing.",
        "translation": "",
        "stage": 0,
        "context": null
    },
    {
        "key": "poverty3:0",
        "original": "Moderate Poverty",
        "translation": "중간의 빈곤",
        "stage": 1,
        "context": null
    },
    {
        "key": "poverty3_desc:0",
        "original": "This country has a stuttering economy, with many being unemployed and struggling to survive. The local currency is suffering from inflation. In towns, bread lines are becoming longer and longer, and many businesses are closed.",
        "translation": "",
        "stage": 0,
        "context": null
    },
    {
        "key": "poverty4:0",
        "original": "Low Poverty",
        "translation": "낮은 빈곤",
        "stage": 1,
        "context": null
    },
    {
        "key": "poverty4_desc:0",
        "original": "This country has trouble with maintaining a competitive economy, and as a result poverty rates have risen. Unemployment is growing and many citizens rely on the generosity of others.",
        "translation": "",
        "stage": 0,
        "context": null
    },
    {
        "key": "poverty5:0",
        "original": "Mild Poverty",
        "translation": "가벼운 빈곤",
        "stage": 1,
        "context": null
    },
    {
        "key": "poverty5_desc:0",
        "original": "This country's economy is mostly functional, but there is some degree of poverty. Many are unemployed for now, but should be able find work in the near future.",
        "translation": "",
        "stage": 0,
        "context": null
    },
    {
        "key": "civil_war_recovery:0",
        "original": "Recovering from a Civil War",
        "translation": "내전으로부터의 회복",
        "stage": 1,
        "context": null
    },
    {
        "key": "civil_war_recovery_desc:0",
        "original": "This country has recently experienced a civil war and needs time to recover before becoming a player on the world stage again.",
        "translation": "",
        "stage": 0,
        "context": null
    },
    {
        "key": "no_crystals_reactor_prevent:0",
        "original": "No available Crystals for Nuclear Reactors",
        "translation": "원자로에 사용 가능한 크리스탈 없음",
        "stage": 1,
        "context": null
    },
    {
        "key": "generic_race_idea:0",
        "original": "Unspecified Race",
        "translation": "미정",
        "stage": 0,
        "context": null
    },
    {
        "key": "pony_race:0",
        "original": "Pony Race",
        "translation": "포니",
        "stage": 1,
        "context": null
    },
    {
        "key": "race_pointer:0",
        "original": "Race",
        "translation": "종족",
        "stage": 1,
        "context": null
    },
    {
        "key": "GEU_united_STG:0",
        "original": "A United Nation",
        "translation": "",
        "stage": 0,
        "context": null
    },
    {
        "key": "GEU_united_STG_desc:0",
        "original": "The recent hardships faced by our nation have united us under one banner.",
        "translation": "",
        "stage": 0,
        "context": null
    },
    {
        "key": "GEU_red_dawn:0",
        "original": "The Red Dawn",
        "translation": "",
        "stage": 0,
        "context": null
    },
    {
        "key": "GEU_red_dawn_desc:0",
        "original": "The board is set, the players on the field, and the pawns in place. Who shall win?",
        "translation": "",
        "stage": 0,
        "context": null
    },
    {
        "key": "GEU_seized_means:0",
        "original": "Seized Equestrian Assets",
        "translation": "",
        "stage": 0,
        "context": null
    },
    {
        "key": "GEU_army_plan:0",
        "original": "War Plan Red",
        "translation": "",
        "stage": 0,
        "context": null
    },
    {
        "key": "GEU_dark_wing_conscription:0",
        "original": "Dark Wing's Conscription Laws",
        "translation": "",
        "stage": 0,
        "context": null
    },
    {
        "key": "GEU_oligarchs:0",
        "original": "Red Oligarchs",
        "translation": "",
        "stage": 0,
        "context": null
    },
    {
        "key": "GEU_state_control:0",
        "original": "State Controlled Economy",
        "translation": "",
        "stage": 0,
        "context": null
    },
    {
        "key": "GEU_personality:0",
        "original": "Dark Wing's Cult of Personality",
        "translation": "",
        "stage": 0,
        "context": null
    },
    {
        "key": "GEU_secret_police:0",
        "original": "Greater Equestrian Ministry of Safety",
        "translation": "",
        "stage": 0,
        "context": null
    },
    {
        "key": "GEU_private_armies:0",
        "original": "Private Armies",
        "translation": "",
        "stage": 0,
        "context": null
    },
    {
        "key": "GEU_gathering:0",
        "original": "Support For Our Farmers",
        "translation": "",
        "stage": 0,
        "context": null
    },
    {
        "key": "GEU_equipment_production:0",
        "original": "Mass Equipment Manufacturing",
        "translation": "",
        "stage": 0,
        "context": null
    },
    {
        "key": "GEU_skilled_workers:0",
        "original": "Skilled Workforce",
        "translation": "",
        "stage": 0,
        "context": null
    },
    {
        "key": "GEU_arms_trade:0",
        "original": "International Arms Trade",
        "translation": "",
        "stage": 0,
        "context": null
    },
    {
        "key": "GEU_fast_tanks:0",
        "original": "Cheap Tank Manufacturing",
        "translation": "",
        "stage": 0,
        "context": null
    },
    {
        "key": "GEU_training:0",
        "original": "Mobilised Populace",
        "translation": "",
        "stage": 0,
        "context": null
    },
    {
        "key": "GEU_resistance:0",
        "original": "Equestrian Resistance",
        "translation": "",
        "stage": 0,
        "context": null
    },
    {
        "key": "GEU_communism_banned:0",
        "original": "SCP Banned",
        "translation": "",
        "stage": 0,
        "context": null
    },
    {
        "key": "GEU_personality_2:0",
        "original": "Dark Wing's Cult of Personality",
        "translation": "",
        "stage": 0,
        "context": null
    },
    {
        "key": "GEU_army_plan_2:0",
        "original": "Army Plan Black",
        "translation": "",
        "stage": 0,
        "context": null
    },
    {
        "key": "GEU_bunker_building:0",
        "original": "Preparing for the Inevitable",
        "translation": "",
        "stage": 0,
        "context": null
    },
    {
        "key": "GEU_nuclear_reactors:0",
        "original": "Magical-Nuclear Plants",
        "translation": "",
        "stage": 0,
        "context": null
    },
    {
        "key": "GEU_reconstruction:0",
        "original": "Greater Equestrian Reconstruction Service",
        "translation": "",
        "stage": 0,
        "context": null
    },
    {
        "key": "colt_arms:0",
        "original": "Colt Arms",
        "translation": "",
        "stage": 0,
        "context": null
    },
    {
        "key": "colt_arms_desc:0",
        "original": "",
        "translation": "",
        "stage": -1,
        "context": null
    },
    {
        "key": "neighchester_arms:0",
        "original": "Neighchester Arms",
        "translation": "",
        "stage": 0,
        "context": null
    },
    {
        "key": "neighchester_arms_desc:0",
        "original": "",
        "translation": "",
        "stage": -1,
        "context": null
    },
    {
        "key": "rearington_arms:0",
        "original": "Rearington",
        "translation": "",
        "stage": 0,
        "context": null
    },
    {
        "key": "rearington_arms_desc:0",
        "original": "",
        "translation": "",
        "stage": -1,
        "context": null
    },
    {
        "key": "SCS_southern_way:0",
        "original": "Southern Ways",
        "translation": "",
        "stage": 0,
        "context": null
    },
    {
        "key": "SCS_southern_way_desc:0",
        "original": "",
        "translation": "",
        "stage": -1,
        "context": null
    },
    {
        "key": "SCS_milita_start:0",
        "original": "Disorganised Milita",
        "translation": "",
        "stage": 0,
        "context": null
    },
    {
        "key": "SCS_milita_start_desc:0",
        "original": "",
        "translation": "",
        "stage": -1,
        "context": null
    },
    {
        "key": "SCS_buffalo_reservations_idea:0",
        "original": "Buffalo Reservations",
        "translation": "",
        "stage": 0,
        "context": null
    },
    {
        "key": "SCS_buffalo_reservations_idea_desc:0",
        "original": "",
        "translation": "",
        "stage": -1,
        "context": null
    },
    {
        "key": "SCS_milita_regulated:0",
        "original": "Well Regulated Milita",
        "translation": "",
        "stage": 0,
        "context": null
    },
    {
        "key": "SCS_milita_regulated_desc:0",
        "original": "",
        "translation": "",
        "stage": -1,
        "context": null
    },
    {
        "key": "SCS_southern_spirit:0",
        "original": "Southern Spirit",
        "translation": "",
        "stage": 0,
        "context": null
    },
    {
        "key": "SCS_southern_spirit_desc:0",
        "original": "",
        "translation": "",
        "stage": -1,
        "context": null
    },
    {
        "key": "SCS_heat_resistance_idea:0",
        "original": "Heat Resistance",
        "translation": "",
        "stage": 0,
        "context": null
    },
    {
        "key": "SCS_heat_resistance_idea_desc:0",
        "original": "",
        "translation": "",
        "stage": -1,
        "context": null
    },
    {
        "key": "SCS_regulated_economy_idea:0",
        "original": "Regulated Economy",
        "translation": "",
        "stage": 0,
        "context": null
    },
    {
        "key": "SCS_regulated_economy_idea_desc:0",
        "original": "",
        "translation": "",
        "stage": -1,
        "context": null
    },
    {
        "key": "SCS_free_economy_idea:0",
        "original": "Free Economy",
        "translation": "",
        "stage": 0,
        "context": null
    },
    {
        "key": "SCS_free_economy_idea_desc:0",
        "original": "",
        "translation": "",
        "stage": -1,
        "context": null
    },
    {
        "key": "SCS_war_bonds_idea:0",
        "original": "War Bonds",
        "translation": "",
        "stage": 0,
        "context": null
    },
    {
        "key": "SCS_war_bonds_idea_desc:0",
        "original": "",
        "translation": "",
        "stage": -1,
        "context": null
    },
    {
        "key": "SCS_rapid_buildup_idea:0",
        "original": "Rapid Buildup",
        "translation": "",
        "stage": 0,
        "context": null
    },
    {
        "key": "SCS_rapid_buildup_idea_desc:0",
        "original": "",
        "translation": "",
        "stage": -1,
        "context": null
    },
    {
        "key": "SCS_dwi_idea:0",
        "original": "Department of Wartime Industry",
        "translation": "",
        "stage": 0,
        "context": null
    },
    {
        "key": "SCS_dwi_idea_desc:0",
        "original": "",
        "translation": "",
        "stage": -1,
        "context": null
    },
    {
        "key": "SCS_public_education_idea:0",
        "original": "Public Education",
        "translation": "",
        "stage": 0,
        "context": null
    },
    {
        "key": "SCS_public_education_idea_desc:0",
        "original": "",
        "translation": "",
        "stage": -1,
        "context": null
    },
    {
        "key": "SCS_private_education_idea:0",
        "original": "Private Education",
        "translation": "",
        "stage": 0,
        "context": null
    },
    {
        "key": "SCS_private_education_idea_desc:0",
        "original": "",
        "translation": "",
        "stage": -1,
        "context": null
    },
    {
        "key": "SCS_gather_resources_idea:0",
        "original": "Resource Gathering Drive",
        "translation": "",
        "stage": 0,
        "context": null
    },
    {
        "key": "SCS_gather_resources_idea_desc:0",
        "original": "",
        "translation": "",
        "stage": -1,
        "context": null
    },
    {
        "key": "SCS_agriculture_subsidies_idea:0",
        "original": "Agricultural Subsidies",
        "translation": "",
        "stage": 0,
        "context": null
    },
    {
        "key": "SCS_agriculture_subsidies_idea_desc:0",
        "original": "",
        "translation": "",
        "stage": -1,
        "context": null
    },
    {
        "key": "SCS_new_deal_idea:0",
        "original": "New Deal",
        "translation": "",
        "stage": 0,
        "context": null
    },
    {
        "key": "SCS_new_deal_idea_desc:0",
        "original": "",
        "translation": "",
        "stage": -1,
        "context": null
    },
    {
        "key": "SCS_Crossiant_corporation_idea:0",
        "original": "Crossiant Corporation",
        "translation": "",
        "stage": 0,
        "context": null
    },
    {
        "key": "SCS_Crossiant_corporation_idea_desc:0",
        "original": "",
        "translation": "",
        "stage": -1,
        "context": null
    },
    {
        "key": "SCS_cpb_idea:0",
        "original": "Confederate Protection Bureau",
        "translation": "",
        "stage": 0,
        "context": null
    },
    {
        "key": "SCS_cpb_idea_desc:0",
        "original": "",
        "translation": "",
        "stage": -1,
        "context": null
    },
    {
        "key": "SCS_for_the_confederacy_idea:0",
        "original": "For The Confederation!",
        "translation": "",
        "stage": 0,
        "context": null
    },
    {
        "key": "SCS_for_the_confederacy_idea_desc:0",
        "original": "",
        "translation": "",
        "stage": -1,
        "context": null
    },
    {
        "key": "SCS_preemptive_strike_idea:0",
        "original": "Preemptive Strike Doctrine",
        "translation": "",
        "stage": 0,
        "context": null
    },
    {
        "key": "SCS_preemptive_strike_idea_desc:0",
        "original": "",
        "translation": "",
        "stage": -1,
        "context": null
    },
    {
        "key": "SCS_supreme_court_idea:0",
        "original": "Confederate Supreme Court",
        "translation": "",
        "stage": 0,
        "context": null
    },
    {
        "key": "SCS_supreme_court_idea_desc:0",
        "original": "",
        "translation": "",
        "stage": -1,
        "context": null
    },
    {
        "key": "SCS_farmers_country_idea:0",
        "original": "It's a Farmers' Country",
        "translation": "",
        "stage": 0,
        "context": null
    },
    {
        "key": "SCS_farmers_country_idea_desc:0",
        "original": "",
        "translation": "",
        "stage": -1,
        "context": null
    },
    {
        "key": "SCS_modern_state_idea:0",
        "original": "Modern State",
        "translation": "",
        "stage": 0,
        "context": null
    },
    {
        "key": "SCS_modern_state_idea_idea_desc:0",
        "original": "",
        "translation": "",
        "stage": -1,
        "context": null
    },
    {
        "key": "SCS_species_rights_idea:0",
        "original": "All-Species Rights",
        "translation": "",
        "stage": 0,
        "context": null
    },
    {
        "key": "SCS_species_rights_idea_desc:0",
        "original": "",
        "translation": "",
        "stage": -1,
        "context": null
    },
    {
        "key": "SCS_beacon_of_hope_idea:0",
        "original": "Beacon of Hope",
        "translation": "",
        "stage": 0,
        "context": null
    },
    {
        "key": "SCS_beacon_of_hope_idea_desc:0",
        "original": "",
        "translation": "",
        "stage": -1,
        "context": null
    },
    {
        "key": "SCS_guerilla_warfare_idea:0",
        "original": "Guerrilla Warfare",
        "translation": "",
        "stage": 0,
        "context": null
    },
    {
        "key": "SCS_guerilla_warfare_idea_desc:0",
        "original": "",
        "translation": "",
        "stage": -1,
        "context": null
    },
    {
        "key": "scs_hoofington_academy_idea:0",
        "original": "Hoofington Military Academy",
        "translation": "Hoofington Military Academy",
        "stage": 0,
        "context": null
    },
    {
        "key": "scs_hoofington_academy_idea_desc:0",
        "original": "",
        "translation": "",
        "stage": -1,
        "context": null
    },
    {
        "key": "SCS_southern_daring_idea:0",
        "original": "Southern Daring",
        "translation": "",
        "stage": 0,
        "context": null
    },
    {
        "key": "SCS_southern_daring_idea_desc:0",
        "original": "",
        "translation": "",
        "stage": -1,
        "context": null
    },
    {
        "key": "SCS_guns_idea:0",
        "original": "Gun in Every Home",
        "translation": "",
        "stage": 0,
        "context": null
    },
    {
        "key": "SCS_guns_idea_desc:0",
        "original": "",
        "translation": "",
        "stage": -1,
        "context": null
    },
    {
        "key": "cherry_jubilee:0",
        "original": "Cherry Jubilee",
        "translation": "",
        "stage": 0,
        "context": null
    },
    {
        "key": "venture_capital:0",
        "original": "Venture Capital",
        "translation": "",
        "stage": 0,
        "context": null
    },
    {
        "key": "fetter_keys:0",
        "original": "Fetter Keys",
        "translation": "",
        "stage": 0,
        "context": null
    },
    {
        "key": "fetter_keys_ac:0",
        "original": "Fetter Keys",
        "translation": "",
        "stage": 0,
        "context": null
    },
    {
        "key": "yuma_spurs:0",
        "original": "Yuma Spurs",
        "translation": "",
        "stage": 0,
        "context": null
    },
    {
        "key": "caramel:0",
        "original": "Caramel",
        "translation": "",
        "stage": 0,
        "context": null
    },
    {
        "key": "apple_fritter:0",
        "original": "Apple Fritter",
        "translation": "",
        "stage": 0,
        "context": null
    },
    {
        "key": "trouble_shoes:0",
        "original": "Trouble Shoes",
        "translation": "",
        "stage": 0,
        "context": null
    },
    {
        "key": "cheese_sandwich:0",
        "original": "Cheese Sandwich",
        "translation": "",
        "stage": 0,
        "context": null
    },
    {
        "key": "maudpie_scs:0",
        "original": "Maud Pie",
        "translation": "",
        "stage": 0,
        "context": null
    },
    {
        "key": "detached_country:0",
        "original": "Detached Country",
        "translation": "분리된 국가",
        "stage": 1,
        "context": null
    },
    {
        "key": "detached_country_desc:0",
        "original": "This nation has barely any connections to the outside world, having completely closed its borders and constantly patrolling them for intruders. As such, no new foreign ideas enter the country, and the society remains stuck in the past, unable to advance and closely following old traditions.",
        "translation": "이 나라는 외부 세계와의 연결점이 거의 없으며, 국경을 완전히 폐쇄하고 지속적으로 침입자를 감시하고 있습니다. 이와 같이, 새로운 외국의 발상이 국내에 들어오지 않아, 사회는 진보를 할 수 없으며, 오래된 전통을 가까이 둔 채로 과거에 갇혀 있습니다.",
        "stage": 1,
        "context": null
    },
    {
        "key": "council_of_keepers:0",
        "original": "Council of Keepers",
        "translation": "",
        "stage": 0,
        "context": null
    },
    {
        "key": "hereward_northern_1:0",
        "original": "Silry Thunder",
        "translation": "",
        "stage": 0,
        "context": null
    },
    {
        "key": "WAT_holy_srings:0",
        "original": "Holy Springs",
        "translation": "",
        "stage": 0,
        "context": null
    },
    {
        "key": "eathelin_sister:0",
        "original": "Haylay",
        "translation": "",
        "stage": 0,
        "context": null
    },
    {
        "key": "malcom_corchstone:0",
        "original": "Malcom Corchstone",
        "translation": "",
        "stage": 0,
        "context": null
    },
    {
        "key": "aldus_warrior:0",
        "original": "Aldus Warrior",
        "translation": "",
        "stage": 0,
        "context": null
    },
    {
        "key": "annalee_the_swift:0",
        "original": "Annalee the Swift",
        "translation": "",
        "stage": 0,
        "context": null
    },
    {
        "key": "aylmer_pony:0",
        "original": "Aylmer",
        "translation": "",
        "stage": 0,
        "context": null
    },
    {
        "key": "stal_flugel:0",
        "original": "Stal Flugel",
        "translation": "",
        "stage": 0,
        "context": null
    },
    {
        "key": "kendrick_flugel:0",
        "original": "Kendrick Flugel",
        "translation": "",
        "stage": 0,
        "context": null
    },
    {
        "key": "watertown_boatman:0",
        "original": "Watertown Boatman",
        "translation": "",
        "stage": 0,
        "context": null
    },
    {
        "key": "hereward_northern:0",
        "original": "Hereward Northern",
        "translation": "",
        "stage": 0,
        "context": null
    },
    {
        "key": "watertowns_strongheart:0",
        "original": "Strongheart",
        "translation": "",
        "stage": 0,
        "context": null
    },
    {
        "key": "gandalf_the_grey:0",
        "original": "Gandalf the Grey",
        "translation": "",
        "stage": 0,
        "context": null
    },
    {
        "key": "meriida_strangelight:0",
        "original": "Meriida Strangelight",
        "translation": "",
        "stage": 0,
        "context": null
    },
    {
        "key": "northern_tank:0",
        "original": "Northern Tank",
        "translation": "",
        "stage": 0,
        "context": null
    },
    {
        "key": "enchanted_armour_concern:0",
        "original": "Enchanted Armour Concern",
        "translation": "",
        "stage": 0,
        "context": null
    },
    {
        "key": "slingshots_of_watertown:0",
        "original": "Slingshots of Watertown",
        "translation": "",
        "stage": 0,
        "context": null
    },
    {
        "key": "kenelm_smithery:0",
        "original": "Kenelm Smithery",
        "translation": "",
        "stage": 0,
        "context": null
    },
    {
        "key": "imported_factory_WAT:0",
        "original": "Imported Factory",
        "translation": "",
        "stage": 0,
        "context": null
    },
    {
        "key": "stal_wing_berau:0",
        "original": "Stal Wingn Berau",
        "translation": "",
        "stage": 0,
        "context": null
    },
    {
        "key": "farbrook_shipbuilding:0",
        "original": "Farbrook Ships",
        "translation": "",
        "stage": 0,
        "context": null
    },
    {
        "key": "idol_of_boreas_lost:0",
        "original": "Idol of Boreas Lost",
        "translation": "잃어버린 보레아스의 성물",
        "stage": 1,
        "context": null
    },
    {
        "key": "kingdom_with_no_king:0",
        "original": "Kingdom with no King",
        "translation": "왕 없는 왕국",
        "stage": 1,
        "context": null
    },
    {
        "key": "home_of_the_griffons:0",
        "original": "Home of the Griffons",
        "translation": "그리폰들의 고향",
        "stage": 1,
        "context": null
    },
    {
        "key": "elia_storm:0",
        "original": "Elia Storm",
        "translation": "",
        "stage": 0,
        "context": null
    },
    {
        "key": "poverty_idea:0",
        "original": "",
        "translation": "",
        "stage": -1,
        "context": null
    },
    {
        "key": "illiteracy_idea:0",
        "original": "",
        "translation": "",
        "stage": -1,
        "context": null
    },
    {
        "key": "illiteracy_level_idea:0",
        "original": "Illiteracy",
        "translation": "문맹",
        "stage": 1,
        "context": null
    },
    {
        "key": "poverty_level_idea:0",
        "original": "Poverty",
        "translation": "빈곤",
        "stage": 1,
        "context": null
    },
    {
        "key": "EFFECT_CHANGE_LAW_poverty_level_idea:0",
        "original": "Change Poverty to '$NAME|Y$' which grants ($DESC$).",
        "translation": "",
        "stage": 0,
        "context": null
    },
    {
        "key": "EFFECT_CHANGE_LAW_illiteracy_level_idea:0",
        "original": "Change Illiteracy to '$NAME|Y$' which grants ($DESC$).",
        "translation": "",
        "stage": 0,
        "context": null
    },
    {
        "key": "EFFECT_CHANGE_LAW_race_pointer:0",
        "original": "Change Race to '$NAME|Y$'.",
        "translation": "",
        "stage": 0,
        "context": null
    },
    {
        "key": "collectivized_society:0",
        "original": "Collectivized Society",
        "translation": "집단화 사회",
        "stage": 1,
        "context": null
    },
    {
        "key": "no_lack_of_scientists:0",
        "original": "Negligible Illiteracy",
        "translation": "무시할 만한 문맹",
        "stage": 1,
        "context": null
    },
    {
        "key": "no_lack_of_scientists_desc:0",
        "original": "The literacy rate in this country is above 90%, primarily thanks to universal schooling. The fight against illiteracy here is therefore considered to be concluded.",
        "translation": "",
        "stage": 0,
        "context": null
    },
    {
        "key": "no_poverty:0",
        "original": "Negligible Poverty",
        "translation": "무시할 만한 빈곤",
        "stage": 1,
        "context": null
    },
    {
        "key": "no_poverty_desc:0",
        "original": "This country has a functional economy with a minimal poverty rate. Work is readily available and jobs are easy to find.",
        "translation": "",
        "stage": 0,
        "context": null
    },
    {
        "key": "CHN_rapid_demobilization:0",
        "original": "Rapid Demobilisation",
        "translation": "신속한 동원 해제",
        "stage": 1,
        "context": null
    }
]