[
    {
        "key": "EQ_MOD_CAT_ship_cruiser_heavy_armor_TITLE:0",
        "original": "Large Cruiser Armor Scheme",
        "translation": "",
        "stage": 0,
        "context": null
    },
    {
        "key": "ship_armor_cb_1:0",
        "original": "150mm Belt/25mm Deck",
        "translation": "",
        "stage": 0,
        "context": null
    },
    {
        "key": "ship_armor_cb_1_short:0",
        "original": "Large Cruiser Armor I",
        "translation": "",
        "stage": 0,
        "context": null
    },
    {
        "key": "ship_armor_cb_1_desc:0",
        "original": "Designed to protect the ship against smaller guns, this armor scheme weighs far less to allow for higher speed.",
        "translation": "",
        "stage": 0,
        "context": null
    },
    {
        "key": "ship_armor_cb_2:0",
        "original": "305mm Belt/100mm Deck",
        "translation": "",
        "stage": 0,
        "context": null
    },
    {
        "key": "ship_armor_cb_2_short:0",
        "original": "Large Cruiser Armor II",
        "translation": "",
        "stage": 0,
        "context": null
    },
    {
        "key": "ship_armor_cb_2_desc:0",
        "original": "A compromise between speed and protection, this armor scheme is designed to defend a ship against the guns of cruisers and destroyers.",
        "translation": "",
        "stage": 0,
        "context": null
    },
    {
        "key": "ship_armor_cb_3:0",
        "original": "330mm Belt/130mm Deck",
        "translation": "",
        "stage": 0,
        "context": null
    },
    {
        "key": "ship_armor_cb_3_short:0",
        "original": "Large Cruiser Armor III",
        "translation": "",
        "stage": 0,
        "context": null
    },
    {
        "key": "ship_armor_cb_3_desc:0",
        "original": "Designed with an eye towards weight limitations, this armor scheme attempts to maximize protection for the vital parts of a ship by leaving other areas exposed. This scheme is not supposed to stand up to battleship-grade weaponry for long.",
        "translation": "",
        "stage": 0,
        "context": null
    }
]