[
    {
        "key": "jet_fighter_equipment_x:0",
        "original": "Jet Fighter III",
        "translation": "제트 전투기 III",
        "stage": 1,
        "context": null
    },
    {
        "key": "jet_fighter_equipment_x_short:0",
        "original": "Jet Fighter III",
        "translation": "제트 전투기 III",
        "stage": 1,
        "context": null
    },
    {
        "key": "jet_fighter_equipment_x_desc:0",
        "original": "Further refinements of the fuselage, the implementation of onboard radar and the first generation of air-to-air missiles, will make the newest generation of fighters the deadliest so far.",
        "translation": "",
        "stage": 0,
        "context": null
    },
    {
        "key": "cv_jet_fighter_equipment_1:0",
        "original": "Jet Carrier Fighter I",
        "translation": "",
        "stage": 0,
        "context": null
    },
    {
        "key": "cv_jet_fighter_equipment_1_short:0",
        "original": "Jet Carrier Fighter I",
        "translation": "",
        "stage": 0,
        "context": null
    },
    {
        "key": "cv_jet_fighter_equipment_1_desc:0",
        "original": "An advanced fighter modified to launch from and land on aircraft carriers.",
        "translation": "",
        "stage": 0,
        "context": null
    },
    {
        "key": "cv_jet_fighter_equipment_2:0",
        "original": "Jet Carrier Fighter II",
        "translation": "",
        "stage": 0,
        "context": null
    },
    {
        "key": "cv_jet_fighter_equipment_2_short:0",
        "original": "Jet Carrier Fighter II",
        "translation": "",
        "stage": 0,
        "context": null
    },
    {
        "key": "cv_jet_fighter_equipment_2_desc:0",
        "original": "An advanced fighter modified to launch from and land on aircraft carriers.",
        "translation": "",
        "stage": 0,
        "context": null
    },
    {
        "key": "cv_jet_fighter_equipment_x:0",
        "original": "Jet Carrier Fighter III",
        "translation": "",
        "stage": 0,
        "context": null
    },
    {
        "key": "cv_jet_fighter_equipment_x_short:0",
        "original": "Jet Carrier Fighter III",
        "translation": "",
        "stage": 0,
        "context": null
    },
    {
        "key": "cv_jet_fighter_equipment_x_desc:0",
        "original": "An advanced fighter modified to launch from and land on aircraft carriers.",
        "translation": "",
        "stage": 0,
        "context": null
    },
    {
        "key": "CAS:1",
        "original": "Close Air Support",
        "translation": "",
        "stage": 0,
        "context": null
    },
    {
        "key": "early_bomber_short:0",
        "original": "Early Bomber",
        "translation": "",
        "stage": 0,
        "context": null
    },
    {
        "key": "early_bomber_desc:0",
        "original": "Airship bombing was long a favoured tactic of militaries and sky pirates, softening targets and starting fires before landing troops. With airships  obsolete thanks to aircraft and AA cannons, the military has cautiously embraced plane bombers, though with much bemoaning the lower ordnance capacity.",
        "translation": "",
        "stage": 0,
        "context": null
    },
    {
        "key": "early_bomber:0",
        "original": "Early Bomber",
        "translation": "",
        "stage": 0,
        "context": null
    },
    {
        "key": "jet_tac_bomber_equipment_x:0",
        "original": "Jet Tactical Bomber III",
        "translation": "제트 전술폭격기 III",
        "stage": 1,
        "context": null
    },
    {
        "key": "jet_tac_bomber_equipment_x_short:0",
        "original": "Jet Tac Bomber III",
        "translation": "",
        "stage": 0,
        "context": null
    },
    {
        "key": "jet_tac_bomber_equipment_x_desc:0",
        "original": "Continued improvements of bombloads and jet engines shall allow our bombers unprecedented range and operational firepower.",
        "translation": "",
        "stage": 0,
        "context": null
    },
    {
        "key": "jet_strat_bomber_equipment_x:0",
        "original": "Jet Strategic Bomber II",
        "translation": "제트 전략폭격기 II",
        "stage": 1,
        "context": null
    },
    {
        "key": "jet_strat_bomber_equipment_x_short:0",
        "original": "Jet Strat Bomber II",
        "translation": "",
        "stage": 0,
        "context": null
    },
    {
        "key": "jet_strat_bomber_equipment_x_desc:0",
        "original": "The recent iteration of stratosphere aircraft shall make these behemoths capable of striking any target around the world from the edge of space itself!",
        "translation": "",
        "stage": 0,
        "context": null
    },
    {
        "key": "guided_missile_equipment_4:0",
        "original": "Early ICBM",
        "translation": "",
        "stage": 0,
        "context": null
    },
    {
        "key": "guided_missile_equipment_4_short:0",
        "original": "Early ICBM",
        "translation": "",
        "stage": 0,
        "context": null
    },
    {
        "key": "guided_missile_equipment_4_desc:0",
        "original": "We can now build highly accurate and long-reaching missiles.",
        "translation": "",
        "stage": 0,
        "context": null
    },
    {
        "key": "scout_plane_equipment_desc:0",
        "original": "A plane developed specifically for photo reconnaissance. Relies primarily on speed and stealth to survive and will lose in any stand-up fight.",
        "translation": "",
        "stage": 0,
        "context": null
    },
    {
        "key": "jet_scout_plane_equipment_x:0",
        "original": "Jet Scout Plane",
        "translation": "",
        "stage": 0,
        "context": null
    },
    {
        "key": "jet_scout_plane_equipment_x_short:0",
        "original": "Jet Spy Plane",
        "translation": "",
        "stage": 0,
        "context": null
    },
    {
        "key": "jet_scout_plane_equipment_x_desc:0",
        "original": "In an era of thermonuclear bombs and ICBMs, we cannot afford to be unaware of what is going on anywhere in the world. A plane flying above 21,000 meters will be untouchable by most enemy defences, and by equipping a large camera and sensor outfit on it, we will be able to monitor signals, locations of missile silos, and even gather air samples to test for radioactivity.",
        "translation": "",
        "stage": 0,
        "context": null
    },
    {
        "key": "jet_scout_plane_equipment_desc:0",
        "original": "A plane developed specifically for photo reconnaissance. Relies primarily on speed and stealth to survive and will lose in any stand-up fight.",
        "translation": "",
        "stage": 0,
        "context": null
    },
    {
        "key": "EQS_CAS_equipment_1:0",
        "original": "Hawker Hurricane Mk.V",
        "translation": "",
        "stage": 0,
        "context": null
    },
    {
        "key": "EQS_CAS_equipment_1_short:0",
        "original": "Hurricane Mk.V",
        "translation": "",
        "stage": 0,
        "context": null
    },
    {
        "key": "EQS_CAS_equipment_2:0",
        "original": "Hawker Typhoon",
        "translation": "",
        "stage": 0,
        "context": null
    },
    {
        "key": "EQS_CAS_equipment_2_short:0",
        "original": "Typhoon",
        "translation": "",
        "stage": 0,
        "context": null
    },
    {
        "key": "EQS_CAS_equipment_3:0",
        "original": "Hawker Tempest",
        "translation": "",
        "stage": 0,
        "context": null
    },
    {
        "key": "EQS_CAS_equipment_3_short:0",
        "original": "Tempest",
        "translation": "",
        "stage": 0,
        "context": null
    },
    {
        "key": "EQS_cv_CAS_equipment_1:0",
        "original": "Hawker Osprey",
        "translation": "",
        "stage": 0,
        "context": null
    },
    {
        "key": "EQS_cv_CAS_equipment_1_short:0",
        "original": "Osprey",
        "translation": "",
        "stage": 0,
        "context": null
    },
    {
        "key": "EQS_cv_CAS_equipment_2:0",
        "original": "Blackburn Skua",
        "translation": "",
        "stage": 0,
        "context": null
    },
    {
        "key": "EQS_cv_CAS_equipment_2_short:0",
        "original": "Skua",
        "translation": "",
        "stage": 0,
        "context": null
    },
    {
        "key": "EQS_cv_CAS_equipment_3:0",
        "original": "Hawker Sea Fury",
        "translation": "",
        "stage": 0,
        "context": null
    },
    {
        "key": "EQS_cv_CAS_equipment_3_short:0",
        "original": "Sea Fury",
        "translation": "",
        "stage": 0,
        "context": null
    },
    {
        "key": "EQS_cv_fighter_equipment_0:0",
        "original": "Hawker Nimrod",
        "translation": "",
        "stage": 0,
        "context": null
    },
    {
        "key": "EQS_cv_fighter_equipment_0_short:0",
        "original": "Nimrod",
        "translation": "",
        "stage": 0,
        "context": null
    },
    {
        "key": "EQS_cv_fighter_equipment_1:0",
        "original": "Gloster Sea Gladiator",
        "translation": "",
        "stage": 0,
        "context": null
    },
    {
        "key": "EQS_cv_fighter_equipment_1_short:0",
        "original": "Sea Gladiator",
        "translation": "",
        "stage": 0,
        "context": null
    },
    {
        "key": "EQS_cv_fighter_equipment_2:0",
        "original": "Fairey Fulmar",
        "translation": "",
        "stage": 0,
        "context": null
    },
    {
        "key": "EQS_cv_fighter_equipment_2_short:0",
        "original": "Fulmar",
        "translation": "",
        "stage": 0,
        "context": null
    },
    {
        "key": "EQS_cv_fighter_equipment_3:0",
        "original": "Fairey Firefly",
        "translation": "",
        "stage": 0,
        "context": null
    },
    {
        "key": "EQS_cv_fighter_equipment_3_short:0",
        "original": "Firefly",
        "translation": "",
        "stage": 0,
        "context": null
    },
    {
        "key": "EQS_cv_nav_bomber_equipment_1:0",
        "original": "Blackburn Shark",
        "translation": "",
        "stage": 0,
        "context": null
    },
    {
        "key": "EQS_cv_nav_bomber_equipment_1_short:0",
        "original": "Shark",
        "translation": "",
        "stage": 0,
        "context": null
    },
    {
        "key": "EQS_cv_nav_bomber_equipment_2:0",
        "original": "Blackburn Roc",
        "translation": "",
        "stage": 0,
        "context": null
    },
    {
        "key": "EQS_cv_nav_bomber_equipment_2_short:0",
        "original": "Roc",
        "translation": "",
        "stage": 0,
        "context": null
    },
    {
        "key": "EQS_cv_nav_bomber_equipment_3:0",
        "original": "Blackburn Firebrand",
        "translation": "",
        "stage": 0,
        "context": null
    },
    {
        "key": "EQS_cv_nav_bomber_equipment_3_short:0",
        "original": "Firebrand",
        "translation": "",
        "stage": 0,
        "context": null
    },
    {
        "key": "EQS_early_bomber:0",
        "original": "Armstrong Whitworth Wheatley",
        "translation": "",
        "stage": 0,
        "context": null
    },
    {
        "key": "EQS_early_bomber_short:0",
        "original": "Wheatley",
        "translation": "",
        "stage": 0,
        "context": null
    },
    {
        "key": "EQS_fighter_equipment_0:0",
        "original": "Gloster Gladiator",
        "translation": "",
        "stage": 0,
        "context": null
    },
    {
        "key": "EQS_fighter_equipment_0_short:0",
        "original": "Gladiator",
        "translation": "",
        "stage": 0,
        "context": null
    },
    {
        "key": "EQS_fighter_equipment_1:0",
        "original": "Hawker Hurricane",
        "translation": "",
        "stage": 0,
        "context": null
    },
    {
        "key": "EQS_fighter_equipment_1_short:0",
        "original": "Hurricane",
        "translation": "",
        "stage": 0,
        "context": null
    },
    {
        "key": "EQS_fighter_equipment_2:0",
        "original": "Supermarine Spitfire",
        "translation": "",
        "stage": 0,
        "context": null
    },
    {
        "key": "EQS_fighter_equipment_2_short:0",
        "original": "Spitfire",
        "translation": "",
        "stage": 0,
        "context": null
    },
    {
        "key": "EQS_fighter_equipment_3:0",
        "original": "Supermarine Spitfire Mk.IX",
        "translation": "",
        "stage": 0,
        "context": null
    },
    {
        "key": "EQS_fighter_equipment_3_short:0",
        "original": "Spitfire Mk.IX",
        "translation": "",
        "stage": 0,
        "context": null
    },
    {
        "key": "EQS_heavy_fighter_equipment_1:0",
        "original": "Bristol Blenheim",
        "translation": "",
        "stage": 0,
        "context": null
    },
    {
        "key": "EQS_heavy_fighter_equipment_1_short:0",
        "original": "Blenheim",
        "translation": "",
        "stage": 0,
        "context": null
    },
    {
        "key": "EQS_heavy_fighter_equipment_2:0",
        "original": "Bristol Beaufighter",
        "translation": "",
        "stage": 0,
        "context": null
    },
    {
        "key": "EQS_heavy_fighter_equipment_2_short:0",
        "original": "Beaufighter",
        "translation": "",
        "stage": 0,
        "context": null
    },
    {
        "key": "EQS_heavy_fighter_equipment_3:0",
        "original": "de Havilland Mosquito FB",
        "translation": "",
        "stage": 0,
        "context": null
    },
    {
        "key": "EQS_heavy_fighter_equipment_3_short:0",
        "original": "Mosquito FB",
        "translation": "",
        "stage": 0,
        "context": null
    },
    {
        "key": "EQS_jet_fighter_equipment_1:0",
        "original": "Gloster Meteor",
        "translation": "",
        "stage": 0,
        "context": null
    },
    {
        "key": "EQS_jet_fighter_equipment_1_short:0",
        "original": "Meteor",
        "translation": "",
        "stage": 0,
        "context": null
    },
    {
        "key": "EQS_jet_fighter_equipment_2:0",
        "original": "Hundland Hunter",
        "translation": "",
        "stage": 0,
        "context": null
    },
    {
        "key": "EQS_jet_fighter_equipment_2_short:0",
        "original": "Hunter",
        "translation": "",
        "stage": 0,
        "context": null
    },
    {
        "key": "EQS_jet_fighter_equipment_x:0",
        "original": "Hundland Hunter",
        "translation": "",
        "stage": 0,
        "context": null
    },
    {
        "key": "EQS_jet_fighter_equipment_x_short:0",
        "original": "Super-Hunter Mk.20",
        "translation": "",
        "stage": 0,
        "context": null
    },
    {
        "key": "EQS_jet_strat_bomber_equipment_1:0",
        "original": "Vickers Valiant",
        "translation": "",
        "stage": 0,
        "context": null
    },
    {
        "key": "EQS_jet_strat_bomber_equipment_1_short:0",
        "original": "Valiant",
        "translation": "",
        "stage": 0,
        "context": null
    },
    {
        "key": "EQS_jet_strat_bomber_equipment_x:0",
        "original": "Victor",
        "translation": "",
        "stage": 0,
        "context": null
    },
    {
        "key": "EQS_jet_strat_bomber_equipment_x_short:0",
        "original": "Victor",
        "translation": "",
        "stage": 0,
        "context": null
    },
    {
        "key": "EQS_jet_tac_bomber_equipment_1:0",
        "original": "de Havilland Venom",
        "translation": "",
        "stage": 0,
        "context": null
    },
    {
        "key": "EQS_jet_tac_bomber_equipment_1_short:0",
        "original": "Venom",
        "translation": "",
        "stage": 0,
        "context": null
    },
    {
        "key": "EQS_jet_tac_bomber_equipment_2:0",
        "original": "Equestrian Electric Canberra",
        "translation": "",
        "stage": 0,
        "context": null
    },
    {
        "key": "EQS_jet_tac_bomber_equipment_2_short:0",
        "original": "Canberra",
        "translation": "",
        "stage": 0,
        "context": null
    },
    {
        "key": "EQS_jet_tac_bomber_equipment_x:0",
        "original": "Vulcan",
        "translation": "",
        "stage": 0,
        "context": null
    },
    {
        "key": "EQS_jet_tac_bomber_equipment_x_short:0",
        "original": "Vulcan",
        "translation": "",
        "stage": 0,
        "context": null
    },
    {
        "key": "EQS_nav_bomber_equipment_1:0",
        "original": "Fairey Swordfish",
        "translation": "",
        "stage": 0,
        "context": null
    },
    {
        "key": "EQS_nav_bomber_equipment_1_short:0",
        "original": "Swordfish",
        "translation": "",
        "stage": 0,
        "context": null
    },
    {
        "key": "EQS_nav_bomber_equipment_2:0",
        "original": "Fairey Albacore",
        "translation": "",
        "stage": 0,
        "context": null
    },
    {
        "key": "EQS_nav_bomber_equipment_2_short:0",
        "original": "Albacore",
        "translation": "",
        "stage": 0,
        "context": null
    },
    {
        "key": "EQS_nav_bomber_equipment_3:0",
        "original": "Fairey Barracuda",
        "translation": "",
        "stage": 0,
        "context": null
    },
    {
        "key": "EQS_nav_bomber_equipment_3_short:0",
        "original": "Barracuda",
        "translation": "",
        "stage": 0,
        "context": null
    },
    {
        "key": "EQS_strat_bomber_equipment_1:0",
        "original": "Handley Page Halifax",
        "translation": "",
        "stage": 0,
        "context": null
    },
    {
        "key": "EQS_strat_bomber_equipment_1_short:0",
        "original": "Halifax",
        "translation": "",
        "stage": 0,
        "context": null
    },
    {
        "key": "EQS_strat_bomber_equipment_2:0",
        "original": "Avro Lancaster",
        "translation": "",
        "stage": 0,
        "context": null
    },
    {
        "key": "EQS_strat_bomber_equipment_2_short:0",
        "original": "Lancaster",
        "translation": "",
        "stage": 0,
        "context": null
    },
    {
        "key": "EQS_strat_bomber_equipment_3:0",
        "original": "Avro Lincoln",
        "translation": "",
        "stage": 0,
        "context": null
    },
    {
        "key": "EQS_strat_bomber_equipment_3_short:0",
        "original": "Lincoln",
        "translation": "",
        "stage": 0,
        "context": null
    },
    {
        "key": "EQS_tac_bomber_equipment_0:0",
        "original": "Armstrong Whitworth Wheatley",
        "translation": "",
        "stage": 0,
        "context": null
    },
    {
        "key": "EQS_tac_bomber_equipment_0_short:0",
        "original": "Wheatley",
        "translation": "",
        "stage": 0,
        "context": null
    },
    {
        "key": "EQS_tac_bomber_equipment_1:0",
        "original": "Vickers Wellington",
        "translation": "",
        "stage": 0,
        "context": null
    },
    {
        "key": "EQS_tac_bomber_equipment_1_short:0",
        "original": "Wellington",
        "translation": "",
        "stage": 0,
        "context": null
    },
    {
        "key": "EQS_tac_bomber_equipment_2:0",
        "original": "Bristol Beaufort",
        "translation": "",
        "stage": 0,
        "context": null
    },
    {
        "key": "EQS_tac_bomber_equipment_2_short:0",
        "original": "Beaufort",
        "translation": "",
        "stage": 0,
        "context": null
    },
    {
        "key": "EQS_tac_bomber_equipment_3:0",
        "original": "de Havilland Mosquito B",
        "translation": "",
        "stage": 0,
        "context": null
    },
    {
        "key": "EQS_tac_bomber_equipment_3_short:0",
        "original": "Mosquito B",
        "translation": "",
        "stage": 0,
        "context": null
    },
    {
        "key": "EQS_scout_plane_equipment_1:0",
        "original": "Spitfire PR",
        "translation": "",
        "stage": 0,
        "context": null
    },
    {
        "key": "EQS_scout_plane_equipment_2:0",
        "original": "Mosquito PR",
        "translation": "",
        "stage": 0,
        "context": null
    },
    {
        "key": "NLR_CAS_equipment_1:0",
        "original": "Hawker Hurricane Mk.V",
        "translation": "",
        "stage": 0,
        "context": null
    },
    {
        "key": "NLR_CAS_equipment_1_short:0",
        "original": "Hurricane Mk.V",
        "translation": "",
        "stage": 0,
        "context": null
    },
    {
        "key": "NLR_CAS_equipment_2:0",
        "original": "Hawker Typhoon",
        "translation": "",
        "stage": 0,
        "context": null
    },
    {
        "key": "NLR_CAS_equipment_2_short:0",
        "original": "Typhoon",
        "translation": "",
        "stage": 0,
        "context": null
    },
    {
        "key": "NLR_CAS_equipment_3:0",
        "original": "Hawker Tempest",
        "translation": "",
        "stage": 0,
        "context": null
    },
    {
        "key": "NLR_CAS_equipment_3_short:0",
        "original": "Tempest",
        "translation": "",
        "stage": 0,
        "context": null
    },
    {
        "key": "NLR_cv_CAS_equipment_1:0",
        "original": "Hawker Osprey",
        "translation": "",
        "stage": 0,
        "context": null
    },
    {
        "key": "NLR_cv_CAS_equipment_1_short:0",
        "original": "Osprey",
        "translation": "",
        "stage": 0,
        "context": null
    },
    {
        "key": "NLR_cv_CAS_equipment_2:0",
        "original": "Blackburn Skua",
        "translation": "",
        "stage": 0,
        "context": null
    },
    {
        "key": "NLR_cv_CAS_equipment_2_short:0",
        "original": "Skua",
        "translation": "",
        "stage": 0,
        "context": null
    },
    {
        "key": "NLR_cv_CAS_equipment_3:0",
        "original": "Hawker Sea Fury",
        "translation": "",
        "stage": 0,
        "context": null
    },
    {
        "key": "NLR_cv_CAS_equipment_3_short:0",
        "original": "Sea Fury",
        "translation": "",
        "stage": 0,
        "context": null
    },
    {
        "key": "NLR_cv_fighter_equipment_0:0",
        "original": "Hawker Nimrod",
        "translation": "",
        "stage": 0,
        "context": null
    },
    {
        "key": "NLR_cv_fighter_equipment_0_short:0",
        "original": "Nimrod",
        "translation": "",
        "stage": 0,
        "context": null
    },
    {
        "key": "NLR_cv_fighter_equipment_1:0",
        "original": "Gloster Sea Gladiator",
        "translation": "",
        "stage": 0,
        "context": null
    },
    {
        "key": "NLR_cv_fighter_equipment_1_short:0",
        "original": "Sea Gladiator",
        "translation": "",
        "stage": 0,
        "context": null
    },
    {
        "key": "NLR_cv_fighter_equipment_2:0",
        "original": "Fairey Fulmar",
        "translation": "",
        "stage": 0,
        "context": null
    },
    {
        "key": "NLR_cv_fighter_equipment_2_short:0",
        "original": "Fulmar",
        "translation": "",
        "stage": 0,
        "context": null
    },
    {
        "key": "NLR_cv_fighter_equipment_3:0",
        "original": "Fairey Firefly",
        "translation": "",
        "stage": 0,
        "context": null
    },
    {
        "key": "NLR_cv_fighter_equipment_3_short:0",
        "original": "Firefly",
        "translation": "",
        "stage": 0,
        "context": null
    },
    {
        "key": "NLR_cv_nav_bomber_equipment_1:0",
        "original": "Blackburn Shark",
        "translation": "",
        "stage": 0,
        "context": null
    },
    {
        "key": "NLR_cv_nav_bomber_equipment_1_short:0",
        "original": "Shark",
        "translation": "",
        "stage": 0,
        "context": null
    },
    {
        "key": "NLR_cv_nav_bomber_equipment_2:0",
        "original": "Blackburn Roc",
        "translation": "",
        "stage": 0,
        "context": null
    },
    {
        "key": "NLR_cv_nav_bomber_equipment_2_short:0",
        "original": "Roc",
        "translation": "",
        "stage": 0,
        "context": null
    },
    {
        "key": "NLR_cv_nav_bomber_equipment_3:0",
        "original": "Blackburn Firebrand",
        "translation": "",
        "stage": 0,
        "context": null
    },
    {
        "key": "NLR_cv_nav_bomber_equipment_3_short:0",
        "original": "Firebrand",
        "translation": "",
        "stage": 0,
        "context": null
    },
    {
        "key": "NLR_early_bomber:0",
        "original": "Wheatley",
        "translation": "",
        "stage": 0,
        "context": null
    },
    {
        "key": "NLR_early_bomber_short:0",
        "original": "Wheatley",
        "translation": "",
        "stage": 0,
        "context": null
    },
    {
        "key": "NLR_fighter_equipment_0:0",
        "original": "Gloster Gladiator",
        "translation": "",
        "stage": 0,
        "context": null
    },
    {
        "key": "NLR_fighter_equipment_0_short:0",
        "original": "Gladiator",
        "translation": "",
        "stage": 0,
        "context": null
    },
    {
        "key": "NLR_fighter_equipment_1:0",
        "original": "Hawker Hurricane",
        "translation": "",
        "stage": 0,
        "context": null
    },
    {
        "key": "NLR_fighter_equipment_1_short:0",
        "original": "Hurricane",
        "translation": "",
        "stage": 0,
        "context": null
    },
    {
        "key": "NLR_fighter_equipment_2:0",
        "original": "Supermarine Spitfire",
        "translation": "",
        "stage": 0,
        "context": null
    },
    {
        "key": "NLR_fighter_equipment_2_short:0",
        "original": "Spitfire",
        "translation": "",
        "stage": 0,
        "context": null
    },
    {
        "key": "NLR_fighter_equipment_3:0",
        "original": "Supermarine Spitfire Mk.IX",
        "translation": "",
        "stage": 0,
        "context": null
    },
    {
        "key": "NLR_fighter_equipment_3_short:0",
        "original": "Spitfire Mk.IX",
        "translation": "",
        "stage": 0,
        "context": null
    },
    {
        "key": "NLR_heavy_fighter_equipment_1:0",
        "original": "Bristol Blenheim",
        "translation": "",
        "stage": 0,
        "context": null
    },
    {
        "key": "NLR_heavy_fighter_equipment_1_short:0",
        "original": "Blenheim",
        "translation": "",
        "stage": 0,
        "context": null
    },
    {
        "key": "NLR_heavy_fighter_equipment_2:0",
        "original": "Bristol Beaufighter",
        "translation": "",
        "stage": 0,
        "context": null
    },
    {
        "key": "NLR_heavy_fighter_equipment_2_short:0",
        "original": "Beaufighter",
        "translation": "",
        "stage": 0,
        "context": null
    },
    {
        "key": "NLR_heavy_fighter_equipment_3:0",
        "original": "de Havilland Mosquito FB",
        "translation": "",
        "stage": 0,
        "context": null
    },
    {
        "key": "NLR_heavy_fighter_equipment_3_short:0",
        "original": "Mosquito FB",
        "translation": "",
        "stage": 0,
        "context": null
    },
    {
        "key": "NLR_jet_fighter_equipment_1:0",
        "original": "Gloster Meteor",
        "translation": "",
        "stage": 0,
        "context": null
    },
    {
        "key": "NLR_jet_fighter_equipment_1_short:0",
        "original": "Meteor",
        "translation": "",
        "stage": 0,
        "context": null
    },
    {
        "key": "NLR_jet_fighter_equipment_2:0",
        "original": "Hundland Hunter",
        "translation": "",
        "stage": 0,
        "context": null
    },
    {
        "key": "NLR_jet_fighter_equipment_2_short:0",
        "original": "Hunter",
        "translation": "",
        "stage": 0,
        "context": null
    },
    {
        "key": "NLR_jet_fighter_equipment_x:0",
        "original": "Hundland Hunter",
        "translation": "",
        "stage": 0,
        "context": null
    },
    {
        "key": "NLR_jet_fighter_equipment_x_short:0",
        "original": "Super-Hunter Mk.20",
        "translation": "",
        "stage": 0,
        "context": null
    },
    {
        "key": "NLR_jet_strat_bomber_equipment_1:0",
        "original": "Vickers Valiant",
        "translation": "",
        "stage": 0,
        "context": null
    },
    {
        "key": "NLR_jet_strat_bomber_equipment_1_short:0",
        "original": "Valiant",
        "translation": "",
        "stage": 0,
        "context": null
    },
    {
        "key": "NLR_jet_tac_bomber_equipment_1:0",
        "original": "de Havilland Venom",
        "translation": "",
        "stage": 0,
        "context": null
    },
    {
        "key": "NLR_jet_tac_bomber_equipment_1_short:0",
        "original": "Venom",
        "translation": "",
        "stage": 0,
        "context": null
    },
    {
        "key": "NLR_jet_tac_bomber_equipment_2:0",
        "original": "Equestrian Electric Canberra",
        "translation": "",
        "stage": 0,
        "context": null
    },
    {
        "key": "NLR_jet_tac_bomber_equipment_2_short:0",
        "original": "Canberra",
        "translation": "",
        "stage": 0,
        "context": null
    },
    {
        "key": "NLR_nav_bomber_equipment_1:0",
        "original": "Fairey Swordfish",
        "translation": "",
        "stage": 0,
        "context": null
    },
    {
        "key": "NLR_nav_bomber_equipment_1_short:0",
        "original": "Swordfish",
        "translation": "",
        "stage": 0,
        "context": null
    },
    {
        "key": "NLR_nav_bomber_equipment_2:0",
        "original": "Fairey Albacore",
        "translation": "",
        "stage": 0,
        "context": null
    },
    {
        "key": "NLR_nav_bomber_equipment_2_short:0",
        "original": "Albacore",
        "translation": "",
        "stage": 0,
        "context": null
    },
    {
        "key": "NLR_nav_bomber_equipment_3:0",
        "original": "Fairey Barracuda",
        "translation": "",
        "stage": 0,
        "context": null
    },
    {
        "key": "NLR_nav_bomber_equipment_3_short:0",
        "original": "Barracuda",
        "translation": "",
        "stage": 0,
        "context": null
    },
    {
        "key": "NLR_strat_bomber_equipment_1:0",
        "original": "Handley Page Halifax",
        "translation": "",
        "stage": 0,
        "context": null
    },
    {
        "key": "NLR_strat_bomber_equipment_1_short:0",
        "original": "Halifax",
        "translation": "",
        "stage": 0,
        "context": null
    },
    {
        "key": "NLR_strat_bomber_equipment_2:0",
        "original": "Avro Lancaster",
        "translation": "",
        "stage": 0,
        "context": null
    },
    {
        "key": "NLR_strat_bomber_equipment_2_short:0",
        "original": "Lancaster",
        "translation": "",
        "stage": 0,
        "context": null
    },
    {
        "key": "NLR_strat_bomber_equipment_3:0",
        "original": "Avro Lincoln",
        "translation": "",
        "stage": 0,
        "context": null
    },
    {
        "key": "NLR_strat_bomber_equipment_3_short:0",
        "original": "Lincoln",
        "translation": "",
        "stage": 0,
        "context": null
    },
    {
        "key": "NLR_tac_bomber_equipment_0:0",
        "original": "Armstrong Whitworth Wheatley",
        "translation": "",
        "stage": 0,
        "context": null
    },
    {
        "key": "NLR_tac_bomber_equipment_0_short:0",
        "original": "Wheatley",
        "translation": "",
        "stage": 0,
        "context": null
    },
    {
        "key": "NLR_tac_bomber_equipment_1:0",
        "original": "Vickers Wellington",
        "translation": "",
        "stage": 0,
        "context": null
    },
    {
        "key": "NLR_tac_bomber_equipment_1_short:0",
        "original": "Wellington",
        "translation": "",
        "stage": 0,
        "context": null
    },
    {
        "key": "NLR_tac_bomber_equipment_2:0",
        "original": "Bristol Beaufort",
        "translation": "",
        "stage": 0,
        "context": null
    },
    {
        "key": "NLR_tac_bomber_equipment_2_short:0",
        "original": "Beaufort",
        "translation": "",
        "stage": 0,
        "context": null
    },
    {
        "key": "NLR_tac_bomber_equipment_3:0",
        "original": "de Havilland Mosquito B",
        "translation": "",
        "stage": 0,
        "context": null
    },
    {
        "key": "NLR_tac_bomber_equipment_3_short:0",
        "original": "Mosquito B",
        "translation": "",
        "stage": 0,
        "context": null
    },
    {
        "key": "NLR_scout_plane_equipment_1:0",
        "original": "Spitfire PR",
        "translation": "",
        "stage": 0,
        "context": null
    },
    {
        "key": "NLR_scout_plane_equipment_2:0",
        "original": "Mosquito PR",
        "translation": "",
        "stage": 0,
        "context": null
    },
    {
        "key": "CRY_CAS_equipment_1:0",
        "original": "Hawker Hurricane Mk.V",
        "translation": "",
        "stage": 0,
        "context": null
    },
    {
        "key": "CRY_CAS_equipment_1_short:0",
        "original": "Hurricane Mk.V",
        "translation": "",
        "stage": 0,
        "context": null
    },
    {
        "key": "CRY_CAS_equipment_2:0",
        "original": "Hawker Typhoon",
        "translation": "",
        "stage": 0,
        "context": null
    },
    {
        "key": "CRY_CAS_equipment_2_short:0",
        "original": "Typhoon",
        "translation": "",
        "stage": 0,
        "context": null
    },
    {
        "key": "CRY_CAS_equipment_3:0",
        "original": "Hawker Tempest",
        "translation": "",
        "stage": 0,
        "context": null
    },
    {
        "key": "CRY_CAS_equipment_3_short:0",
        "original": "Tempest",
        "translation": "",
        "stage": 0,
        "context": null
    },
    {
        "key": "CRY_cv_CAS_equipment_1:0",
        "original": "Hawker Osprey",
        "translation": "",
        "stage": 0,
        "context": null
    },
    {
        "key": "CRY_cv_CAS_equipment_1_short:0",
        "original": "Osprey",
        "translation": "",
        "stage": 0,
        "context": null
    },
    {
        "key": "CRY_cv_CAS_equipment_2:0",
        "original": "Blackburn Skua",
        "translation": "",
        "stage": 0,
        "context": null
    },
    {
        "key": "CRY_cv_CAS_equipment_2_short:0",
        "original": "Skua",
        "translation": "",
        "stage": 0,
        "context": null
    },
    {
        "key": "CRY_cv_CAS_equipment_3:0",
        "original": "Hawker Sea Fury",
        "translation": "",
        "stage": 0,
        "context": null
    },
    {
        "key": "CRY_cv_CAS_equipment_3_short:0",
        "original": "Sea Fury",
        "translation": "",
        "stage": 0,
        "context": null
    },
    {
        "key": "CRY_cv_fighter_equipment_0:0",
        "original": "Hawker Nimrod",
        "translation": "",
        "stage": 0,
        "context": null
    },
    {
        "key": "CRY_cv_fighter_equipment_0_short:0",
        "original": "Nimrod",
        "translation": "",
        "stage": 0,
        "context": null
    },
    {
        "key": "CRY_cv_fighter_equipment_1:0",
        "original": "Gloster Sea Gladiator",
        "translation": "",
        "stage": 0,
        "context": null
    },
    {
        "key": "CRY_cv_fighter_equipment_1_short:0",
        "original": "Sea Gladiator",
        "translation": "",
        "stage": 0,
        "context": null
    },
    {
        "key": "CRY_cv_fighter_equipment_2:0",
        "original": "Fairey Fulmar",
        "translation": "",
        "stage": 0,
        "context": null
    },
    {
        "key": "CRY_cv_fighter_equipment_2_short:0",
        "original": "Fulmar",
        "translation": "",
        "stage": 0,
        "context": null
    },
    {
        "key": "CRY_cv_fighter_equipment_3:0",
        "original": "Fairey Firefly",
        "translation": "",
        "stage": 0,
        "context": null
    },
    {
        "key": "CRY_cv_fighter_equipment_3_short:0",
        "original": "Firefly",
        "translation": "",
        "stage": 0,
        "context": null
    },
    {
        "key": "CRY_cv_nav_bomber_equipment_1:0",
        "original": "Blackburn Shark",
        "translation": "",
        "stage": 0,
        "context": null
    },
    {
        "key": "CRY_cv_nav_bomber_equipment_1_short:0",
        "original": "Shark",
        "translation": "",
        "stage": 0,
        "context": null
    },
    {
        "key": "CRY_cv_nav_bomber_equipment_2:0",
        "original": "Blackburn Roc",
        "translation": "",
        "stage": 0,
        "context": null
    },
    {
        "key": "CRY_cv_nav_bomber_equipment_2_short:0",
        "original": "Roc",
        "translation": "",
        "stage": 0,
        "context": null
    },
    {
        "key": "CRY_cv_nav_bomber_equipment_3:0",
        "original": "Blackburn Firebrand",
        "translation": "",
        "stage": 0,
        "context": null
    },
    {
        "key": "CRY_cv_nav_bomber_equipment_3_short:0",
        "original": "Firebrand",
        "translation": "",
        "stage": 0,
        "context": null
    },
    {
        "key": "CRY_early_bomber:0",
        "original": "Armstrong Whitworth Wheatley",
        "translation": "",
        "stage": 0,
        "context": null
    },
    {
        "key": "CRY_early_bomber_short:0",
        "original": "Wheatley",
        "translation": "",
        "stage": 0,
        "context": null
    },
    {
        "key": "CRY_fighter_equipment_0:0",
        "original": "Gloster Gladiator",
        "translation": "",
        "stage": 0,
        "context": null
    },
    {
        "key": "CRY_fighter_equipment_0_short:0",
        "original": "Gladiator",
        "translation": "",
        "stage": 0,
        "context": null
    },
    {
        "key": "CRY_fighter_equipment_1:0",
        "original": "Hawker Hurricane",
        "translation": "",
        "stage": 0,
        "context": null
    },
    {
        "key": "CRY_fighter_equipment_1_short:0",
        "original": "Hurricane",
        "translation": "",
        "stage": 0,
        "context": null
    },
    {
        "key": "CRY_fighter_equipment_2:0",
        "original": "Supermarine Spitfire",
        "translation": "",
        "stage": 0,
        "context": null
    },
    {
        "key": "CRY_fighter_equipment_2_short:0",
        "original": "Spitfire",
        "translation": "",
        "stage": 0,
        "context": null
    },
    {
        "key": "CRY_fighter_equipment_3:0",
        "original": "Supermarine Spitfire Mk.IX",
        "translation": "",
        "stage": 0,
        "context": null
    },
    {
        "key": "CRY_fighter_equipment_3_short:0",
        "original": "Spitfire Mk.IX",
        "translation": "",
        "stage": 0,
        "context": null
    },
    {
        "key": "CRY_heavy_fighter_equipment_1:0",
        "original": "Bristol Blenheim",
        "translation": "",
        "stage": 0,
        "context": null
    },
    {
        "key": "CRY_heavy_fighter_equipment_1_short:0",
        "original": "Blenheim",
        "translation": "",
        "stage": 0,
        "context": null
    },
    {
        "key": "CRY_heavy_fighter_equipment_2:0",
        "original": "Bristol Beaufighter",
        "translation": "",
        "stage": 0,
        "context": null
    },
    {
        "key": "CRY_heavy_fighter_equipment_2_short:0",
        "original": "Beaufighter",
        "translation": "",
        "stage": 0,
        "context": null
    },
    {
        "key": "CRY_heavy_fighter_equipment_3:0",
        "original": "de Havilland Mosquito FB",
        "translation": "",
        "stage": 0,
        "context": null
    },
    {
        "key": "CRY_heavy_fighter_equipment_3_short:0",
        "original": "Mosquito FB",
        "translation": "",
        "stage": 0,
        "context": null
    },
    {
        "key": "CRY_jet_fighter_equipment_1:0",
        "original": "Gloster Meteor",
        "translation": "",
        "stage": 0,
        "context": null
    },
    {
        "key": "CRY_jet_fighter_equipment_1_short:0",
        "original": "Meteor",
        "translation": "",
        "stage": 0,
        "context": null
    },
    {
        "key": "CRY_jet_fighter_equipment_2:0",
        "original": "Hundland Hunter",
        "translation": "",
        "stage": 0,
        "context": null
    },
    {
        "key": "CRY_jet_fighter_equipment_2_short:0",
        "original": "Hunter",
        "translation": "",
        "stage": 0,
        "context": null
    },
    {
        "key": "CRY_jet_fighter_equipment_x:0",
        "original": "Hundland Hunter",
        "translation": "",
        "stage": 0,
        "context": null
    },
    {
        "key": "CRY_jet_fighter_equipment_x_short:0",
        "original": "Super-Hunter Mk.20",
        "translation": "",
        "stage": 0,
        "context": null
    },
    {
        "key": "CRY_jet_strat_bomber_equipment_1:0",
        "original": "Vickers Valiant",
        "translation": "",
        "stage": 0,
        "context": null
    },
    {
        "key": "CRY_jet_strat_bomber_equipment_1_short:0",
        "original": "Valiant",
        "translation": "",
        "stage": 0,
        "context": null
    },
    {
        "key": "CRY_jet_tac_bomber_equipment_1:0",
        "original": "de Havilland Venom",
        "translation": "",
        "stage": 0,
        "context": null
    },
    {
        "key": "CRY_jet_tac_bomber_equipment_1_short:0",
        "original": "Venom",
        "translation": "",
        "stage": 0,
        "context": null
    },
    {
        "key": "CRY_jet_tac_bomber_equipment_2:0",
        "original": "Equestrian Electric Canberra",
        "translation": "",
        "stage": 0,
        "context": null
    },
    {
        "key": "CRY_jet_tac_bomber_equipment_2_short:0",
        "original": "Canberra",
        "translation": "",
        "stage": 0,
        "context": null
    },
    {
        "key": "CRY_nav_bomber_equipment_1:0",
        "original": "Fairey Swordfish",
        "translation": "",
        "stage": 0,
        "context": null
    },
    {
        "key": "CRY_nav_bomber_equipment_1_short:0",
        "original": "Swordfish",
        "translation": "",
        "stage": 0,
        "context": null
    },
    {
        "key": "CRY_nav_bomber_equipment_2:0",
        "original": "Fairey Albacore",
        "translation": "",
        "stage": 0,
        "context": null
    },
    {
        "key": "CRY_nav_bomber_equipment_2_short:0",
        "original": "Albacore",
        "translation": "",
        "stage": 0,
        "context": null
    },
    {
        "key": "CRY_nav_bomber_equipment_3:0",
        "original": "Fairey Barracuda",
        "translation": "",
        "stage": 0,
        "context": null
    },
    {
        "key": "CRY_nav_bomber_equipment_3_short:0",
        "original": "Barracuda",
        "translation": "",
        "stage": 0,
        "context": null
    },
    {
        "key": "CRY_strat_bomber_equipment_1:0",
        "original": "Handley Page Halifax",
        "translation": "",
        "stage": 0,
        "context": null
    },
    {
        "key": "CRY_strat_bomber_equipment_1_short:0",
        "original": "Halifax",
        "translation": "",
        "stage": 0,
        "context": null
    },
    {
        "key": "CRY_strat_bomber_equipment_2:0",
        "original": "Avro Lancaster",
        "translation": "",
        "stage": 0,
        "context": null
    },
    {
        "key": "CRY_strat_bomber_equipment_2_short:0",
        "original": "Lancaster",
        "translation": "",
        "stage": 0,
        "context": null
    },
    {
        "key": "CRY_strat_bomber_equipment_3:0",
        "original": "Avro Lincoln",
        "translation": "",
        "stage": 0,
        "context": null
    },
    {
        "key": "CRY_strat_bomber_equipment_3_short:0",
        "original": "Lincoln",
        "translation": "",
        "stage": 0,
        "context": null
    },
    {
        "key": "CRY_tac_bomber_equipment_0:0",
        "original": "Armstrong Whitworth Wheatley",
        "translation": "",
        "stage": 0,
        "context": null
    },
    {
        "key": "CRY_tac_bomber_equipment_0_short:0",
        "original": "Wheatley",
        "translation": "",
        "stage": 0,
        "context": null
    },
    {
        "key": "CRY_tac_bomber_equipment_1:0",
        "original": "Vickers Wellington",
        "translation": "",
        "stage": 0,
        "context": null
    },
    {
        "key": "CRY_tac_bomber_equipment_1_short:0",
        "original": "Wellington",
        "translation": "",
        "stage": 0,
        "context": null
    },
    {
        "key": "CRY_tac_bomber_equipment_2:0",
        "original": "Bristol Beaufort",
        "translation": "",
        "stage": 0,
        "context": null
    },
    {
        "key": "CRY_tac_bomber_equipment_2_short:0",
        "original": "Beaufort",
        "translation": "",
        "stage": 0,
        "context": null
    },
    {
        "key": "CRY_tac_bomber_equipment_3:0",
        "original": "de Havilland Mosquito B",
        "translation": "",
        "stage": 0,
        "context": null
    },
    {
        "key": "CRY_tac_bomber_equipment_3_short:0",
        "original": "Mosquito B",
        "translation": "",
        "stage": 0,
        "context": null
    },
    {
        "key": "CRY_scout_plane_equipment_1:0",
        "original": "Spitfire PR",
        "translation": "",
        "stage": 0,
        "context": null
    },
    {
        "key": "CRY_scout_plane_equipment_2:0",
        "original": "Mosquito PR",
        "translation": "",
        "stage": 0,
        "context": null
    },
    {
        "key": "CHN_CAS_equipment_1:0",
        "original": "Vespidae 87 'Stuka'",
        "translation": "",
        "stage": 0,
        "context": null
    },
    {
        "key": "CHN_CAS_equipment_1_short:0",
        "original": "Vs.87",
        "translation": "",
        "stage": 0,
        "context": null
    },
    {
        "key": "CHN_CAS_equipment_2:0",
        "original": "Vespidae 87 G 'Kanonenvogel'",
        "translation": "",
        "stage": 0,
        "context": null
    },
    {
        "key": "CHN_CAS_equipment_2_short:0",
        "original": "Vs.87 G 'Kanonenvogel'",
        "translation": "",
        "stage": 0,
        "context": null
    },
    {
        "key": "CHN_CAS_equipment_3:0",
        "original": "United Wings Association 335",
        "translation": "",
        "stage": 0,
        "context": null
    },
    {
        "key": "CHN_CAS_equipment_3_short:0",
        "original": "UWA.335",
        "translation": "",
        "stage": 0,
        "context": null
    },
    {
        "key": "CHN_cv_CAS_equipment_1:0",
        "original": "Vespidae 87 C 'Stuka'",
        "translation": "",
        "stage": 0,
        "context": null
    },
    {
        "key": "CHN_cv_CAS_equipment_1_short:0",
        "original": "Vs.87 C 'Stuka'",
        "translation": "",
        "stage": 0,
        "context": null
    },
    {
        "key": "CHN_cv_CAS_equipment_2:0",
        "original": "Vespidae 88 C",
        "translation": "",
        "stage": 0,
        "context": null
    },
    {
        "key": "CHN_cv_CAS_equipment_2_short:0",
        "original": "Vs.88 C",
        "translation": "",
        "stage": 0,
        "context": null
    },
    {
        "key": "CHN_cv_CAS_equipment_3:0",
        "original": "United Wings Association 335 C",
        "translation": "",
        "stage": 0,
        "context": null
    },
    {
        "key": "CHN_cv_CAS_equipment_3_short:0",
        "original": "UWA.335 C",
        "translation": "",
        "stage": 0,
        "context": null
    },
    {
        "key": "CHN_cv_fighter_equipment_0:0",
        "original": "Key Lake Armaments Bureau 168",
        "translation": "",
        "stage": 0,
        "context": null
    },
    {
        "key": "CHN_cv_fighter_equipment_0_short:0",
        "original": "KLAB.168",
        "translation": "",
        "stage": 0,
        "context": null
    },
    {
        "key": "CHN_cv_fighter_equipment_1:0",
        "original": "Key Lake Armaments Bureau 197",
        "translation": "",
        "stage": 0,
        "context": null
    },
    {
        "key": "CHN_cv_fighter_equipment_1_short:0",
        "original": "KLAB.197",
        "translation": "",
        "stage": 0,
        "context": null
    },
    {
        "key": "CHN_cv_fighter_equipment_2:0",
        "original": "Svarm Aircraft 109 T",
        "translation": "스파름 함재기 109 T",
        "stage": 1,
        "context": null
    },
    {
        "key": "CHN_cv_fighter_equipment_2_short:0",
        "original": "Vs.109 T",
        "translation": "",
        "stage": 0,
        "context": null
    },
    {
        "key": "CHN_cv_fighter_equipment_3:0",
        "original": "Svarm Aircraft 155",
        "translation": "스파름 함재기 155",
        "stage": 1,
        "context": null
    },
    {
        "key": "CHN_cv_fighter_equipment_3_short:0",
        "original": "Sv.155",
        "translation": "",
        "stage": 0,
        "context": null
    },
    {
        "key": "CHN_cv_nav_bomber_equipment_1:0",
        "original": "Key Lake Armaments Bureau 167",
        "translation": "",
        "stage": 0,
        "context": null
    },
    {
        "key": "CHN_cv_nav_bomber_equipment_1_short:0",
        "original": "KLAB.167",
        "translation": "",
        "stage": 0,
        "context": null
    },
    {
        "key": "CHN_cv_nav_bomber_equipment_2:0",
        "original": "Key Lake Armaments Bureau 195",
        "translation": "",
        "stage": 0,
        "context": null
    },
    {
        "key": "CHN_cv_nav_bomber_equipment_2_short:0",
        "original": "KLAB.195",
        "translation": "",
        "stage": 0,
        "context": null
    },
    {
        "key": "CHN_cv_nav_bomber_equipment_3:0",
        "original": "Key Lake Armaments Bureau 215",
        "translation": "",
        "stage": 0,
        "context": null
    },
    {
        "key": "CHN_cv_nav_bomber_equipment_3_short:0",
        "original": "KLAB.215",
        "translation": "",
        "stage": 0,
        "context": null
    },
    {
        "key": "CHN_early_bomber:0",
        "original": "United Wings Association 23",
        "translation": "",
        "stage": 0,
        "context": null
    },
    {
        "key": "CHN_early_bomber_short:0",
        "original": "UWA.23",
        "translation": "",
        "stage": 0,
        "context": null
    },
    {
        "key": "CHN_fighter_equipment_0:0",
        "original": "Svarm Aircraft 51",
        "translation": "스파름 전투기 51",
        "stage": 1,
        "context": null
    },
    {
        "key": "CHN_fighter_equipment_0_short:0",
        "original": "Sv.51",
        "translation": "",
        "stage": 0,
        "context": null
    },
    {
        "key": "CHN_fighter_equipment_1:0",
        "original": "Svarm Aircraft 109E-4",
        "translation": "스파름 전투기 109E-4",
        "stage": 1,
        "context": null
    },
    {
        "key": "CHN_fighter_equipment_1_short:0",
        "original": "Sv.109E-4",
        "translation": "",
        "stage": 0,
        "context": null
    },
    {
        "key": "CHN_fighter_equipment_2:0",
        "original": "Svarm Aircraft 109G-6",
        "translation": "스밤 전투기 109G-6",
        "stage": 1,
        "context": null
    },
    {
        "key": "CHN_fighter_equipment_2_short:0",
        "original": "Sv.109G-6",
        "translation": "",
        "stage": 0,
        "context": null
    },
    {
        "key": "CHN_fighter_equipment_3:0",
        "original": "Svarm Aircraft 109K-4",
        "translation": "스파름 전투기 109K-4",
        "stage": 1,
        "context": null
    },
    {
        "key": "CHN_fighter_equipment_3_short:0",
        "original": "Sv.109K-4",
        "translation": "",
        "stage": 0,
        "context": null
    },
    {
        "key": "CHN_heavy_fighter_equipment_1:0",
        "original": "Svarm Aircraft 110",
        "translation": "스파름 전투기 110",
        "stage": 1,
        "context": null
    },
    {
        "key": "CHN_heavy_fighter_equipment_1_short:0",
        "original": "Sv.110",
        "translation": "",
        "stage": 0,
        "context": null
    },
    {
        "key": "CHN_heavy_fighter_equipment_2:0",
        "original": "Svarm Aircraft 410 'Hornisse'",
        "translation": "스파름 항공기 410 '호르니세'",
        "stage": 1,
        "context": null
    },
    {
        "key": "CHN_heavy_fighter_equipment_2_short:0",
        "original": "Sv.410 'Hornisse'",
        "translation": "",
        "stage": 0,
        "context": null
    },
    {
        "key": "CHN_heavy_fighter_equipment_3:0",
        "original": "Fagus Vraksis.190D",
        "translation": "",
        "stage": 0,
        "context": null
    },
    {
        "key": "CHN_heavy_fighter_equipment_3_short:0",
        "original": "Fv.190D",
        "translation": "",
        "stage": 0,
        "context": null
    },
    {
        "key": "CHN_jet_fighter_equipment_1:0",
        "original": "Svarm Aircraft 262 'Schwalbe'",
        "translation": "스파름 전투기 262 '슈발베'",
        "stage": 1,
        "context": null
    },
    {
        "key": "CHN_jet_fighter_equipment_1_short:0",
        "original": "Sv.262 'Schwalbe'",
        "translation": "",
        "stage": 0,
        "context": null
    },
    {
        "key": "CHN_jet_fighter_equipment_2:0",
        "original": "Svarm Aircraft 262 HG",
        "translation": "스파름 전투기 262 HG",
        "stage": 1,
        "context": null
    },
    {
        "key": "CHN_jet_fighter_equipment_2_short:0",
        "original": "Sv.262-HG",
        "translation": "",
        "stage": 0,
        "context": null
    },
    {
        "key": "CHN_jet_fighter_equipment_x:0",
        "original": "Svarm Aircraft 262 HG V",
        "translation": "스파름 전투기 262 HG V",
        "stage": 1,
        "context": null
    },
    {
        "key": "CHN_jet_fighter_equipment_x_short:0",
        "original": "Sv.262-HG V",
        "translation": "",
        "stage": 0,
        "context": null
    },
    {
        "key": "CHN_jet_strat_bomber_equipment_1:0",
        "original": "Fagus Vraksis Areonautics XVIII",
        "translation": "",
        "stage": 0,
        "context": null
    },
    {
        "key": "CHN_jet_strat_bomber_equipment_1_desc:0",
        "original": "The experimental flying wing design is the future of stealth bombing planes. Combined with intercontinental range, this bomber can  strike even our most distant enemies before they are able to respond.",
        "translation": "",
        "stage": 0,
        "context": null
    },
    {
        "key": "CHN_jet_strat_bomber_equipment_1_short:0",
        "original": "Fv.XVIII",
        "translation": "",
        "stage": 0,
        "context": null
    },
    {
        "key": "CHN_jet_strat_bomber_equipment_x:0",
        "original": "Vespidae EF 132",
        "translation": "",
        "stage": 0,
        "context": null
    },
    {
        "key": "CHN_jet_strat_bomber_equipment_x_short:0",
        "original": "Vs.132",
        "translation": "",
        "stage": 0,
        "context": null
    },
    {
        "key": "CHN_jet_tac_bomber_equipment_1:0",
        "original": "United Wings Association 235",
        "translation": "",
        "stage": 0,
        "context": null
    },
    {
        "key": "CHN_jet_tac_bomber_equipment_1_short:0",
        "original": "UWA.235",
        "translation": "",
        "stage": 0,
        "context": null
    },
    {
        "key": "CHN_jet_tac_bomber_equipment_2:0",
        "original": "United Wings Association 234-A 'Blitz'",
        "translation": "",
        "stage": 0,
        "context": null
    },
    {
        "key": "CHN_jet_tac_bomber_equipment_2_short:0",
        "original": "UWA.234-A 'Blitz'",
        "translation": "",
        "stage": 0,
        "context": null
    },
    {
        "key": "CHN_jet_tac_bomber_equipment_x:0",
        "original": "Svarm Aircraft P.1108",
        "translation": "스파름 전술폭격기 P.1108",
        "stage": 1,
        "context": null
    },
    {
        "key": "CHN_jet_tac_bomber_equipment_x_short:0",
        "original": "Sv.1108",
        "translation": "",
        "stage": 0,
        "context": null
    },
    {
        "key": "CHN_nav_bomber_equipment_1:0",
        "original": "Key Lake Armaments Bureau 22",
        "translation": "",
        "stage": 0,
        "context": null
    },
    {
        "key": "CHN_nav_bomber_equipment_1_short:0",
        "original": "KLAB.22",
        "translation": "",
        "stage": 0,
        "context": null
    },
    {
        "key": "CHN_nav_bomber_equipment_2:0",
        "original": "Key Lake Armaments Bureau 196",
        "translation": "",
        "stage": 0,
        "context": null
    },
    {
        "key": "CHN_nav_bomber_equipment_2_short:0",
        "original": "KLAB.196",
        "translation": "",
        "stage": 0,
        "context": null
    },
    {
        "key": "CHN_nav_bomber_equipment_3:0",
        "original": "Key Lake Armaments Bureau 300",
        "translation": "",
        "stage": 0,
        "context": null
    },
    {
        "key": "CHN_nav_bomber_equipment_3_short:0",
        "original": "KLAB.300",
        "translation": "",
        "stage": 0,
        "context": null
    },
    {
        "key": "CHN_rocket_interceptor_equipment_1:0",
        "original": "Svarm Aircraft 163 'Komet'",
        "translation": "스파름 항공기 163 '코메트'",
        "stage": 1,
        "context": null
    },
    {
        "key": "CHN_rocket_interceptor_equipment_1_short:0",
        "original": "Sv.163 'Komet'",
        "translation": "",
        "stage": 0,
        "context": null
    },
    {
        "key": "CHN_rocket_interceptor_equipment_2:0",
        "original": "Fliegende Panzerfaust",
        "translation": "",
        "stage": 0,
        "context": null
    },
    {
        "key": "CHN_rocket_interceptor_equipment_2_short:0",
        "original": "FPF",
        "translation": "",
        "stage": 0,
        "context": null
    },
    {
        "key": "CHN_rocket_interceptor_equipment_3:0",
        "original": "Svarm Aircraft Volksjäger",
        "translation": "스파름 항공기 폴크셰거",
        "stage": 1,
        "context": null
    },
    {
        "key": "CHN_rocket_interceptor_equipment_3_short:0",
        "original": "Sv.VJ",
        "translation": "",
        "stage": 0,
        "context": null
    },
    {
        "key": "CHN_strat_bomber_equipment_1:0",
        "original": "Fagus Vraksis Areonautics 200",
        "translation": "",
        "stage": 0,
        "context": null
    },
    {
        "key": "CHN_strat_bomber_equipment_1_short:0",
        "original": "Fv.200",
        "translation": "",
        "stage": 0,
        "context": null
    },
    {
        "key": "CHN_strat_bomber_equipment_2:0",
        "original": "Fagus Vraksis Areonautics 177 'Greif'",
        "translation": "",
        "stage": 0,
        "context": null
    },
    {
        "key": "CHN_strat_bomber_equipment_2_short:0",
        "original": "Fv.177 'Greif'",
        "translation": "",
        "stage": 0,
        "context": null
    },
    {
        "key": "CHN_strat_bomber_equipment_3:0",
        "original": "Svarm Aircraft 264",
        "translation": "스파름 전략폭격기 264",
        "stage": 1,
        "context": null
    },
    {
        "key": "CHN_strat_bomber_equipment_3_short:0",
        "original": "Sv.264",
        "translation": "",
        "stage": 0,
        "context": null
    },
    {
        "key": "CHN_tac_bomber_equipment_0:0",
        "original": "United Wings Association 23",
        "translation": "",
        "stage": 0,
        "context": null
    },
    {
        "key": "CHN_tac_bomber_equipment_0_short:0",
        "original": "UWA.23",
        "translation": "",
        "stage": 0,
        "context": null
    },
    {
        "key": "CHN_tac_bomber_equipment_1:0",
        "original": "United Wings Association 111",
        "translation": "",
        "stage": 0,
        "context": null
    },
    {
        "key": "CHN_tac_bomber_equipment_1_short:0",
        "original": "UWA.111",
        "translation": "",
        "stage": 0,
        "context": null
    },
    {
        "key": "CHN_tac_bomber_equipment_2:0",
        "original": "Vespidae 88 A",
        "translation": "",
        "stage": 0,
        "context": null
    },
    {
        "key": "CHN_tac_bomber_equipment_2_short:0",
        "original": "Vs.88 A",
        "translation": "",
        "stage": 0,
        "context": null
    },
    {
        "key": "CHN_tac_bomber_equipment_3:0",
        "original": "Vespidae 188",
        "translation": "",
        "stage": 0,
        "context": null
    },
    {
        "key": "CHN_tac_bomber_equipment_3_short:0",
        "original": "Vs.188",
        "translation": "",
        "stage": 0,
        "context": null
    },
    {
        "key": "CHN_scout_plane_equipment_1:0",
        "original": "United Wings Association 126",
        "translation": "",
        "stage": 0,
        "context": null
    },
    {
        "key": "CHN_scout_plane_equipment_1_short:0",
        "original": "UWA.126",
        "translation": "",
        "stage": 0,
        "context": null
    },
    {
        "key": "CHN_scout_plane_equipment_2:0",
        "original": "Svarm Aircraft 189",
        "translation": "스파름 정찰기 189",
        "stage": 1,
        "context": null
    },
    {
        "key": "CHN_scout_plane_equipment_2_short:0",
        "original": "SV.189",
        "translation": "",
        "stage": 0,
        "context": null
    },
    {
        "key": "CCN_CAS_equipment_1:0",
        "original": "Vespidae 87 'Stuka'",
        "translation": "",
        "stage": 0,
        "context": null
    },
    {
        "key": "CCN_CAS_equipment_1_short:0",
        "original": "Vs.87",
        "translation": "",
        "stage": 0,
        "context": null
    },
    {
        "key": "CCN_CAS_equipment_2:0",
        "original": "Vespidae 87 G 'Kanonenvogel'",
        "translation": "",
        "stage": 0,
        "context": null
    },
    {
        "key": "CCN_CAS_equipment_2_short:0",
        "original": "Vs.87 G 'Kanonenvogel'",
        "translation": "",
        "stage": 0,
        "context": null
    },
    {
        "key": "CCN_CAS_equipment_3:0",
        "original": "United Wings Association 335",
        "translation": "",
        "stage": 0,
        "context": null
    },
    {
        "key": "CCN_CAS_equipment_3_short:0",
        "original": "UWA.335",
        "translation": "",
        "stage": 0,
        "context": null
    },
    {
        "key": "CCN_cv_CAS_equipment_1:0",
        "original": "Vespidae 87 C 'Stuka'",
        "translation": "",
        "stage": 0,
        "context": null
    },
    {
        "key": "CCN_cv_CAS_equipment_1_short:0",
        "original": "Vs.87 C 'Stuka'",
        "translation": "",
        "stage": 0,
        "context": null
    },
    {
        "key": "CCN_cv_CAS_equipment_2:0",
        "original": "Vespidae 88 C",
        "translation": "",
        "stage": 0,
        "context": null
    },
    {
        "key": "CCN_cv_CAS_equipment_2_short:0",
        "original": "Vs.88 C",
        "translation": "",
        "stage": 0,
        "context": null
    },
    {
        "key": "CCN_cv_CAS_equipment_3:0",
        "original": "United Wings Association 335 C",
        "translation": "",
        "stage": 0,
        "context": null
    },
    {
        "key": "CCN_cv_CAS_equipment_3_short:0",
        "original": "UWA.335 C",
        "translation": "",
        "stage": 0,
        "context": null
    },
    {
        "key": "CCN_cv_fighter_equipment_0:0",
        "original": "Key Lake Armaments Bureau 168",
        "translation": "",
        "stage": 0,
        "context": null
    },
    {
        "key": "CCN_cv_fighter_equipment_0_short:0",
        "original": "KLAB.168",
        "translation": "",
        "stage": 0,
        "context": null
    },
    {
        "key": "CCN_cv_fighter_equipment_1:0",
        "original": "Key Lake Armaments Bureau 197",
        "translation": "",
        "stage": 0,
        "context": null
    },
    {
        "key": "CCN_cv_fighter_equipment_1_short:0",
        "original": "KLAB.197",
        "translation": "",
        "stage": 0,
        "context": null
    },
    {
        "key": "CCN_cv_fighter_equipment_2:0",
        "original": "Svarm Aircraft 109 T",
        "translation": "스파름 함재기 109 T",
        "stage": 1,
        "context": null
    },
    {
        "key": "CCN_cv_fighter_equipment_2_short:0",
        "original": "Vs.109 T",
        "translation": "",
        "stage": 0,
        "context": null
    },
    {
        "key": "CCN_cv_fighter_equipment_3:0",
        "original": "Svarm Aircraft 155",
        "translation": "스파름 함재기 155",
        "stage": 1,
        "context": null
    },
    {
        "key": "CCN_cv_fighter_equipment_3_short:0",
        "original": "Sv.155",
        "translation": "",
        "stage": 0,
        "context": null
    },
    {
        "key": "CCN_cv_nav_bomber_equipment_1:0",
        "original": "Key Lake Armaments Bureau 167",
        "translation": "",
        "stage": 0,
        "context": null
    },
    {
        "key": "CCN_cv_nav_bomber_equipment_1_short:0",
        "original": "KLAB.167",
        "translation": "",
        "stage": 0,
        "context": null
    },
    {
        "key": "CCN_cv_nav_bomber_equipment_2:0",
        "original": "Key Lake Armaments Bureau 195",
        "translation": "",
        "stage": 0,
        "context": null
    },
    {
        "key": "CCN_cv_nav_bomber_equipment_2_short:0",
        "original": "KLAB.195",
        "translation": "",
        "stage": 0,
        "context": null
    },
    {
        "key": "CCN_cv_nav_bomber_equipment_3:0",
        "original": "Key Lake Armaments Bureau 215",
        "translation": "",
        "stage": 0,
        "context": null
    },
    {
        "key": "CCN_cv_nav_bomber_equipment_3_short:0",
        "original": "KLAB.215",
        "translation": "",
        "stage": 0,
        "context": null
    },
    {
        "key": "CCN_early_bomber:0",
        "original": "United Wings Association 23",
        "translation": "",
        "stage": 0,
        "context": null
    },
    {
        "key": "CCN_early_bomber_short:0",
        "original": "UWA.23",
        "translation": "",
        "stage": 0,
        "context": null
    },
    {
        "key": "CCN_fighter_equipment_0:0",
        "original": "Svarm Aircraft 51",
        "translation": "스파름 전투기 51",
        "stage": 1,
        "context": null
    },
    {
        "key": "CCN_fighter_equipment_0_short:0",
        "original": "Sv.51",
        "translation": "",
        "stage": 0,
        "context": null
    },
    {
        "key": "CCN_fighter_equipment_1:0",
        "original": "Svarm Aircraft 109E-4",
        "translation": "스파름 전투기 109E-4",
        "stage": 1,
        "context": null
    },
    {
        "key": "CCN_fighter_equipment_1_short:0",
        "original": "Sv.109E-4",
        "translation": "",
        "stage": 0,
        "context": null
    },
    {
        "key": "CCN_fighter_equipment_2:0",
        "original": "Svarm Aircraft 109G-6",
        "translation": "스밤 전투기 109G-6",
        "stage": 1,
        "context": null
    },
    {
        "key": "CCN_fighter_equipment_2_short:0",
        "original": "Sv.109G-6",
        "translation": "",
        "stage": 0,
        "context": null
    },
    {
        "key": "CCN_fighter_equipment_3:0",
        "original": "Svarm Aircraft 109K-4",
        "translation": "스파름 전투기 109K-4",
        "stage": 1,
        "context": null
    },
    {
        "key": "CCN_fighter_equipment_3_short:0",
        "original": "Sv.109K-4",
        "translation": "",
        "stage": 0,
        "context": null
    },
    {
        "key": "CCN_heavy_fighter_equipment_1:0",
        "original": "Svarm Aircraft 110",
        "translation": "스파름 전투기 110",
        "stage": 1,
        "context": null
    },
    {
        "key": "CCN_heavy_fighter_equipment_1_short:0",
        "original": "Sv.110",
        "translation": "",
        "stage": 0,
        "context": null
    },
    {
        "key": "CCN_heavy_fighter_equipment_2:0",
        "original": "Svarm Aircraft 410 'Hornisse'",
        "translation": "스파름 항공기 410 '호르니세'",
        "stage": 1,
        "context": null
    },
    {
        "key": "CCN_heavy_fighter_equipment_2_short:0",
        "original": "Sv.410 'Hornisse'",
        "translation": "",
        "stage": 0,
        "context": null
    },
    {
        "key": "CCN_heavy_fighter_equipment_3:0",
        "original": "Fagus Vraksis.190D",
        "translation": "",
        "stage": 0,
        "context": null
    },
    {
        "key": "CCN_heavy_fighter_equipment_3_short:0",
        "original": "Fv.190D",
        "translation": "",
        "stage": 0,
        "context": null
    },
    {
        "key": "CCN_jet_fighter_equipment_1:0",
        "original": "Svarm Aircraft 262 'Schwalbe'",
        "translation": "스파름 전투기 262 '슈발베'",
        "stage": 1,
        "context": null
    },
    {
        "key": "CCN_jet_fighter_equipment_1_short:0",
        "original": "Sv.262 'Schwalbe'",
        "translation": "",
        "stage": 0,
        "context": null
    },
    {
        "key": "CCN_jet_fighter_equipment_2:0",
        "original": "Svarm Aircraft 262 HG",
        "translation": "스파름 전투기 262 HG",
        "stage": 1,
        "context": null
    },
    {
        "key": "CCN_jet_fighter_equipment_2_short:0",
        "original": "Sv.262-HG",
        "translation": "Sv.329",
        "stage": 1,
        "context": null
    },
    {
        "key": "CCN_jet_fighter_equipment_x:0",
        "original": "Svarm Aircraft 262 HG V",
        "translation": "스파름 전투기 262 HG V",
        "stage": 1,
        "context": null
    },
    {
        "key": "CCN_jet_fighter_equipment_x_short:0",
        "original": "Sv.262-HG V",
        "translation": "",
        "stage": 0,
        "context": null
    },
    {
        "key": "CCN_jet_strat_bomber_equipment_x:0",
        "original": "Vespidae EF 132",
        "translation": "",
        "stage": 0,
        "context": null
    },
    {
        "key": "CCN_jet_strat_bomber_equipment_x_short:0",
        "original": "Vs.132",
        "translation": "",
        "stage": 0,
        "context": null
    },
    {
        "key": "CCN_jet_strat_bomber_equipment_1:0",
        "original": "Fagus Vraksis Areonautics XVIII",
        "translation": "",
        "stage": 0,
        "context": null
    },
    {
        "key": "CCN_jet_strat_bomber_equipment_1_desc:0",
        "original": "The experimental flying wing design is the future of stealth bombing planes. Combined with intercontinental range, this bomber can  strike even our most distant enemies before they are able to respond.",
        "translation": "",
        "stage": 0,
        "context": null
    },
    {
        "key": "CCN_jet_strat_bomber_equipment_1_short:0",
        "original": "Fv.XVIII",
        "translation": "",
        "stage": 0,
        "context": null
    },
    {
        "key": "CCN_jet_tac_bomber_equipment_1:0",
        "original": "United Wings Association 235",
        "translation": "United Wings Association 132",
        "stage": 1,
        "context": null
    },
    {
        "key": "CCN_jet_tac_bomber_equipment_1_short:0",
        "original": "UWA.235",
        "translation": "UWA.132",
        "stage": 1,
        "context": null
    },
    {
        "key": "CCN_jet_tac_bomber_equipment_2:0",
        "original": "United Wings Association 234-A 'Blitz'",
        "translation": "United Wings Association 234 'Blitz'",
        "stage": 1,
        "context": null
    },
    {
        "key": "CCN_jet_tac_bomber_equipment_2_short:0",
        "original": "UWA.234-A 'Blitz'",
        "translation": "UWA.234 'Blitz'",
        "stage": 1,
        "context": null
    },
    {
        "key": "CCN_jet_tac_bomber_equipment_x:0",
        "original": "Svarm Aircraft P.1108",
        "translation": "스파름 전술폭격기 P.1108",
        "stage": 1,
        "context": null
    },
    {
        "key": "CCN_jet_tac_bomber_equipment_x_short:0",
        "original": "Sv.1108",
        "translation": "",
        "stage": 0,
        "context": null
    },
    {
        "key": "CCN_nav_bomber_equipment_1:0",
        "original": "Key Lake Armaments Bureau 22",
        "translation": "",
        "stage": 0,
        "context": null
    },
    {
        "key": "CCN_nav_bomber_equipment_1_short:0",
        "original": "KLAB.22",
        "translation": "",
        "stage": 0,
        "context": null
    },
    {
        "key": "CCN_nav_bomber_equipment_2:0",
        "original": "Key Lake Armaments Bureau 196",
        "translation": "",
        "stage": 0,
        "context": null
    },
    {
        "key": "CCN_nav_bomber_equipment_2_short:0",
        "original": "KLAB.196",
        "translation": "",
        "stage": 0,
        "context": null
    },
    {
        "key": "CCN_nav_bomber_equipment_3:0",
        "original": "Key Lake Armaments Bureau 300",
        "translation": "",
        "stage": 0,
        "context": null
    },
    {
        "key": "CCN_nav_bomber_equipment_3_short:0",
        "original": "KLAB.300",
        "translation": "",
        "stage": 0,
        "context": null
    },
    {
        "key": "CCN_rocket_interceptor_equipment_1:0",
        "original": "Svarm Aircraft 163 'Komet'",
        "translation": "스파름 항공기 163 '코메트'",
        "stage": 1,
        "context": null
    },
    {
        "key": "CCN_rocket_interceptor_equipment_1_short:0",
        "original": "Sv.163 'Komet'",
        "translation": "",
        "stage": 0,
        "context": null
    },
    {
        "key": "CCN_rocket_interceptor_equipment_2:0",
        "original": "Fliegende Panzerfaust",
        "translation": "",
        "stage": 0,
        "context": null
    },
    {
        "key": "CCN_rocket_interceptor_equipment_2_short:0",
        "original": "FPF",
        "translation": "",
        "stage": 0,
        "context": null
    },
    {
        "key": "CCN_rocket_interceptor_equipment_3:0",
        "original": "Svarm Aircraft Volksjäger",
        "translation": "스파름 항공기 폴크셰거",
        "stage": 1,
        "context": null
    },
    {
        "key": "CCN_rocket_interceptor_equipment_3_short:0",
        "original": "Sv.VJ",
        "translation": "",
        "stage": 0,
        "context": null
    },
    {
        "key": "CCN_strat_bomber_equipment_1:0",
        "original": "Fagus Vraksis Areonautics 19",
        "translation": "",
        "stage": 0,
        "context": null
    },
    {
        "key": "CCN_strat_bomber_equipment_1_short:0",
        "original": "Fv.19",
        "translation": "",
        "stage": 0,
        "context": null
    },
    {
        "key": "CCN_strat_bomber_equipment_2:0",
        "original": "Fagus Vraksis Areonautics 177 'Greif'",
        "translation": "",
        "stage": 0,
        "context": null
    },
    {
        "key": "CCN_strat_bomber_equipment_2_short:0",
        "original": "Fv.177 'Greif'",
        "translation": "",
        "stage": 0,
        "context": null
    },
    {
        "key": "CCN_strat_bomber_equipment_3:0",
        "original": "Fagus Vraksis Areonautics 400",
        "translation": "",
        "stage": 0,
        "context": null
    },
    {
        "key": "CCN_strat_bomber_equipment_3_short:0",
        "original": "Fv.400",
        "translation": "",
        "stage": 0,
        "context": null
    },
    {
        "key": "CCN_tac_bomber_equipment_0:0",
        "original": "United Wings Association 23",
        "translation": "",
        "stage": 0,
        "context": null
    },
    {
        "key": "CCN_tac_bomber_equipment_0_short:0",
        "original": "UWA.23",
        "translation": "",
        "stage": 0,
        "context": null
    },
    {
        "key": "CCN_tac_bomber_equipment_1:0",
        "original": "United Wings Association 111",
        "translation": "",
        "stage": 0,
        "context": null
    },
    {
        "key": "CCN_tac_bomber_equipment_1_short:0",
        "original": "UWA.111",
        "translation": "",
        "stage": 0,
        "context": null
    },
    {
        "key": "CCN_tac_bomber_equipment_2:0",
        "original": "Vespidae 88 A",
        "translation": "",
        "stage": 0,
        "context": null
    },
    {
        "key": "CCN_tac_bomber_equipment_2_short:0",
        "original": "Vs.88 A",
        "translation": "",
        "stage": 0,
        "context": null
    },
    {
        "key": "CCN_tac_bomber_equipment_3:0",
        "original": "Vespidae 188",
        "translation": "",
        "stage": 0,
        "context": null
    },
    {
        "key": "CCN_tac_bomber_equipment_3_short:0",
        "original": "Vs.188",
        "translation": "",
        "stage": 0,
        "context": null
    },
    {
        "key": "CCN_scout_plane_equipment_1:0",
        "original": "United Wings Association 126",
        "translation": "",
        "stage": 0,
        "context": null
    },
    {
        "key": "CCN_scout_plane_equipment_1_short:0",
        "original": "UWA.126",
        "translation": "",
        "stage": 0,
        "context": null
    },
    {
        "key": "CCN_scout_plane_equipment_2:0",
        "original": "Svarm Aircraft 189",
        "translation": "스파름 정찰기 189",
        "stage": 1,
        "context": null
    },
    {
        "key": "CCN_scout_plane_equipment_2_short:0",
        "original": "SV.189",
        "translation": "",
        "stage": 0,
        "context": null
    },
    {
        "key": "STG_CAS_equipment_1:0",
        "original": "SU-2",
        "translation": "",
        "stage": 0,
        "context": null
    },
    {
        "key": "STG_CAS_equipment_1_short:0",
        "original": "Su-2",
        "translation": "",
        "stage": 0,
        "context": null
    },
    {
        "key": "STG_CAS_equipment_2:0",
        "original": "Ilyushin IL-2 Sturmovik",
        "translation": "",
        "stage": 0,
        "context": null
    },
    {
        "key": "STG_CAS_equipment_2_short:0",
        "original": "IL-2 Sturmovik",
        "translation": "",
        "stage": 0,
        "context": null
    },
    {
        "key": "STG_CAS_equipment_3:0",
        "original": "Ilyushin IL-10",
        "translation": "",
        "stage": 0,
        "context": null
    },
    {
        "key": "STG_CAS_equipment_3_short:0",
        "original": "IL-10",
        "translation": "",
        "stage": 0,
        "context": null
    },
    {
        "key": "STG_cv_CAS_equipment_1:0",
        "original": "Tumansky Palubniy M-88",
        "translation": "",
        "stage": 0,
        "context": null
    },
    {
        "key": "STG_cv_CAS_equipment_1_short:0",
        "original": "PM-88",
        "translation": "",
        "stage": 0,
        "context": null
    },
    {
        "key": "STG_cv_CAS_equipment_2:0",
        "original": "Ilyushin Il-2T",
        "translation": "",
        "stage": 0,
        "context": null
    },
    {
        "key": "STG_cv_CAS_equipment_2_short:0",
        "original": "Il-2T",
        "translation": "",
        "stage": 0,
        "context": null
    },
    {
        "key": "STG_cv_CAS_equipment_3:0",
        "original": "Ilyushin IL-10T",
        "translation": "",
        "stage": 0,
        "context": null
    },
    {
        "key": "STG_cv_CAS_equipment_3_short:0",
        "original": "IL-10T",
        "translation": "",
        "stage": 0,
        "context": null
    },
    {
        "key": "STG_cv_fighter_equipment_0:0",
        "original": "Polikarpov I-15UD",
        "translation": "",
        "stage": 0,
        "context": null
    },
    {
        "key": "STG_cv_fighter_equipment_0_short:0",
        "original": "I-15UD",
        "translation": "",
        "stage": 0,
        "context": null
    },
    {
        "key": "STG_cv_fighter_equipment_1:0",
        "original": "Polikarpov I-153",
        "translation": "",
        "stage": 0,
        "context": null
    },
    {
        "key": "STG_cv_fighter_equipment_1_short:0",
        "original": "I-153",
        "translation": "",
        "stage": 0,
        "context": null
    },
    {
        "key": "STG_cv_fighter_equipment_2:0",
        "original": "Yakovlev Yak-1M",
        "translation": "",
        "stage": 0,
        "context": null
    },
    {
        "key": "STG_cv_fighter_equipment_2_short:0",
        "original": "Yak-1M",
        "translation": "",
        "stage": 0,
        "context": null
    },
    {
        "key": "STG_cv_fighter_equipment_3:0",
        "original": "Yakovlev Yak-9T",
        "translation": "",
        "stage": 0,
        "context": null
    },
    {
        "key": "STG_cv_fighter_equipment_3_short:0",
        "original": "Yak-9T",
        "translation": "",
        "stage": 0,
        "context": null
    },
    {
        "key": "STG_cv_nav_bomber_equipment_1:0",
        "original": "Ilyushin Palubniy Il-4",
        "translation": "",
        "stage": 0,
        "context": null
    },
    {
        "key": "STG_cv_nav_bomber_equipment_1_short:0",
        "original": "PIl-4",
        "translation": "",
        "stage": 0,
        "context": null
    },
    {
        "key": "STG_cv_nav_bomber_equipment_2:0",
        "original": "Tupolev Palubniy ANT-62T",
        "translation": "",
        "stage": 0,
        "context": null
    },
    {
        "key": "STG_cv_nav_bomber_equipment_2_short:0",
        "original": "PANT-62T",
        "translation": "",
        "stage": 0,
        "context": null
    },
    {
        "key": "STG_cv_nav_bomber_equipment_3:0",
        "original": "Ilyushin Palubniy Il-6",
        "translation": "",
        "stage": 0,
        "context": null
    },
    {
        "key": "STG_cv_nav_bomber_equipment_3_short:0",
        "original": "PIl-6",
        "translation": "",
        "stage": 0,
        "context": null
    },
    {
        "key": "STG_early_bomber:0",
        "original": "Ilyushin DB-3",
        "translation": "",
        "stage": 0,
        "context": null
    },
    {
        "key": "STG_early_bomber_short:0",
        "original": "DB-3",
        "translation": "",
        "stage": 0,
        "context": null
    },
    {
        "key": "STG_fighter_equipment_0:0",
        "original": "I-15",
        "translation": "",
        "stage": 0,
        "context": null
    },
    {
        "key": "STG_fighter_equipment_0_short:0",
        "original": "I-15",
        "translation": "",
        "stage": 0,
        "context": null
    },
    {
        "key": "STG_fighter_equipment_1:0",
        "original": "LaGG-3",
        "translation": "",
        "stage": 0,
        "context": null
    },
    {
        "key": "STG_fighter_equipment_1_short:0",
        "original": "LaGG-3",
        "translation": "",
        "stage": 0,
        "context": null
    },
    {
        "key": "STG_fighter_equipment_2:0",
        "original": "Lavochka 5",
        "translation": "",
        "stage": 0,
        "context": null
    },
    {
        "key": "STG_fighter_equipment_2_short:0",
        "original": "La-5",
        "translation": "",
        "stage": 0,
        "context": null
    },
    {
        "key": "STG_fighter_equipment_3:0",
        "original": "Yak-3",
        "translation": "",
        "stage": 0,
        "context": null
    },
    {
        "key": "STG_fighter_equipment_3_short:0",
        "original": "Yak-3",
        "translation": "",
        "stage": 0,
        "context": null
    },
    {
        "key": "STG_heavy_fighter_equipment_1:0",
        "original": "MiG-3",
        "translation": "",
        "stage": 0,
        "context": null
    },
    {
        "key": "STG_heavy_fighter_equipment_1_short:0",
        "original": "MiG-3",
        "translation": "",
        "stage": 0,
        "context": null
    },
    {
        "key": "STG_heavy_fighter_equipment_2:0",
        "original": "Petlyakov Pe-2",
        "translation": "",
        "stage": 0,
        "context": null
    },
    {
        "key": "STG_heavy_fighter_equipment_2_short:0",
        "original": "Pe-2",
        "translation": "",
        "stage": 0,
        "context": null
    },
    {
        "key": "STG_heavy_fighter_equipment_3:0",
        "original": "Tupolev Tu-1",
        "translation": "",
        "stage": 0,
        "context": null
    },
    {
        "key": "STG_heavy_fighter_equipment_3_short:0",
        "original": "Tu-1",
        "translation": "",
        "stage": 0,
        "context": null
    },
    {
        "key": "STG_jet_fighter_equipment_1:0",
        "original": "Yakovlev-15",
        "translation": "",
        "stage": 0,
        "context": null
    },
    {
        "key": "STG_jet_fighter_equipment_1_short:0",
        "original": "Yak-15",
        "translation": "",
        "stage": 0,
        "context": null
    },
    {
        "key": "STG_jet_fighter_equipment_2:0",
        "original": "Mikoyan-Guerevich MiG-15",
        "translation": "",
        "stage": 0,
        "context": null
    },
    {
        "key": "STG_jet_fighter_equipment_2_short:0",
        "original": "MiG-15",
        "translation": "",
        "stage": 0,
        "context": null
    },
    {
        "key": "STG_jet_fighter_equipment_x:0",
        "original": "Mikoyan-Guerevich MiG-21",
        "translation": "",
        "stage": 0,
        "context": null
    },
    {
        "key": "STG_jet_fighter_equipment_x_short:0",
        "original": "MiG-21",
        "translation": "",
        "stage": 0,
        "context": null
    },
    {
        "key": "STG_jet_strat_bomber_equipment_1:0",
        "original": "Tupolev Tu-95",
        "translation": "",
        "stage": 0,
        "context": null
    },
    {
        "key": "STG_jet_strat_bomber_equipment_1_short:0",
        "original": "Tu-95",
        "translation": "",
        "stage": 0,
        "context": null
    },
    {
        "key": "STG_jet_strat_bomber_equipment_x:0",
        "original": "Myasishchev M-4",
        "translation": "",
        "stage": 0,
        "context": null
    },
    {
        "key": "STG_jet_strat_bomber_equipment_x_short:0",
        "original": "M-4",
        "translation": "",
        "stage": 0,
        "context": null
    },
    {
        "key": "STG_jet_tac_bomber_equipment_1:0",
        "original": "Ilyushin Il-28",
        "translation": "",
        "stage": 0,
        "context": null
    },
    {
        "key": "STG_jet_tac_bomber_equipment_1_short:0",
        "original": "Il-28",
        "translation": "",
        "stage": 0,
        "context": null
    },
    {
        "key": "STG_jet_tac_bomber_equipment_2:0",
        "original": "Tupolev Tu-16",
        "translation": "",
        "stage": 0,
        "context": null
    },
    {
        "key": "STG_jet_tac_bomber_equipment_2_short:0",
        "original": "Tu-16",
        "translation": "",
        "stage": 0,
        "context": null
    },
    {
        "key": "STG_jet_tac_bomber_equipment_x:0",
        "original": "IL-54",
        "translation": "",
        "stage": 0,
        "context": null
    },
    {
        "key": "STG_jet_tac_bomber_equipment_x_short:0",
        "original": "IL-54",
        "translation": "",
        "stage": 0,
        "context": null
    },
    {
        "key": "STG_nav_bomber_equipment_1:0",
        "original": "Ilyushin Il-4",
        "translation": "",
        "stage": 0,
        "context": null
    },
    {
        "key": "STG_nav_bomber_equipment_1_short:0",
        "original": "Il-4",
        "translation": "",
        "stage": 0,
        "context": null
    },
    {
        "key": "STG_nav_bomber_equipment_2:0",
        "original": "Tupolev Tu-2D",
        "translation": "",
        "stage": 0,
        "context": null
    },
    {
        "key": "STG_nav_bomber_equipment_2_short:0",
        "original": "Tu-2D",
        "translation": "",
        "stage": 0,
        "context": null
    },
    {
        "key": "STG_nav_bomber_equipment_3:0",
        "original": "Ilyushin Il-6",
        "translation": "",
        "stage": 0,
        "context": null
    },
    {
        "key": "STG_nav_bomber_equipment_3_short:0",
        "original": "Il-6",
        "translation": "",
        "stage": 0,
        "context": null
    },
    {
        "key": "STG_strat_bomber_equipment_1:0",
        "original": "IL-4",
        "translation": "",
        "stage": 0,
        "context": null
    },
    {
        "key": "STG_strat_bomber_equipment_1_short:0",
        "original": "IL-4",
        "translation": "",
        "stage": 0,
        "context": null
    },
    {
        "key": "STG_strat_bomber_equipment_2:0",
        "original": "Petlyakov Pe-8",
        "translation": "",
        "stage": 0,
        "context": null
    },
    {
        "key": "STG_strat_bomber_equipment_2_short:0",
        "original": "Pe-8",
        "translation": "",
        "stage": 0,
        "context": null
    },
    {
        "key": "STG_strat_bomber_equipment_3:0",
        "original": "Tupolev Tu-4",
        "translation": "",
        "stage": 0,
        "context": null
    },
    {
        "key": "STG_strat_bomber_equipment_3_short:0",
        "original": "Tu-4",
        "translation": "",
        "stage": 0,
        "context": null
    },
    {
        "key": "STG_tac_bomber_equipment_0:0",
        "original": "Ilyushin DB-3",
        "translation": "",
        "stage": 0,
        "context": null
    },
    {
        "key": "STG_tac_bomber_equipment_0_short:0",
        "original": "DB-3",
        "translation": "",
        "stage": 0,
        "context": null
    },
    {
        "key": "STG_tac_bomber_equipment_1:0",
        "original": "Tupolev SB-2M",
        "translation": "",
        "stage": 0,
        "context": null
    },
    {
        "key": "STG_tac_bomber_equipment_1_short:0",
        "original": "SB-2M",
        "translation": "",
        "stage": 0,
        "context": null
    },
    {
        "key": "STG_tac_bomber_equipment_2:0",
        "original": "Tupolev Tu-2",
        "translation": "",
        "stage": 0,
        "context": null
    },
    {
        "key": "STG_tac_bomber_equipment_2_short:0",
        "original": "Tu-2",
        "translation": "",
        "stage": 0,
        "context": null
    },
    {
        "key": "STG_tac_bomber_equipment_3:0",
        "original": "Tupolev Tu-8",
        "translation": "",
        "stage": 0,
        "context": null
    },
    {
        "key": "STG_tac_bomber_equipment_3_short:0",
        "original": "Tu-8",
        "translation": "",
        "stage": 0,
        "context": null
    },
    {
        "key": "STG_transport_plane:0",
        "original": "Li-2",
        "translation": "",
        "stage": 0,
        "context": null
    },
    {
        "key": "STG_transport_plane_equipment_1:0",
        "original": "Li-2",
        "translation": "",
        "stage": 0,
        "context": null
    },
    {
        "key": "STG_scout_plane_equipment_1:0",
        "original": "R-10",
        "translation": "",
        "stage": 0,
        "context": null
    },
    {
        "key": "STG_scout_plane_equipment_2:0",
        "original": "Yak-2",
        "translation": "",
        "stage": 0,
        "context": null
    },
    {
        "key": "jet_scout_plane_equipment:0",
        "original": "Jet Scout Plane",
        "translation": "",
        "stage": 0,
        "context": null
    }
]