[
    {
        "key": "integration_occupation:0",
        "original": "Integration (only for certain countries)",
        "translation": "합병 (특정 국가만 가능)",
        "stage": 1,
        "context": null
    },
    {
        "key": "compliance_40_core:0",
        "original": "Full Integration",
        "translation": "완전 합병",
        "stage": 1,
        "context": null
    },
    {
        "key": "add_to_ROOT_potential_original_cores_TT:0",
        "original": "Can be cored by [Root.GetName] if average §Hcompliance§! of occupied states reaches §H40%§!.",
        "translation": "점령지의 평균 §H순응§!이 §H40%§!가 되면 [Root.GetName]의 핵심 주가 될 수 있습니다.",
        "stage": 1,
        "context": null
    },
    {
        "key": "add_to_ROOT_potential_cores_TT:0",
        "original": "Can be cored by [Root.GetName] if average §Hcompliance§! of occupied states reaches §H40%§!.",
        "translation": "점령지의 평균 §H순응§!이 §H40%§!가 되면 [Root.GetName]의 핵심 주가 될 수 있습니다.",
        "stage": 1,
        "context": null
    },
    {
        "key": "resistance_boosted:0",
        "original": "Resistance already strengthened",
        "translation": "저항이 이미 강화됨",
        "stage": 1,
        "context": null
    }
]