[
    {
        "key": "EQS_STATUS:0",
        "original": "Equestria",
        "translation": "이퀘스트리아",
        "stage": 1,
        "context": null
    },
    {
        "key": "RULE_OPTION_DEFAULT_EQS_STATUS_DESC:0",
        "original": "Equestria is a peaceful and harmonious nation united under a diarchy of two alicorn sisters.",
        "translation": "이퀘스트리아는 두 알리콘 자매의 통치 아래 단결한, 평화롭고 조화로운 국가입니다.",
        "stage": 1,
        "context": null
    },
    {
        "key": "RULE_OPTION_EQS_STATUS_CIVIL_WAR:0",
        "original": "Civil War",
        "translation": "내전",
        "stage": 1,
        "context": null
    },
    {
        "key": "RULE_OPTION_EQS_STATUS_CIVIL_WAR_DESC:0",
        "original": "Equestria is torn asunder by brutal civil war between Celestial loyalists, Lunarists and numerous breakaway states.",
        "translation": "이퀘스트리아는 셀레스티아 파와 루나 파, 그리고 수많은 독립 국가들로 갈라져 끔찍한 내전을 치르고 있습니다. ",
        "stage": 1,
        "context": null
    },
    {
        "key": "RIVER_FED_STATUS:0",
        "original": "The River Federation",
        "translation": "리버 연방",
        "stage": 1,
        "context": null
    },
    {
        "key": "RULE_OPTION_DEFAULT_RIVER_FED_DESC:0",
        "original": "The River Federation starts divided between its potential member states as intended.",
        "translation": "리버 연방의 회원국들이 각자 분리된 상태토 시작합니다.",
        "stage": 1,
        "context": null
    },
    {
        "key": "RULE_OPTION_RIVER_FED_UNITED:0",
        "original": "Federated",
        "translation": "연합",
        "stage": 1,
        "context": null
    },
    {
        "key": "RULE_OPTION_RIVER_FED_UNITED_DESC:0",
        "original": "The River Federation starts federated with all member states having been united under the River Republic. This can help improve performance.",
        "translation": "리버 연방의 모든 회원국들이 리버 공화국 아래 연합한 상태로 시작합니다. 게임 성능을 향상시킬 것입니다.",
        "stage": 1,
        "context": null
    },
    {
        "key": "GRI_EMPIRE_STATUS:0",
        "original": "The Griffonian Empire",
        "translation": "그리포니아 제국",
        "stage": 1,
        "context": null
    },
    {
        "key": "RULE_OPTION_DEFAULT_GRI_EMPIRE_DESC:0",
        "original": "The post-collapse Griffonian Empire is a remnant of its former glory, and many of its vassals have seceeded.",
        "translation": "몰락한 그리포니아 제국은 그저 이전 시대의 영광의 잔재일 뿐이며 과거의 속국들이 그 영광을 계승하고자 합니다.",
        "stage": 1,
        "context": null
    },
    {
        "key": "RULE_OPTION_GRI_EMPIRE_UNITED:0",
        "original": "Griffonian Empire",
        "translation": "그리포니아 제국",
        "stage": 1,
        "context": null
    },
    {
        "key": "RULE_OPTION_GRI_EMPIRE_UNITED_DESC:0",
        "original": "The Empire at the peak of its expansion and the height of its power on the Griffonian Continent.\\n\\nUntested. May lead to unintended occurences. Please do not report bugs with this Game Rule on.",
        "translation": "그리포니아 제국의 팽창은 절정에 달했으며, 그들의 권세가 그리포니아 대륙 전체에 미치고 있습니다.\\n\\n테스트를 거치지 않았음. 의도치 않은 버그가 발생할 수 있으니 이 룰을 적용한 상태로 생기는 버그는 보고하지 마십시오.",
        "stage": 1,
        "context": null
    },
    {
        "key": "HLR_AND_DED_STATUS:0",
        "original": "The Northern War",
        "translation": "북방 전쟁",
        "stage": 1,
        "context": null
    },
    {
        "key": "RULE_OPTION_DEFAULT_HLR_AND_DED_DESC:0",
        "original": "The Arcturian Order and the Dread League will confront each other as usual.",
        "translation": "아크투리우스 기사단과 드레드 리그가 분쟁 중입니다. 언제나 그랬듯이요.",
        "stage": 1,
        "context": null
    },
    {
        "key": "RULE_OPTION_EARLY_CRUSADE:0",
        "original": "Early Black Crusade",
        "translation": "이른 검은 십자군",
        "stage": 1,
        "context": null
    },
    {
        "key": "RULE_OPTION_EARLY_CRUSADE_DESC:0",
        "original": "AI Dread League is not restricted and is able to begin the Black Crusade before 1022.",
        "translation": "AI 드레드 리그가 1022년 이전에 검은 십자군 원정을 시작할 수 있습니다.",
        "stage": 1,
        "context": null
    },
    {
        "key": "RULE_OPTION_DED_ANNEXED:0",
        "original": "Threat Contained",
        "translation": "격리된 위험",
        "stage": 1,
        "context": null
    },
    {
        "key": "RULE_OPTION_DED_ANNEXED_DESC:0",
        "original": "The Dread League does not exist and the Arcturian Order guards its lands. This can help improve performance.",
        "translation": "드레드리그는 존재하지 않으며 아크투리우스 기사단이 그 지역을 차지하고 있습니다. 게임 성능을 향상시킬 것입니다.",
        "stage": 1,
        "context": null
    },
    {
        "key": "RULE_OPTION_REAL_THREAT:0",
        "original": "The Dread Apocalypse",
        "translation": "종말의 기수, 드레드 리그",
        "stage": 1,
        "context": null
    },
    {
        "key": "RULE_OPTION_REAL_THREAT_DESC:0",
        "original": "The Dread League will recieve large additional buffs, and go down both branches of its focus tree at once, greatly strengthening it. The Black Crusade will occur after 1018.\\n\\nDefeating the Dread League will be a serious challenge, and it will be almost impossible for the Arcturian Order to win. Not recommended for casual players. The buffs will only apply to an AI Dread League.",
        "translation": "드레드 리그는 큰 버프를 받으며, 한 번에 두 가지의 국가 중점을 타고 내려가며 국가를 성장시켜 나갈 것입니다. 검은 십자군은 1018년 이후에 일어날 것입니다.\\n\\n드레드 리그를 이기는 것은 어려운 도전이 될 것이며 특히 아크투리우스 기사단으로 이기는 건 불가능에 가까울 것입니다. 초보자에게는 권장하지 않습니다.",
        "stage": 1,
        "context": null
    },
    {
        "key": "EQS_PUPPET_STATUS:0",
        "original": "The Equestrian Dominions",
        "translation": "이퀘스트리아의 자치령",
        "stage": 1,
        "context": null
    },
    {
        "key": "RULE_OPTION_DEFAULT_EQS_DESC:0",
        "original": "Mainland Equestria rules over its dominions of New Mareland and the Crystal Empire. Stalliongrad is an independent communist republic.",
        "translation": "이퀘스트리아는 뉴 메어랜드와 크리스탈 왕국을 자치령으로 두고 있습니다. 스탈리온그라드는 독립적인 공산주의 국가입니다.",
        "stage": 1,
        "context": null
    },
    {
        "key": "RULE_OPTION_DIRECT_RULE:0",
        "original": "Direct Rule From Canterlot",
        "translation": "캔틀롯으로부터의 직접통치",
        "stage": 1,
        "context": null
    },
    {
        "key": "RULE_OPTION_DIRECT_RULE_DESC:0",
        "original": "All Equestrian territories are ruled by decree from Canterlot.\\n\\nUntested. May lead to unintended occurences. Please do not report bugs with this Game Rule on.",
        "translation": "이퀘스트리아의 모든 영토는 캔틀롯의 법령에 의해 다스려집니다.\\n\\n테스트를 거치지 않았음. 의도치 않은 버그가 발생할 수 있으니 이 룰을 적용한 상태로 생기는 버그는 보고하지 마십시오.",
        "stage": 1,
        "context": null
    },
    {
        "key": "RULE_ALLOW_FACTION:0",
        "original": "£eaw_text  Create and Join Factions",
        "translation": "£eaw_text  세력 창설과 가입",
        "stage": 1,
        "context": null
    },
    {
        "key": "RULE_ALLOW_FACTION_BLOCKED_DESC:0",
        "original": "Factions will be created and expanded only by focuses and events.\\n\\nDefault £eaw_text  §YEquestria at War§! experience. Recommended.",
        "translation": "세력은 국가 중점과 이벤트를 따라서만 창설될 것 입니다.\\n\\n권장되는 £eaw_text  §Y이퀘스트리아 앳 워§! 기본 설정입니다.",
        "stage": 1,
        "context": null
    },
    {
        "key": "RULE_ALLOW_FACTION_ALLOWED_DESC:0",
        "original": "Fully sovereign countries may create, join and invite to factions, unless they lack respective rules.\\n\\n§RNot recommended, will lead to many unintended and untested occurences. Be warned.§!",
        "translation": "모든 국가가 자유롭게 세략을 창설하고 가입할 것 입니다.\\n\\n§R주의. 의도치 않은 결과를 야기할 수 있으므로 권장하지 않습니다.§!",
        "stage": 1,
        "context": null
    },
    {
        "key": "RULE_OPTION_HUMANS_ONLY:0",
        "original": "Humans Only",
        "translation": "인간 플레이어만",
        "stage": 1,
        "context": null
    },
    {
        "key": "RULE_ALLOW_FACTION_HUMANS_ONLY_DESC:0",
        "original": "Fully sovereign countries with a human player (not AI) may create, join and invite to factions (including AI-led factions), unless they lack respective rules.\\n\\nRecommended for multiplayer.",
        "translation": "AI가 아닌 인간 플레이어의 완전 주권 국가는 세력을 창설하거나, 다른 규칙 제한이 없는 한 세력에 초대하거나 가입할 수 있습니다(AI의 세력 포함).\\n\\n멀티플레이에서 권장됩니다.",
        "stage": 1,
        "context": null
    },
    {
        "key": "RULE_FACTION_BLOCKED_TT:0",
        "original": "Game Rule: §RCountries may not create, join or invite to factions.§!",
        "translation": "게임 규칙: §R국가들은 세력을 창설하거나 세력에 초대, 가입할 수 없습니다.§!",
        "stage": 1,
        "context": null
    },
    {
        "key": "RULE_FACTION_HUMANS_ONLY_TT:0",
        "original": "Game Rule: §ROnly countries with humans may create, join or invite to factions.§!",
        "translation": "게임 규칙: §R인간이 플레이하는 국가들만 세력을 창설하거나 세력에 초대, 가입할 수 있습니다.§!",
        "stage": 1,
        "context": null
    },
    {
        "key": "RULE_AI_DIVISION_LIMITER:0",
        "original": "£eaw_text  AI Division Limiter",
        "translation": "£eaw_text  AI 사단수 제한",
        "stage": 1,
        "context": null
    },
    {
        "key": "RULE_AI_DIVISION_LIMITER_ALLOWED_DESC:0",
        "original": "AI will limit the amount of fielded divisions based on the amount of their factories, whether they are at war, a major and the World Tension. This allows for better game performance and helps to stop the AI from using underequipped divisions. Certain nations are exempt from the limit.\\n\\nDefault £eaw_text  §YEquestria at War§! experience. Recommended.\\n\\nAlso available as a separate mod, \"AI Division Limiter\" (do not run together with £eaw_text  §YEquestria at War§!).",
        "translation": "AI는 전쟁 여부, 열강 여부, 세계 긴장도에 관계없이 그들의 공장 수에 기초해서 사단의 숫자를 제한할 것입니다. 이것은 게임 성능을 향상시키며 AI가 낮은 내구도의 사단들을 사용하는 것을 막는데 도움을 줍니다. 특정 국가들은 이 제한을 받지 않습니다.\\n\\n권장되는 £eaw_text  §Y이퀘스트리아 앳 워§!의 기본 설정입니다.\\n\\n이 기능은 AI Division Limiter이라는 별개의 모드로도 존재합니다. (£eaw_text §Y이퀘스트리아 앳 워§!와 함께 적용하지 마십시오)",
        "stage": 1,
        "context": null
    },
    {
        "key": "RULE_AI_DIVISION_LIMITER_BLOCKED_DESC:0",
        "original": "The amount of divisions AI can field will not be limited.\\n\\nDefault §YHearts of Iron IV§! experience.",
        "translation": "AI가 배치할 수 있는 사단의 숫자에 제한이 걸리지 않습니다.\\n\\n§Y하츠 오브 아이언 IV§!의 기본 설정입니다.",
        "stage": 1,
        "context": null
    },
    {
        "key": "DIPLOMACY_NOT_DETACHED_COUNTRY:0",
        "original": "§REither we or them are a§! §HDetached Country.§!",
        "translation": "§R우리 혹은 상대방이 §! §HDetached Country§!§R입니다.§!",
        "stage": 1,
        "context": null
    },
    {
        "key": "DIPLOMACY_UNAVAILABLE_US_SUBJECT:0",
        "original": "§RNot allowed because we are a subject.§!",
        "translation": "§R종속국인 상태에서는 할 수 없습니다.§!",
        "stage": 1,
        "context": null
    },
    {
        "key": "REQUEST_EXP_FORCE_BLOCKED_TT:0",
        "original": "§RTheir autonomy is too high.§!",
        "translation": "§R그들의 자치도가 너무 높습니다.§!",
        "stage": 1,
        "context": null
    },
    {
        "key": "DIPLOMACY_WT_ACCEPTANCE_LEND_LEASE:0",
        "original": "§RWith their acceptance of our ideology, we need higher world tension to Lend-Lease them.§!",
        "translation": "§R그들이 우리의 사상을 받아들임으로써, 그들에게 랜드리스를 하려면 더 높은 긴장도가 필요합니다.§!",
        "stage": 1,
        "context": null
    },
    {
        "key": "INFUNSTRUCTURE:0",
        "original": "Starting Infrastructure",
        "translation": "시작 기반시설",
        "stage": 1,
        "context": null
    },
    {
        "key": "RULE_OPTION_DEFAULT_INFUNSTRUCTURE_DESC:0",
        "original": "States have varying, canonical infrastructure.",
        "translation": "각 국가들은 다양한 표준 기반시설들을 가지고 시작합니다.",
        "stage": 1,
        "context": null
    },
    {
        "key": "RULE_OPTION_PSODY_MODE:0",
        "original": "Remove Infunstructure",
        "translation": "기반시설 제거",
        "stage": 1,
        "context": null
    },
    {
        "key": "RULE_OPTION_PSODY_MODE_DESC:0",
        "original": "\"HAVING NO SUPPLIES MAKES THE GAME BETTER\"\\n   - Psody, 2019.",
        "translation": "\"보급을 없애면 게임이 더 나아진다.\"\\n   - Psody, 2019.",
        "stage": 1,
        "context": null
    },
    {
        "key": "GREAT_WAR_AI_BUFFS:0",
        "original": "Great War AI Bonuses",
        "translation": "대전쟁 AI 보너스",
        "stage": 1,
        "context": null
    },
    {
        "key": "RULE_OPTION_DEFAULT_BUFFS_DESC:0",
        "original": "During the war against the Changelings, Equestria will get various boosts if they are controlled by the AI.",
        "translation": "체인질링과의 전쟁 동안 이퀘스트리아는 AI가 통제할 경우 다양한 보너스를 얻을 것입니다.",
        "stage": 1,
        "context": null
    },
    {
        "key": "RULE_OPTION_BUFFS_REMOVED_DESC:0",
        "original": "The AI for Equestria gets no boosts while fighting against the Changelings.\\n\\nDefault £eaw_text  §YEquestria at War§! experience. Recommended.",
        "translation": "이퀘스트리아 AI는 체인질링과의 싸움에서 보너스를 받지 않을 것입니다.\\n\\n£eaw_text  §Y이퀘스트리아 앳 워§! 기본 설정입니다. 권장됨.",
        "stage": 1,
        "context": null
    },
    {
        "key": "NCR_EXISTS_STATUS:0",
        "original": "New Californian Expedition",
        "translation": "뉴 캘리포니아 원정대",
        "stage": 1,
        "context": null
    },
    {
        "key": "RULE_OPTION_DEFAULT_NCR_DESC:0",
        "original": "There are no humans in this world.\\n\\nDefault £eaw_text  §YEquestria at War§! experience. Recommended.",
        "translation": "이 세계에 인간은 존재하지 않습니다.\\n\\n£eaw_text  §Y이퀘스트리아 앳 워§! 기본 설정입니다. 권장됨.",
        "stage": 1,
        "context": null
    },
    {
        "key": "RULE_OPTION_NCR_ACTIVE:0",
        "original": "Open the Portal",
        "translation": "포탈을 열다",
        "stage": 1,
        "context": null
    },
    {
        "key": "RULE_OPTION_NCR_ACTIVE_DESC:0",
        "original": "The New Californian Expedition will exist in South West Equestria.\\n\\nThis content has been a part of a joint £eaw_text  §YEquestria at War§!, Old World Blues and Kaiserreich April Fools 2020 event.",
        "translation": "캘리포니아의 새 원정대가 이퀘스트리아 서부에 나타날 것입니다\\n\\n이 컨텐츠는 £eaw_text  §Y이퀘스트리아 앳 워§!, 올드 월드 블루스, 그리고 카이저라이히 팀에서 기획한 2020년 공동 만우절 이벤트의 일부입니다.",
        "stage": 1,
        "context": null
    },
    {
        "key": "RULE_OPTION_NCR_PLAY_AS:0",
        "original": "Open the Portal - Become the Humans",
        "translation": "포탈을 열다 - 인간",
        "stage": 1,
        "context": null
    },
    {
        "key": "RULE_OPTION_NCR_PLAY_AS_DESC:0",
        "original": "The New Californian Expedition will exist in South West Equestria and you will play as them.\\n\\nThis content has been a part of a joint £eaw_text  §YEquestria at War§!, Old World Blues and Kaiserreich April Fools 2020 event.",
        "translation": "캘리포니아의 새 원정대가 이퀘스트리아 서부에 나타날 것이며 플레이어는 이 국가로 플레이할 것입니다.\\n\\n이 컨텐츠는 £eaw_text  §Y이퀘스트리아 앳 워§!, 올드 월드 블루스, 그리고 카이저라이히 팀에서 기획한 2020년 공동 만우절 이벤트의 일부입니다.",
        "stage": 1,
        "context": null
    },
    {
        "key": "CHN_CANNOT_RELEASE_EQUESTRIA:0",
        "original": "§R[ROOT.GetNameDef] may not release [EQS.GetNameDef].§!",
        "translation": "",
        "stage": 0,
        "context": null
    },
    {
        "key": "RULE_OPTION_BUFFS_ADDED:0",
        "original": "Equestria AI Bonuses",
        "translation": "이퀘스트리아 AI 보너스",
        "stage": 1,
        "context": null
    },
    {
        "key": "DED_APRIL_FOOL_STATUS:0",
        "original": "Dread Flood: The North Awakens",
        "translation": "드레드 플러드: 깨어난 북부",
        "stage": 1,
        "context": null
    },
    {
        "key": "RULE_OPTION_DEFAULT_DED_DESC:0",
        "original": "No books were found in the library of Magehold. The Dread Flood shall not overwhelm the World.\\n\\nDefault £eaw_text  §YEquestria at War§! experience. Recommended.",
        "translation": "메이지홀드의 도서관에서 책을 찾을 수 없습니다. 드레드 플러드가 세계를 휩쓸지 못할 것입니다.\\n\\n£eaw_text §Y이퀘스트리아 앳 워§! 기본 설정입니다. 권장됨.",
        "stage": 1,
        "context": null
    },
    {
        "key": "RULE_OPTION_DED_APRIL_FOOL:0",
        "original": "FASTER FASTER FASTER",
        "translation": "더빨리 더빨리 더빨리",
        "stage": 1,
        "context": null
    },
    {
        "key": "RULE_OPTION_DED_APRIL_FOOL_DESC:0",
        "original": "§RReality is what we will make of it.§!\\n\\nThis content has been part of a joint effort between the £eaw_text  §YEquestria at War§! and Red Flood teams for April Fools 2021.",
        "translation": "§R현실은 우리가 만들어 나가는 것이다.§!\\n\\n이 컨텐츠는 £eaw_text  §Y이퀘스트리아 앳 워§! 팀과 레드 플러드 팀에서 기획한 2021년 공동 만우절 이벤트의 일부입니다.",
        "stage": 1,
        "context": null
    }
]