[
    {
        "key": "mot_rockets:0",
        "original": "Motorized Rocket Artillery",
        "translation": "차량화 로켓포",
        "stage": 1,
        "context": null
    },
    {
        "key": "modern_tank_equipment_x:1",
        "original": "Modern Tank II",
        "translation": "현대 전차 II",
        "stage": 1,
        "context": null
    },
    {
        "key": "modern_tank_equipment_x_short:1",
        "original": "Mod. Tank II",
        "translation": "현대 전차 II",
        "stage": 1,
        "context": null
    },
    {
        "key": "modern_tank_equipment_x_desc:0",
        "original": "Modern tanks combine the positive aspects of different tank classes without sharing their flaws. Main battle tanks have light but protective composite armour, powerful engines and strong firepower. They are thus very adaptable and can assume any role on the battlefield.",
        "translation": "현대 전차는 다른 탱크 종류에서 단점을 빼고 장점만 결합한 것 입니다. MBT(주력전차)는 가볍지만 혼합 보호 장갑과 강력한 엔진 그리고 강한 화력을 가지고 있습니다. 따라서 그들은 매우 적응력이 뛰어나고 전장에서 어떤 역할도 맡을 수 있습니다.",
        "stage": 1,
        "context": null
    },
    {
        "key": "modern_tank_equipment_x_2:1",
        "original": "Modern Tank III",
        "translation": "현대 전차 III",
        "stage": 1,
        "context": null
    },
    {
        "key": "modern_tank_equipment_x_2_short:1",
        "original": "Mod. Tank III",
        "translation": "현대 전차 III",
        "stage": 1,
        "context": null
    },
    {
        "key": "modern_tank_equipment_x_2_desc:0",
        "original": "Modern tanks combine the positive aspects of different tank classes without sharing their flaws. Main battle tanks have light but protective composite armour, powerful engines and strong firepower. They are thus very adaptable and can assume any role on the battlefield.",
        "translation": "현대 전차는 다른 탱크 종류에서 단점을 빼고 장점만 결합한 것 입니다. MBT(주력전차)는 가볍지만 혼합 보호 장갑과 강력한 엔진 그리고 강한 화력을 가지고 있습니다. 따라서 그들은 매우 적응력이 뛰어나고 전장에서 어떤 역할도 맡을 수 있습니다.",
        "stage": 1,
        "context": null
    },
    {
        "key": "modern_tank_equipment_x_3:1",
        "original": "Modern Tank IV",
        "translation": "현대 전차 IV",
        "stage": 1,
        "context": null
    },
    {
        "key": "modern_tank_equipment_x_3_short:1",
        "original": "Mod. Tank IV",
        "translation": "현대 전차 IV",
        "stage": 1,
        "context": null
    },
    {
        "key": "modern_tank_equipment_x_3_desc:0",
        "original": "Modern tanks combine the positive aspects of different tank classes without sharing their flaws. Main battle tanks have light but protective composite armour, powerful engines and strong firepower. They are thus very adaptable and can assume any role on the battlefield.",
        "translation": "현대 전차는 다른 탱크 종류에서 단점을 빼고 장점만 결합한 것 입니다. MBT(주력전차)는 가볍지만 혼합 보호 장갑과 강력한 엔진 그리고 강한 화력을 가지고 있습니다. 따라서 그들은 매우 적응력이 뛰어나고 전장에서 어떤 역할도 맡을 수 있습니다.",
        "stage": 1,
        "context": null
    },
    {
        "key": "modern_tank_equipment_x_4:1",
        "original": "Modern Tank V",
        "translation": "현대 전차 V",
        "stage": 1,
        "context": null
    },
    {
        "key": "modern_tank_equipment_x_4_short:1",
        "original": "Mod. Tank V",
        "translation": "현대 전차 V",
        "stage": 1,
        "context": null
    },
    {
        "key": "modern_tank_equipment_x_4_desc:0",
        "original": "Modern tanks combine the positive aspects of different tank classes without sharing their flaws. Main battle tanks have light but protective composite armour, powerful engines and strong firepower. They are thus very adaptable and can assume any role on the battlefield.",
        "translation": "현대 전차는 다른 탱크 종류에서 단점을 빼고 장점만 결합한 것 입니다. MBT(주력전차)는 가볍지만 혼합 보호 장갑과 강력한 엔진 그리고 강한 화력을 가지고 있습니다. 따라서 그들은 매우 적응력이 뛰어나고 전장에서 어떤 역할도 맡을 수 있습니다.",
        "stage": 1,
        "context": null
    },
    {
        "key": "modern_tank_equipment_x_5:1",
        "original": "Modern Tank VI",
        "translation": "현대 전차 VI",
        "stage": 1,
        "context": null
    },
    {
        "key": "modern_tank_equipment_x_5_short:1",
        "original": "Mod. Tank VI",
        "translation": "현대 전차 VI",
        "stage": 1,
        "context": null
    },
    {
        "key": "modern_tank_equipment_x_5_desc:0",
        "original": "Modern tanks combine the positive aspects of different tank classes without sharing their flaws. Main battle tanks have light but protective composite armour, powerful engines and strong firepower. They are thus very adaptable and can assume any role on the battlefield.",
        "translation": "현대 전차는 다른 탱크 종류에서 단점을 빼고 장점만 결합한 것 입니다. MBT(주력전차)는 가볍지만 혼합 보호 장갑과 강력한 엔진 그리고 강한 화력을 가지고 있습니다. 따라서 그들은 매우 적응력이 뛰어나고 전장에서 어떤 역할도 맡을 수 있습니다.",
        "stage": 1,
        "context": null
    },
    {
        "key": "modern_tank_artillery_equipment_x:0",
        "original": "Modern SP Artillery II",
        "translation": "현대 자주포 II",
        "stage": 1,
        "context": null
    },
    {
        "key": "modern_tank_artillery_equipment_x_short:0",
        "original": "Mod. SPG II",
        "translation": "현대 자주포 II",
        "stage": 1,
        "context": null
    },
    {
        "key": "modern_tank_artillery_equipment_x_desc:0",
        "original": "Tank artillery has reached a turning point, switching from ever-increasing calibers to a higher rate of fire and better support roles with specialised smoke and incendiary shells.",
        "translation": "자주포는 전환점에 도달했습니다, 계속 증가하는 구경에서 더 높은 연사력으로 전환하고 특수 연막 및 소이탄으로 더 나은 지원 역할을 수행합니다.",
        "stage": 1,
        "context": null
    },
    {
        "key": "modern_tank_artillery_equipment_x_2:0",
        "original": "Modern SP Artillery III",
        "translation": "현대 자주포 III",
        "stage": 1,
        "context": null
    },
    {
        "key": "modern_tank_artillery_equipment_x_2_short:0",
        "original": "Mod. SPG III",
        "translation": "현대 자주포 III",
        "stage": 1,
        "context": null
    },
    {
        "key": "modern_tank_artillery_equipment_x_2_desc:0",
        "original": "Tank artillery has reached a turning point, switching from ever-increasing calibers to a higher rate of fire and better support roles with specialised smoke and incendiary shells.",
        "translation": "자주포는 전환점에 도달했습니다, 계속 증가하는 구경에서 더 높은 연사력으로 전환하고 특수 연막 및 소이탄으로 더 나은 지원 역할을 수행합니다.",
        "stage": 1,
        "context": null
    },
    {
        "key": "modern_tank_artillery_equipment_x_3:1",
        "original": "Modern SP Artillery IV",
        "translation": "현대 자주포 IV",
        "stage": 1,
        "context": null
    },
    {
        "key": "modern_tank_artillery_equipment_x_3_short:1",
        "original": "Mod. SPG IV",
        "translation": "현대 자주포 IV",
        "stage": 1,
        "context": null
    },
    {
        "key": "modern_tank_artillery_equipment_x_3_desc:0",
        "original": "Tank artillery has reached a turning point, switching from ever-increasing calibers to a higher rate of fire and better support roles with specialised smoke and incendiary shells.",
        "translation": "자주포는 전환점에 도달했습니다, 계속 증가하는 구경에서 더 높은 연사력으로 전환하고 특수 연막 및 소이탄으로 더 나은 지원 역할을 수행합니다.",
        "stage": 1,
        "context": null
    },
    {
        "key": "modern_tank_artillery_equipment_x_4:1",
        "original": "Modern SP Artillery V",
        "translation": "현대 자주포 V",
        "stage": 1,
        "context": null
    },
    {
        "key": "modern_tank_artillery_equipment_x_4_short:1",
        "original": "Mod. SPG V",
        "translation": "현대 자주포 V",
        "stage": 1,
        "context": null
    },
    {
        "key": "modern_tank_artillery_equipment_x_4_desc:0",
        "original": "Tank artillery has reached a turning point, switching from ever-increasing calibers to a higher rate of fire and better support roles with specialised smoke and incendiary shells.",
        "translation": "자주포는 전환점에 도달했습니다, 계속 증가하는 구경에서 더 높은 연사력으로 전환하고 특수 연막 및 소이탄으로 더 나은 지원 역할을 수행합니다.",
        "stage": 1,
        "context": null
    },
    {
        "key": "modern_tank_artillery_equipment_x_5:1",
        "original": "Modern SP Artillery VI",
        "translation": "현대 자주포 VI",
        "stage": 1,
        "context": null
    },
    {
        "key": "modern_tank_artillery_equipment_x_5_short:1",
        "original": "Mod. SPG VI",
        "translation": "현대 자주포 VI",
        "stage": 1,
        "context": null
    },
    {
        "key": "modern_tank_artillery_equipment_x_5_desc:0",
        "original": "Tank artillery has reached a turning point, switching from ever-increasing calibers to a higher rate of fire and better support roles with specialised smoke and incendiary shells.",
        "translation": "자주포는 전환점에 도달했습니다, 계속 증가하는 구경에서 더 높은 연사력으로 전환하고 특수 연막 및 소이탄으로 더 나은 지원 역할을 수행합니다.",
        "stage": 1,
        "context": null
    },
    {
        "key": "modern_tank_destroyer_equipment_x:0",
        "original": "Modern Tank Destroyer II",
        "translation": "현대 구축전차 II",
        "stage": 1,
        "context": null
    },
    {
        "key": "modern_tank_destroyer_equipment_x_short:0",
        "original": "Mod. TD II",
        "translation": "현대 구축전차 II",
        "stage": 1,
        "context": null
    },
    {
        "key": "modern_tank_destroyer_equipment_x_desc:0",
        "original": "These tanks boast advanced ammunition and superb stealth, making up for their low damage with exceptional penetration values.They are the super-tank killers.",
        "translation": "이 전차는 고급 탄약과 뛰어난 스텔스를 자랑하며, 뛰어난 관통력으로 낮은 데미지를 보완합니다.",
        "stage": 1,
        "context": null
    },
    {
        "key": "modern_tank_destroyer_equipment_x_2:0",
        "original": "Modern Tank Destroyer III",
        "translation": "현대 구축전차 III",
        "stage": 1,
        "context": null
    },
    {
        "key": "modern_tank_destroyer_equipment_x_2_short:0",
        "original": "Mod. TD III",
        "translation": "현대 구축전차 III",
        "stage": 1,
        "context": null
    },
    {
        "key": "modern_tank_destroyer_equipment_x_2_desc:0",
        "original": "These tanks boast advanced ammunition and superb stealth, making up for their low damage with exceptional penetration values.They are the super-tank killers.",
        "translation": "이 전차는 고급 탄약과 뛰어난 스텔스를 자랑하며, 뛰어난 관통력으로 낮은 데미지를 보완합니다.",
        "stage": 1,
        "context": null
    },
    {
        "key": "modern_tank_destroyer_equipment_x_3:1",
        "original": "Modern Tank Destroyer IV",
        "translation": "현대 구축전차 IV",
        "stage": 1,
        "context": null
    },
    {
        "key": "modern_tank_destroyer_equipment_x_3_short:1",
        "original": "Mod. TD IV",
        "translation": "현대 구축전차 IV",
        "stage": 1,
        "context": null
    },
    {
        "key": "modern_tank_destroyer_equipment_x_3_desc:0",
        "original": "These tanks boast advanced ammunition and superb stealth, making up for their low damage with exceptional penetration values.They are the super-tank killers.",
        "translation": "이 전차는 고급 탄약과 뛰어난 스텔스를 자랑하며, 뛰어난 관통력으로 낮은 데미지를 보완합니다.",
        "stage": 1,
        "context": null
    },
    {
        "key": "modern_tank_destroyer_equipment_x_4:1",
        "original": "Modern Tank Destroyer V",
        "translation": "현대 구축전차 V",
        "stage": 1,
        "context": null
    },
    {
        "key": "modern_tank_destroyer_equipment_x_4_short:1",
        "original": "Mod. TD V",
        "translation": "현대 구축전차 V",
        "stage": 1,
        "context": null
    },
    {
        "key": "modern_tank_destroyer_equipment_x_4_desc:0",
        "original": "These tanks boast advanced ammunition and superb stealth, making up for their low damage with exceptional penetration values.They are the super-tank killers.",
        "translation": "이 전차는 고급 탄약과 뛰어난 스텔스를 자랑하며, 뛰어난 관통력으로 낮은 데미지를 보완합니다.",
        "stage": 1,
        "context": null
    },
    {
        "key": "modern_tank_destroyer_equipment_x_5:1",
        "original": "Modern Tank Destroyer VI",
        "translation": "현대 구축전차 VI",
        "stage": 1,
        "context": null
    },
    {
        "key": "modern_tank_destroyer_equipment_x_5_short:1",
        "original": "Mod. TD VI",
        "translation": "현대 구축전차 VI",
        "stage": 1,
        "context": null
    },
    {
        "key": "modern_tank_destroyer_equipment_x_5_desc:0",
        "original": "These tanks boast advanced ammunition and superb stealth, making up for their low damage with exceptional penetration values.They are the super-tank killers.",
        "translation": "이 전차는 고급 탄약과 뛰어난 스텔스를 자랑하며, 뛰어난 관통력으로 낮은 데미지를 보완합니다.",
        "stage": 1,
        "context": null
    },
    {
        "key": "modern_tank_aa_equipment_x:0",
        "original": "Modern SP Anti-Air II",
        "translation": "현대 자주대공포 II",
        "stage": 1,
        "context": null
    },
    {
        "key": "modern_tank_aa_equipment_x_short:0",
        "original": "Mod. AA II",
        "translation": "현대 대공포 II",
        "stage": 1,
        "context": null
    },
    {
        "key": "modern_tank_aa_equipment_x_desc:0",
        "original": "High-caliber autocannons aimed with newly developed portable radar trackers turn these rebuilt obsolete medium tanks into anti-air fortresses.",
        "translation": "",
        "stage": 0,
        "context": null
    },
    {
        "key": "modern_tank_aa_equipment_x_2:0",
        "original": "Modern SP Anti-Air III",
        "translation": "현대 자주대공포 III",
        "stage": 1,
        "context": null
    },
    {
        "key": "modern_tank_aa_equipment_x_2_short:0",
        "original": "Mod. AA III",
        "translation": "현대 대공포 III",
        "stage": 1,
        "context": null
    },
    {
        "key": "modern_tank_aa_equipment_x_2_desc:0",
        "original": "High-caliber autocannons aimed with newly developed portable radar trackers turn these rebuilt obsolete medium tanks into anti-air fortresses.",
        "translation": "",
        "stage": 0,
        "context": null
    },
    {
        "key": "modern_tank_aa_equipment_x_3:0",
        "original": "Modern SP Anti-Air IV",
        "translation": "현대 자주대공포 IV",
        "stage": 1,
        "context": null
    },
    {
        "key": "modern_tank_aa_equipment_x_3_short:0",
        "original": "Mod. AA IV",
        "translation": "현대 대공포 IV",
        "stage": 1,
        "context": null
    },
    {
        "key": "modern_tank_aa_equipment_x_3_desc:0",
        "original": "High-caliber autocannons aimed with newly developed portable radar trackers turn these rebuilt obsolete medium tanks into anti-air fortresses.",
        "translation": "",
        "stage": 0,
        "context": null
    },
    {
        "key": "modern_tank_aa_equipment_x_4:0",
        "original": "Modern SP Anti-Air V",
        "translation": "현대 자주대공포 V",
        "stage": 1,
        "context": null
    },
    {
        "key": "modern_tank_aa_equipment_x_4_short:0",
        "original": "Mod. AA V",
        "translation": "현대 대공포 V",
        "stage": 1,
        "context": null
    },
    {
        "key": "modern_tank_aa_equipment_x_4_desc:0",
        "original": "High-caliber autocannons aimed with newly developed portable radar trackers turn these rebuilt obsolete medium tanks into anti-air fortresses.",
        "translation": "",
        "stage": 0,
        "context": null
    },
    {
        "key": "modern_tank_aa_equipment_x_5:0",
        "original": "Modern SP Anti-Air VI",
        "translation": "현대 자주대공포 VI",
        "stage": 1,
        "context": null
    },
    {
        "key": "modern_tank_aa_equipment_x_5_short:0",
        "original": "Mod. AA VI",
        "translation": "현대 대공포 VI",
        "stage": 1,
        "context": null
    },
    {
        "key": "modern_tank_aa_equipment_x_5_desc:0",
        "original": "High-caliber autocannons aimed with newly developed portable radar trackers turn these rebuilt obsolete medium tanks into anti-air fortresses.",
        "translation": "",
        "stage": 0,
        "context": null
    },
    {
        "key": "super_heavy_tank_equipment_x:0",
        "original": "Super Heavy Tank III",
        "translation": "초중전차 III",
        "stage": 1,
        "context": null
    },
    {
        "key": "super_heavy_tank_equipment_x_short:0",
        "original": "SH. Tank II",
        "translation": "초중전차 II",
        "stage": 1,
        "context": null
    },
    {
        "key": "super_heavy_tank_equipment_x_desc:0",
        "original": "These tanks are rolling monstrosities, with high-caliber bunker smashing cannons and several layers of reinforced armor. But even with the most advanced engines and extra-wide double tracks, these tanks have trouble traversing marshes and have to ford rivers with a snorkel.",
        "translation": "이 전차는 벙커를 파괴할수 있는 대구경의 주포를 가지고, 여러 겹의 강화된 장갑을 가진 굴러다니는 괴물입니다. 그러나 가장 진보된 엔진과 넓은 이중 궤도를 가지고 있음에도 불구하고, 습지를 횡단하는데 어려움을 겪으며, 강을 건너기 위해서는 스노클을 사용해야 합니다.",
        "stage": 1,
        "context": null
    },
    {
        "key": "super_heavy_tank_equipment_x_2:0",
        "original": "Super Heavy Tank III",
        "translation": "초중전차 III",
        "stage": 1,
        "context": null
    },
    {
        "key": "super_heavy_tank_equipment_x_2_short:0",
        "original": "SH. Tank III",
        "translation": "초중전차 III",
        "stage": 1,
        "context": null
    },
    {
        "key": "super_heavy_tank_equipment_x_2_desc:0",
        "original": "These tanks are rolling monstrosities, with high-caliber bunker smashing cannons and several layers of reinforced armor. But even with the most advanced engines and extra-wide double tracks, these tanks have trouble traversing marshes and have to ford rivers with a snorkel.",
        "translation": "이 전차는 벙커를 파괴할수 있는 대구경의 주포를 가지고, 여러 겹의 강화된 장갑을 가진 굴러다니는 괴물입니다. 그러나 가장 진보된 엔진과 넓은 이중 궤도를 가지고 있음에도 불구하고, 습지를 횡단하는데 어려움을 겪으며, 강을 건너기 위해서는 스노클을 사용해야 합니다.",
        "stage": 1,
        "context": null
    },
    {
        "key": "ENG_super_heavy_tank_equipment_x:0",
        "original": "AT-15",
        "translation": "AT-15",
        "stage": 1,
        "context": null
    },
    {
        "key": "ENG_super_heavy_tank_equipment_x_short:0",
        "original": "AT-15",
        "translation": "AT-15",
        "stage": 1,
        "context": null
    },
    {
        "key": "FRA_super_heavy_tank_equipment_x:0",
        "original": "FCM-F5 Liberté",
        "translation": "FCM-F5 자유",
        "stage": 1,
        "context": null
    },
    {
        "key": "FRA_super_heavy_tank_equipment_x_short:0",
        "original": "FCM-F5",
        "translation": "FCM-F5",
        "stage": 1,
        "context": null
    },
    {
        "key": "GER_super_heavy_tank_equipment_x:0",
        "original": "E-75",
        "translation": "E-75",
        "stage": 1,
        "context": null
    },
    {
        "key": "GER_super_heavy_tank_equipment_x_short:0",
        "original": "E-75",
        "translation": "E-75",
        "stage": 1,
        "context": null
    },
    {
        "key": "ITA_super_heavy_tank_equipment_x:0",
        "original": "Il Capo Grande",
        "translation": "II 카포 그란데",
        "stage": 1,
        "context": null
    },
    {
        "key": "ITA_super_heavy_tank_equipment_x_short:0",
        "original": "Grande Mk. I",
        "translation": "그란데 마크. I",
        "stage": 1,
        "context": null
    },
    {
        "key": "JAP_super_heavy_tank_equipment_x:0",
        "original": "Type 2702",
        "translation": "2702식",
        "stage": 1,
        "context": null
    },
    {
        "key": "JAP_super_heavy_tank_equipment_x_short:0",
        "original": "Type 2702",
        "translation": "2702식",
        "stage": 1,
        "context": null
    },
    {
        "key": "POL_super_heavy_tank_equipment_x:0",
        "original": "53TP Behemot Mk.II",
        "translation": "53TP 비헤모트 마크.II",
        "stage": 1,
        "context": null
    },
    {
        "key": "POL_super_heavy_tank_equipment_x_short:0",
        "original": "Behemot Mk.II",
        "translation": "비헤모트 마크.II",
        "stage": 1,
        "context": null
    },
    {
        "key": "SOV_super_heavy_tank_equipment_x:0",
        "original": "T-10",
        "translation": "T-10",
        "stage": 1,
        "context": null
    },
    {
        "key": "SOV_super_heavy_tank_equipment_x_short:0",
        "original": "T-10",
        "translation": "T-10",
        "stage": 1,
        "context": null
    },
    {
        "key": "USA_super_heavy_tank_equipment_x:0",
        "original": "T110 Super Heavy Tank",
        "translation": "T110 초중전차",
        "stage": 1,
        "context": null
    },
    {
        "key": "USA_super_heavy_tank_equipment_x_short:0",
        "original": "T110",
        "translation": "T110",
        "stage": 1,
        "context": null
    },
    {
        "key": "ENG_super_heavy_tank_equipment_x_2:0",
        "original": "AT-7",
        "translation": "AT-7",
        "stage": 1,
        "context": null
    },
    {
        "key": "ENG_super_heavy_tank_equipment_x_2_short:0",
        "original": "AT-7",
        "translation": "AT-7",
        "stage": 1,
        "context": null
    },
    {
        "key": "FRA_super_heavy_tank_equipment_x_2:0",
        "original": "FCM-F10 République",
        "translation": "FCM-F10 공화제",
        "stage": 1,
        "context": null
    },
    {
        "key": "FRA_super_heavy_tank_equipment_x_2_short:0",
        "original": "FCM-F10",
        "translation": "FCM-F10",
        "stage": 1,
        "context": null
    },
    {
        "key": "GER_super_heavy_tank_equipment_x_2:0",
        "original": "E-100",
        "translation": "E-100",
        "stage": 1,
        "context": null
    },
    {
        "key": "GER_super_heavy_tank_equipment_x_2_short:0",
        "original": "E-100",
        "translation": "E-100",
        "stage": 1,
        "context": null
    },
    {
        "key": "ITA_super_heavy_tank_equipment_x_2:0",
        "original": "Il Capo Grande - B",
        "translation": "Ii 카포 그란데 - B",
        "stage": 1,
        "context": null
    },
    {
        "key": "ITA_super_heavy_tank_equipment_x_2_short:0",
        "original": "Grande Mk. II",
        "translation": "그란데 마크. II",
        "stage": 1,
        "context": null
    },
    {
        "key": "JAP_super_heavy_tank_equipment_x_2:0",
        "original": "Type 2800",
        "translation": "2800식",
        "stage": 1,
        "context": null
    },
    {
        "key": "JAP_super_heavy_tank_equipment_x_2_short:0",
        "original": "Type 2800",
        "translation": "2800식",
        "stage": 1,
        "context": null
    },
    {
        "key": "POL_super_heavy_tank_equipment_x_2:0",
        "original": "54TP Behemot Mk.III",
        "translation": "54TP 비헤모트 마크.III",
        "stage": 1,
        "context": null
    },
    {
        "key": "POL_super_heavy_tank_equipment_x_2_short:0",
        "original": "Behemot Mk.III",
        "translation": "비헤모트 마크.III",
        "stage": 1,
        "context": null
    },
    {
        "key": "SOV_super_heavy_tank_equipment_x_2:0",
        "original": "IS-8",
        "translation": "IS-8",
        "stage": 1,
        "context": null
    },
    {
        "key": "SOV_super_heavy_tank_equipment_x_2_short:0",
        "original": "IS-8",
        "translation": "IS-8",
        "stage": 1,
        "context": null
    },
    {
        "key": "USA_super_heavy_tank_equipment_x_2:0",
        "original": "T30",
        "translation": "T30",
        "stage": 1,
        "context": null
    },
    {
        "key": "USA_super_heavy_tank_equipment_x_2_short:0",
        "original": "T30",
        "translation": "T30",
        "stage": 1,
        "context": null
    },
    {
        "key": "super_heavy_tank_artillery_equipment_x:0",
        "original": "Super Heavy SP Artillery II",
        "translation": "초중 자주포 II",
        "stage": 1,
        "context": null
    },
    {
        "key": "super_heavy_tank_artillery_equipment_x_short:0",
        "original": "SH. SPG II",
        "translation": "초중 자주포 II",
        "stage": 1,
        "context": null
    },
    {
        "key": "super_heavy_tank_artillery_equipment_x_desc:0",
        "original": "Following the doctrine that bigger is always better, these artillery pieces stop any enemy in their tracks and start having problems with ammunition supply, reloading and gun barrels wearing out.",
        "translation": "",
        "stage": 0,
        "context": null
    },
    {
        "key": "super_heavy_tank_artillery_equipment_x_2:0",
        "original": "Super Heavy SP Artillery III",
        "translation": "초중 자주포 III",
        "stage": 1,
        "context": null
    },
    {
        "key": "super_heavy_tank_artillery_equipment_x_2_short:0",
        "original": "SH. SPG III",
        "translation": "초중 자주포 III",
        "stage": 1,
        "context": null
    },
    {
        "key": "super_heavy_tank_artillery_equipment_x_2_desc:0",
        "original": "Following the doctrine that bigger is always better, these artillery pieces stop any enemy in their tracks and start having problems with ammunition supply, reloading and gun barrels wearing out.",
        "translation": "",
        "stage": 0,
        "context": null
    },
    {
        "key": "GER_super_heavy_tank_artillery_equipment_x:0",
        "original": "Geschützwagen 110",
        "translation": "게쉬츠바겐 110",
        "stage": 1,
        "context": null
    },
    {
        "key": "GER_super_heavy_tank_artillery_equipment_x_short:0",
        "original": "GW 110",
        "translation": "GW 110",
        "stage": 1,
        "context": null
    },
    {
        "key": "GER_super_heavy_tank_artillery_equipment_x_2:0",
        "original": "Geschützwagen 115",
        "translation": "게쉬츠바겐 115",
        "stage": 1,
        "context": null
    },
    {
        "key": "GER_super_heavy_tank_artillery_equipment_x_2_short:0",
        "original": "GW 115",
        "translation": "GW 115",
        "stage": 1,
        "context": null
    },
    {
        "key": "super_heavy_tank_destroyer_equipment_x:0",
        "original": "Super Heavy SP Tank Destroyer II",
        "translation": "초중 구축전차 II",
        "stage": 1,
        "context": null
    },
    {
        "key": "super_heavy_tank_destroyer_equipment_x_short:0",
        "original": "SH. Tank Destroyer II",
        "translation": "초중 구축전차 II",
        "stage": 1,
        "context": null
    },
    {
        "key": "super_heavy_tank_destroyer_equipment_x_desc:0",
        "original": "The ultimate answer to any kind of armor, these beasts do not need to be stealthy. Their armor is exceptional and their guns the deadliest. Their movement though...",
        "translation": "",
        "stage": 0,
        "context": null
    },
    {
        "key": "super_heavy_tank_destroyer_equipment_x_2:0",
        "original": "Super Heavy SP Tank Destroyer III",
        "translation": "초중 구축전차 III",
        "stage": 1,
        "context": null
    },
    {
        "key": "super_heavy_tank_destroyer_equipment_x_2_short:0",
        "original": "SH. Tank Destroyer III",
        "translation": "초중 구축전차 III",
        "stage": 1,
        "context": null
    },
    {
        "key": "super_heavy_tank_destroyer_equipment_x_2_desc:0",
        "original": "The ultimate answer to any kind of armor, these beasts do not need to be stealthy. Their armor is exceptional and their guns the deadliest. Their movement though...",
        "translation": "",
        "stage": 0,
        "context": null
    },
    {
        "key": "GER_super_heavy_tank_destroyer_equipment_x:0",
        "original": "Jagdmaus II",
        "translation": "약트마우스 II",
        "stage": 1,
        "context": null
    },
    {
        "key": "GER_super_heavy_tank_destroyer_equipment_x_short:0",
        "original": "Jagdmaus",
        "translation": "약트마우스",
        "stage": 1,
        "context": null
    },
    {
        "key": "GER_super_heavy_tank_destroyer_equipment_x_2:0",
        "original": "Jagdmaus III",
        "translation": "약트마우스 III",
        "stage": 1,
        "context": null
    },
    {
        "key": "GER_super_heavy_tank_destroyer_equipment_x_2_short:0",
        "original": "Jagdmaus",
        "translation": "약트마우스",
        "stage": 1,
        "context": null
    },
    {
        "key": "super_heavy_tank_aa_equipment_x:0",
        "original": "Super Heavy SP Anti-Air II",
        "translation": "초중 자주대공포 II",
        "stage": 1,
        "context": null
    },
    {
        "key": "super_heavy_tank_aa_equipment_x_short:0",
        "original": "SH. AA II",
        "translation": "초중 대공포 II",
        "stage": 1,
        "context": null
    },
    {
        "key": "super_heavy_tank_aa_equipment_x_desc:0",
        "original": "This uncommon design of a rocket battery submerged within an armored box shows its worth right behind the battlefield, allowing full sky control while also absorbing the occasional shot.",
        "translation": "",
        "stage": 0,
        "context": null
    },
    {
        "key": "super_heavy_tank_aa_equipment_x_2:0",
        "original": "Super Heavy SP Anti-Air III",
        "translation": "초중 자주대공포 III",
        "stage": 1,
        "context": null
    },
    {
        "key": "super_heavy_tank_aa_equipment_x_2_short:0",
        "original": "SH. AA III",
        "translation": "초중 대공포 III",
        "stage": 1,
        "context": null
    },
    {
        "key": "super_heavy_tank_aa_equipment_x_2_desc:0",
        "original": "This uncommon design of a rocket battery submerged within an armored box shows its worth right behind the battlefield, allowing full sky control while also absorbing the occasional shot.",
        "translation": "",
        "stage": 0,
        "context": null
    },
    {
        "key": "GER_super_heavy_tank_aa_equipment_x:0",
        "original": "Flakpanzer IX Maus",
        "translation": "대공전차 IX 마우스",
        "stage": 1,
        "context": null
    },
    {
        "key": "GER_super_heavy_tank_aa_equipment_x_short:0",
        "original": "Flakmaus",
        "translation": "대공마우스",
        "stage": 1,
        "context": null
    },
    {
        "key": "GER_super_heavy_tank_aa_equipment_x_2:0",
        "original": "Flakpanzer X Maus",
        "translation": "대공전차 X 마우스",
        "stage": 1,
        "context": null
    },
    {
        "key": "GER_super_heavy_tank_aa_equipment_x_2_short:0",
        "original": "Flakmaus",
        "translation": "대공마우스",
        "stage": 1,
        "context": null
    },
    {
        "key": "light_tank_equipment_x:0",
        "original": "Light Tank IV",
        "translation": "경전차 IV",
        "stage": 1,
        "context": null
    },
    {
        "key": "light_tank_equipment_x_short:0",
        "original": "L. Tank IV",
        "translation": "경전차 IV",
        "stage": 1,
        "context": null
    },
    {
        "key": "light_tank_equipment_x_desc:0",
        "original": "Light tanks are small, agile tanks which are able to both scout and fight lightly armored opponents.",
        "translation": "",
        "stage": 0,
        "context": null
    },
    {
        "key": "light_tank_equipment_x_2:0",
        "original": "Light Tank V",
        "translation": "경전차 V",
        "stage": 1,
        "context": null
    },
    {
        "key": "light_tank_equipment_x_2_short:0",
        "original": "L. Tank V",
        "translation": "경전차 V",
        "stage": 1,
        "context": null
    },
    {
        "key": "light_tank_equipment_x_2_desc:0",
        "original": "Light tanks are small, agile tanks which are able to both scout and fight lightly armored opponents.",
        "translation": "",
        "stage": 0,
        "context": null
    },
    {
        "key": "ENG_light_tank_equipment_x:0",
        "original": "Crusader Mk. III",
        "translation": "크루세이더 마크. III",
        "stage": 1,
        "context": null
    },
    {
        "key": "ENG_light_tank_equipment_x_short:0",
        "original": "FV301",
        "translation": "FV301",
        "stage": 1,
        "context": null
    },
    {
        "key": "FRA_light_tank_equipment_x:0",
        "original": "AMX-13",
        "translation": "AMX-13",
        "stage": 1,
        "context": null
    },
    {
        "key": "FRA_light_tank_equipment_x_short:0",
        "original": "AMX-13",
        "translation": "AMX-13",
        "stage": 1,
        "context": null
    },
    {
        "key": "GER_light_tank_equipment_x:0",
        "original": "Cougar",
        "translation": "퓨마",
        "stage": 1,
        "context": null
    },
    {
        "key": "GER_light_tank_equipment_x_short:0",
        "original": "Cougar",
        "translation": "퓨마",
        "stage": 1,
        "context": null
    },
    {
        "key": "ITA_light_tank_equipment_x:0",
        "original": "L10",
        "translation": "L10",
        "stage": 1,
        "context": null
    },
    {
        "key": "ITA_light_tank_equipment_x_short:0",
        "original": "L10",
        "translation": "L10",
        "stage": 1,
        "context": null
    },
    {
        "key": "JAP_light_tank_equipment_x:0",
        "original": "Type 99",
        "translation": "99식",
        "stage": 1,
        "context": null
    },
    {
        "key": "JAP_light_tank_equipment_x_short:0",
        "original": "Type 99",
        "translation": "99식",
        "stage": 1,
        "context": null
    },
    {
        "key": "POL_light_tank_equipment_x:0",
        "original": "11TP Chart Mk. II",
        "translation": "11TP 하르트 마크. II",
        "stage": 1,
        "context": null
    },
    {
        "key": "POL_light_tank_equipment_x_short:0",
        "original": "11TP",
        "translation": "11TP",
        "stage": 1,
        "context": null
    },
    {
        "key": "SOV_light_tank_equipment_x:0",
        "original": "A-20",
        "translation": "A-20",
        "stage": 1,
        "context": null
    },
    {
        "key": "SOV_light_tank_equipment_x_short:0",
        "original": "A-20",
        "translation": "A-20",
        "stage": 1,
        "context": null
    },
    {
        "key": "USA_light_tank_equipment_x:0",
        "original": "M41 Walker Bulldog",
        "translation": "M41 워커 불독",
        "stage": 1,
        "context": null
    },
    {
        "key": "USA_light_tank_equipment_x_short:0",
        "original": "M41",
        "translation": "M41",
        "stage": 1,
        "context": null
    },
    {
        "key": "ENG_light_tank_equipment_x_2:0",
        "original": "Valentine III",
        "translation": "발렌타인 III",
        "stage": 1,
        "context": null
    },
    {
        "key": "ENG_light_tank_equipment_x_2_short:0",
        "original": "Valentine III",
        "translation": "발렌타인 III",
        "stage": 1,
        "context": null
    },
    {
        "key": "FRA_light_tank_equipment_x_2:0",
        "original": "AMX-14",
        "translation": "AMX-14",
        "stage": 1,
        "context": null
    },
    {
        "key": "FRA_light_tank_equipment_x_2_short:0",
        "original": "AMX-14",
        "translation": "AMX-14",
        "stage": 1,
        "context": null
    },
    {
        "key": "GER_light_tank_equipment_x_2:0",
        "original": "Jaguar",
        "translation": "재규어",
        "stage": 1,
        "context": null
    },
    {
        "key": "GER_light_tank_equipment_x_2_short:0",
        "original": "Jaguar",
        "translation": "재규어",
        "stage": 1,
        "context": null
    },
    {
        "key": "ITA_light_tank_equipment_x_2:0",
        "original": "L12",
        "translation": "L12",
        "stage": 1,
        "context": null
    },
    {
        "key": "ITA_light_tank_equipment_x_2_short:0",
        "original": "L12",
        "translation": "L12",
        "stage": 1,
        "context": null
    },
    {
        "key": "JAP_light_tank_equipment_x_2:0",
        "original": "Type 100",
        "translation": "100식",
        "stage": 1,
        "context": null
    },
    {
        "key": "JAP_light_tank_equipment_x_2_short:0",
        "original": "Type 100",
        "translation": "100식",
        "stage": 1,
        "context": null
    },
    {
        "key": "POL_light_tank_equipment_x_2:0",
        "original": "13TP Chart Mk.III",
        "translation": "13TP 하르트 마크.III",
        "stage": 1,
        "context": null
    },
    {
        "key": "POL_light_tank_equipment_x_2_short:0",
        "original": "13TP",
        "translation": "13TP",
        "stage": 1,
        "context": null
    },
    {
        "key": "SOV_light_tank_equipment_x_2:0",
        "original": "LTTB",
        "translation": "LTRB",
        "stage": 1,
        "context": null
    },
    {
        "key": "SOV_light_tank_equipment_x_2_short:0",
        "original": "LTTB",
        "translation": "LTRB",
        "stage": 1,
        "context": null
    },
    {
        "key": "USA_light_tank_equipment_x_2:0",
        "original": "M551 Sheridan",
        "translation": "M551 셰리던",
        "stage": 1,
        "context": null
    },
    {
        "key": "USA_light_tank_equipment_x_2_short:0",
        "original": "M551",
        "translation": "M551",
        "stage": 1,
        "context": null
    },
    {
        "key": "light_tank_artillery_equipment_x:0",
        "original": "Light SP Artillery",
        "translation": "경 자주포",
        "stage": 1,
        "context": null
    },
    {
        "key": "light_tank_artillery_equipment_x_short:0",
        "original": "L. Tank SPG IV",
        "translation": "경 자주포 IV",
        "stage": 1,
        "context": null
    },
    {
        "key": "light_tank_artillery_equipment_x_desc:0",
        "original": "A small artillery cannon mounted on a light chassis, a light SPG does not pack the firepower of its larger brethren, but they are more mobile.",
        "translation": "",
        "stage": 0,
        "context": null
    },
    {
        "key": "light_tank_artillery_equipment_x_2:0",
        "original": "Light SP Artillery V",
        "translation": "경 자주포 V",
        "stage": 1,
        "context": null
    },
    {
        "key": "light_tank_artillery_equipment_x_2_short:0",
        "original": "L. Tank SPG V",
        "translation": "경 자주포 V",
        "stage": 1,
        "context": null
    },
    {
        "key": "light_tank_artillery_equipment_x_2_desc:0",
        "original": "A small artillery cannon mounted on a light chassis, a light SPG does not pack the firepower of its larger brethren, but they are more mobile.",
        "translation": "",
        "stage": 0,
        "context": null
    },
    {
        "key": "GER_light_tank_artillery_equipment_x:0",
        "original": "Waffentrager Cougar",
        "translation": "바펜트라거 퓨마",
        "stage": 1,
        "context": null
    },
    {
        "key": "GER_light_tank_artillery_equipment_x_short:0",
        "original": "WT Cougar",
        "translation": "바펜트라거 퓨마",
        "stage": 1,
        "context": null
    },
    {
        "key": "GER_light_tank_artillery_equipment_x_2:0",
        "original": "Waffentrager Jaguar",
        "translation": "바펜트라거 재규어",
        "stage": 1,
        "context": null
    },
    {
        "key": "GER_light_tank_artillery_equipment_x_2_short:0",
        "original": "WT Jaguar",
        "translation": "바펜트라거 재규어",
        "stage": 1,
        "context": null
    },
    {
        "key": "light_tank_destroyer_equipment_x:0",
        "original": "Light SP Tank Destroyer IV",
        "translation": "경 구축전차 IV",
        "stage": 1,
        "context": null
    },
    {
        "key": "light_tank_destroyer_equipment_x_short:0",
        "original": "L. TD IV",
        "translation": "경 구축전차 IV",
        "stage": 1,
        "context": null
    },
    {
        "key": "light_tank_destroyer_equipment_x_desc:0",
        "original": "Tank Destroyers are tanks with a larger than normal gun in a fixed mounting in place of a turret. Light Tank Destroyers are based on the chassis of Light Tanks, which means they are fairly mobile but do not carry particularly powerful guns compared to heavier TDs.",
        "translation": "",
        "stage": 0,
        "context": null
    },
    {
        "key": "light_tank_destroyer_equipment_x_2:0",
        "original": "Light SP Tank Destroyer V",
        "translation": "경 구축전차 II",
        "stage": 1,
        "context": null
    },
    {
        "key": "light_tank_destroyer_equipment_x_2_short:0",
        "original": "L. TD V",
        "translation": "경 구축전차 V",
        "stage": 1,
        "context": null
    },
    {
        "key": "light_tank_destroyer_equipment_x_2_desc:0",
        "original": "Tank Destroyers are tanks with a larger than normal gun in a fixed mounting in place of a turret. Light Tank Destroyers are based on the chassis of Light Tanks, which means they are fairly mobile but do not carry particularly powerful guns compared to heavier TDs.",
        "translation": "",
        "stage": 0,
        "context": null
    },
    {
        "key": "GER_light_tank_destroyer_equipment_x:0",
        "original": "Sturmgeschuetz auf Cougar",
        "translation": "돌격포 탑재 퓨마",
        "stage": 1,
        "context": null
    },
    {
        "key": "GER_light_tank_destroyer_equipment_x_short:0",
        "original": "JagdCougar",
        "translation": "약트퓨마",
        "stage": 1,
        "context": null
    },
    {
        "key": "GER_light_tank_destroyer_equipment_x_2:0",
        "original": "Sturmgeschuetz auf Jaguar",
        "translation": "돌격포 탑재 재규어",
        "stage": 1,
        "context": null
    },
    {
        "key": "GER_light_tank_destroyer_equipment_x_2_short:0",
        "original": "JagdJaguar",
        "translation": "약트재규어",
        "stage": 1,
        "context": null
    },
    {
        "key": "light_tank_aa_equipment_x:0",
        "original": "Light SP Anti-Air IV",
        "translation": "경 자주대공포 IV",
        "stage": 1,
        "context": null
    },
    {
        "key": "light_tank_aa_equipment_x_short:0",
        "original": "L. Tank AA IV",
        "translation": "경 대공포 IV",
        "stage": 1,
        "context": null
    },
    {
        "key": "light_tank_aa_equipment_x_desc:0",
        "original": "Anti-air artillery is primarily designed to shoot down hostile planes, although the rapid fire cannons can also be effective against ground targets. This model is mounted on the chassis of a light tank.",
        "translation": "",
        "stage": 0,
        "context": null
    },
    {
        "key": "light_tank_aa_equipment_x_2:0",
        "original": "Light SP Anti-Air V",
        "translation": "경 자주대공포 V",
        "stage": 1,
        "context": null
    },
    {
        "key": "light_tank_aa_equipment_x_2_short:0",
        "original": "L. Tank AA V",
        "translation": "경 대공포 V",
        "stage": 1,
        "context": null
    },
    {
        "key": "light_tank_aa_equipment_x_2_desc:0",
        "original": "Anti-air artillery is primarily designed to shoot down hostile planes, although the rapid fire cannons can also be effective against ground targets. This model is mounted on the chassis of a light tank.",
        "translation": "",
        "stage": 0,
        "context": null
    },
    {
        "key": "GER_light_tank_aa_equipment_x:0",
        "original": "Flakpanzer 1708",
        "translation": "대공전차 1708",
        "stage": 1,
        "context": null
    },
    {
        "key": "GER_light_tank_aa_equipment_x_short:0",
        "original": "FlakPz 1708",
        "translation": "대공전차 1708",
        "stage": 1,
        "context": null
    },
    {
        "key": "GER_light_tank_aa_equipment_x_2:0",
        "original": "Flakpanzer 1811",
        "translation": "대공전차  1811",
        "stage": 1,
        "context": null
    },
    {
        "key": "GER_light_tank_aa_equipment_x_2_short:0",
        "original": "FlakPz 1811",
        "translation": "대공전차 1811",
        "stage": 1,
        "context": null
    },
    {
        "key": "battle_cruiser_3_short:0",
        "original": "Battlecruiser III",
        "translation": "순양전함 III",
        "stage": 1,
        "context": null
    },
    {
        "key": "battle_cruiser_3_desc:0",
        "original": "Nearly everything from the guns to the engines has been improved. Now all we need is a kitchen sink.",
        "translation": "",
        "stage": 0,
        "context": null
    },
    {
        "key": "GER_battle_cruiser_3:0",
        "original": "Schlachtkreuzer 48",
        "translation": "순양전함 48",
        "stage": 1,
        "context": null
    },
    {
        "key": "GER_battle_cruiser_3_short:0",
        "original": "Schlachtkreuzer 48",
        "translation": "순양전함 48",
        "stage": 1,
        "context": null
    },
    {
        "key": "SH_battleship_3:0",
        "original": "Super-Heavy Battleship III",
        "translation": "초중전함 III",
        "stage": 1,
        "context": null
    },
    {
        "key": "SH_battleship_3_short:0",
        "original": "Super-Heavy Battleship III",
        "translation": "초중전함 III",
        "stage": 1,
        "context": null
    },
    {
        "key": "SH_battleship_3_desc:0",
        "original": "Nearly everything from the guns to the engines has been improved. Now all we need is an ice maker.",
        "translation": "",
        "stage": 0,
        "context": null
    },
    {
        "key": "GER_SH_battleship_3:0",
        "original": "Schlachtschiff H52",
        "translation": "전함 H52",
        "stage": 1,
        "context": null
    },
    {
        "key": "GER_SH_battleship_3_short:0",
        "original": "Schlachtschiff H52",
        "translation": "전함 H52",
        "stage": 1,
        "context": null
    },
    {
        "key": "destroyer_5:0",
        "original": "Destroyer V",
        "translation": "구축함 V",
        "stage": 1,
        "context": null
    },
    {
        "key": "destroyer_5_short:0",
        "original": "Destroyer V",
        "translation": "구축함 V",
        "stage": 1,
        "context": null
    },
    {
        "key": "destroyer_5_desc:0",
        "original": "Nearly everything from the guns to the engines has been improved. Now all we need is a kitchen sink.",
        "translation": "",
        "stage": 0,
        "context": null
    },
    {
        "key": "destroyer_6:0",
        "original": "Destroyer VI",
        "translation": "구축함 VI",
        "stage": 1,
        "context": null
    },
    {
        "key": "destroyer_6_short:0",
        "original": "Destroyer VI",
        "translation": "구축함 VI",
        "stage": 1,
        "context": null
    },
    {
        "key": "destroyer_6_desc:0",
        "original": "Nearly everything from the guns to the engines has been improved. Now all we need is an ice maker.",
        "translation": "",
        "stage": 0,
        "context": null
    },
    {
        "key": "destroyer_7:0",
        "original": "Destroyer VII",
        "translation": "구축함 VII",
        "stage": 1,
        "context": null
    },
    {
        "key": "destroyer_7_short:0",
        "original": "Destroyer VII",
        "translation": "구축함 VII",
        "stage": 1,
        "context": null
    },
    {
        "key": "destroyer_7_desc:0",
        "original": "Nearly everything from the guns to the engines has been improved. Now all we need is a television.",
        "translation": "",
        "stage": 0,
        "context": null
    },
    {
        "key": "GER_destroyer_5:0",
        "original": "Zerstörer 1016",
        "translation": "구축함 1016",
        "stage": 1,
        "context": null
    },
    {
        "key": "GER_destroyer_5_short:0",
        "original": "Zerstörer 1016",
        "translation": "구축함 1016",
        "stage": 1,
        "context": null
    },
    {
        "key": "GER_destroyer_6:0",
        "original": "Zerstörer 1020",
        "translation": "구축함 1020",
        "stage": 1,
        "context": null
    },
    {
        "key": "GER_destroyer_6_short:0",
        "original": "Zerstörer 1020",
        "translation": "구축함 1020",
        "stage": 1,
        "context": null
    },
    {
        "key": "GER_destroyer_7:0",
        "original": "Zerstörer 1024",
        "translation": "구축함 1024",
        "stage": 1,
        "context": null
    },
    {
        "key": "GER_destroyer_7_short:0",
        "original": "Zerstörer 1024",
        "translation": "구축함 1024",
        "stage": 1,
        "context": null
    },
    {
        "key": "submarine_5:0",
        "original": "Submarine V",
        "translation": "잠수함 V",
        "stage": 1,
        "context": null
    },
    {
        "key": "submarine_5_short:0",
        "original": "Submarine V",
        "translation": "잠수함 V",
        "stage": 1,
        "context": null
    },
    {
        "key": "submarine_5_desc:0",
        "original": "Nearly everything from the guns to the engines has been improved. Now all we need is a kitchen sink.",
        "translation": "",
        "stage": 0,
        "context": null
    },
    {
        "key": "submarine_6:0",
        "original": "Submarine VI",
        "translation": "잠수함 VI",
        "stage": 1,
        "context": null
    },
    {
        "key": "submarine_6_short:0",
        "original": "Submarine VI",
        "translation": "잠수함 VI",
        "stage": 1,
        "context": null
    },
    {
        "key": "submarine_6_desc:0",
        "original": "Nearly everything from the guns to the engines has been improved. Now all we need is an ice maker.",
        "translation": "",
        "stage": 0,
        "context": null
    },
    {
        "key": "submarine_7:0",
        "original": "Submarine VII",
        "translation": "잠수함 VII",
        "stage": 1,
        "context": null
    },
    {
        "key": "submarine_7_short:0",
        "original": "Submarine VII",
        "translation": "잠수함 VII",
        "stage": 1,
        "context": null
    },
    {
        "key": "submarine_7_desc:0",
        "original": "Nearly everything from the guns to the engines has been improved. Now all we need is a television.",
        "translation": "",
        "stage": 0,
        "context": null
    },
    {
        "key": "submarine_nuc:0",
        "original": "Nuclear Submarine",
        "translation": "원자력 잠수함",
        "stage": 1,
        "context": null
    },
    {
        "key": "submarine_nuc_short:0",
        "original": "Nuclear Submarine",
        "translation": "원자력 잠수함",
        "stage": 1,
        "context": null
    },
    {
        "key": "submarine_nuc_desc:0",
        "original": "The power! The glowing! The instantly finished toast!",
        "translation": "힘! 빛내는 힘! 토스트를 바로 만드는 힘!",
        "stage": 1,
        "context": null
    },
    {
        "key": "GER_submarine_5:0",
        "original": "Type XXIII",
        "translation": "",
        "stage": 0,
        "context": null
    },
    {
        "key": "GER_submarine_5_short:0",
        "original": "Type XXIII",
        "translation": "",
        "stage": 0,
        "context": null
    },
    {
        "key": "GER_submarine_6:0",
        "original": "Type XXVII",
        "translation": "",
        "stage": 0,
        "context": null
    },
    {
        "key": "GER_submarine_6_short:0",
        "original": "Type XXVII",
        "translation": "",
        "stage": 0,
        "context": null
    },
    {
        "key": "GER_submarine_7:0",
        "original": "Type XXXV",
        "translation": "",
        "stage": 0,
        "context": null
    },
    {
        "key": "GER_submarine_7_short:0",
        "original": "Type XXXV",
        "translation": "",
        "stage": 0,
        "context": null
    },
    {
        "key": "GER_submarine_nuc:0",
        "original": "Type XL",
        "translation": "",
        "stage": 0,
        "context": null
    },
    {
        "key": "GER_submarine_nuc_short:0",
        "original": "Type XL",
        "translation": "",
        "stage": 0,
        "context": null
    },
    {
        "key": "light_cruiser_5:0",
        "original": "Light Cruiser V",
        "translation": "경순양함 V",
        "stage": 1,
        "context": null
    },
    {
        "key": "light_cruiser_5_short:0",
        "original": "Light Cruiser V",
        "translation": "경순양함 V",
        "stage": 1,
        "context": null
    },
    {
        "key": "light_cruiser_5_desc:0",
        "original": "Nearly everything from the guns to the engines has been improved. Now all we need is a kitchen sink.",
        "translation": "",
        "stage": 0,
        "context": null
    },
    {
        "key": "light_cruiser_6:0",
        "original": "Light Cruiser VI",
        "translation": "경순양함 VI",
        "stage": 1,
        "context": null
    },
    {
        "key": "light_cruiser_6_short:0",
        "original": "Light Cruiser VI",
        "translation": "경순양함 VI",
        "stage": 1,
        "context": null
    },
    {
        "key": "light_cruiser_6_desc:0",
        "original": "Nearly everything from the guns to the engines has been improved. Now all we need is an ice maker.",
        "translation": "",
        "stage": 0,
        "context": null
    },
    {
        "key": "light_cruiser_7:0",
        "original": "Light Cruiser VII",
        "translation": "경순양함 VII",
        "stage": 1,
        "context": null
    },
    {
        "key": "light_cruiser_7_short:0",
        "original": "Light Cruiser VII",
        "translation": "경순양함 VII",
        "stage": 1,
        "context": null
    },
    {
        "key": "light_cruiser_7_desc:0",
        "original": "Nearly everything from the guns to the engines has been improved. Now all we need is a television.",
        "translation": "",
        "stage": 0,
        "context": null
    },
    {
        "key": "GER_light_cruiser_5:0",
        "original": "Hagen Class",
        "translation": "하겐급",
        "stage": 1,
        "context": null
    },
    {
        "key": "GER_light_cruiser_5_short:0",
        "original": "Hagen Class",
        "translation": "하겐급",
        "stage": 1,
        "context": null
    },
    {
        "key": "GER_light_cruiser_6:0",
        "original": "Wuppertal Class",
        "translation": "부페르탈급",
        "stage": 1,
        "context": null
    },
    {
        "key": "GER_light_cruiser_6_short:0",
        "original": "Wuppertal Class",
        "translation": "부페르탈급",
        "stage": 1,
        "context": null
    },
    {
        "key": "GER_light_cruiser_7:0",
        "original": "Krefeld Class",
        "translation": "크레펠트급",
        "stage": 1,
        "context": null
    },
    {
        "key": "GER_light_cruiser_7_short:0",
        "original": "Krefeld Class",
        "translation": "크레펠트급",
        "stage": 1,
        "context": null
    },
    {
        "key": "heavy_cruiser_5:0",
        "original": "Heavy Cruiser V",
        "translation": "중순양함 V",
        "stage": 1,
        "context": null
    },
    {
        "key": "heavy_cruiser_5_short:0",
        "original": "Heavy Cruiser V",
        "translation": "중순양함 V",
        "stage": 1,
        "context": null
    },
    {
        "key": "heavy_cruiser_5_desc:0",
        "original": "Nearly everything from the guns to the engines has been improved. Now all we need is a kitchen sink.",
        "translation": "",
        "stage": 0,
        "context": null
    },
    {
        "key": "heavy_cruiser_6:0",
        "original": "Heavy Cruiser VI",
        "translation": "중순양함 VI",
        "stage": 1,
        "context": null
    },
    {
        "key": "heavy_cruiser_6_short:0",
        "original": "Heavy Cruiser VI",
        "translation": "중순양함 VI",
        "stage": 1,
        "context": null
    },
    {
        "key": "heavy_cruiser_6_desc:0",
        "original": "Nearly everything from the guns to the engines has been improved. Now all we need is an ice maker.",
        "translation": "",
        "stage": 0,
        "context": null
    },
    {
        "key": "heavy_cruiser_7:0",
        "original": "Heavy Cruiser VII",
        "translation": "중순양함 VII",
        "stage": 1,
        "context": null
    },
    {
        "key": "heavy_cruiser_7_short:0",
        "original": "Heavy Cruiser VII",
        "translation": "중순양함 VII",
        "stage": 1,
        "context": null
    },
    {
        "key": "heavy_cruiser_7_desc:0",
        "original": "Nearly everything from the guns to the engines has been improved. Now all we need is a television.",
        "translation": "",
        "stage": 0,
        "context": null
    },
    {
        "key": "GER_heavy_cruiser_5:0",
        "original": "Albrecht Class",
        "translation": "알브레히트급",
        "stage": 1,
        "context": null
    },
    {
        "key": "GER_heavy_cruiser_5_short:0",
        "original": "Albrecht Class",
        "translation": "알브레히트급",
        "stage": 1,
        "context": null
    },
    {
        "key": "GER_heavy_cruiser_6:0",
        "original": "Bittenfeld Class",
        "translation": "비텐펠트급",
        "stage": 1,
        "context": null
    },
    {
        "key": "GER_heavy_cruiser_6_short:0",
        "original": "Bittenfeld Class",
        "translation": "비텐펠트급",
        "stage": 1,
        "context": null
    },
    {
        "key": "GER_heavy_cruiser_7:0",
        "original": "Roon Class",
        "translation": "로온급",
        "stage": 1,
        "context": null
    },
    {
        "key": "GER_heavy_cruiser_7_short:0",
        "original": "Roon Class",
        "translation": "로온급",
        "stage": 1,
        "context": null
    },
    {
        "key": "battleship_5_short:0",
        "original": "Battleship V",
        "translation": "전함 V",
        "stage": 1,
        "context": null
    },
    {
        "key": "battleship_5_desc:0",
        "original": "Nearly everything from the guns to the engines has been improved. Now all we need is a kitchen sink.",
        "translation": "",
        "stage": 0,
        "context": null
    },
    {
        "key": "battleship_6_short:0",
        "original": "Battleship VI",
        "translation": "전함 VI",
        "stage": 1,
        "context": null
    },
    {
        "key": "battleship_6_desc:0",
        "original": "Nearly everything from the guns to the engines has been improved. Now all we need is an ice maker.",
        "translation": "",
        "stage": 0,
        "context": null
    },
    {
        "key": "battleship_7:0",
        "original": "Battleship VII",
        "translation": "전함 VII",
        "stage": 1,
        "context": null
    },
    {
        "key": "battleship_7_short:0",
        "original": "Battleship VII",
        "translation": "전함 VII",
        "stage": 1,
        "context": null
    },
    {
        "key": "battleship_7_desc:0",
        "original": "Nearly everything from the guns to the engines has been improved. Now all we need is a television.",
        "translation": "",
        "stage": 0,
        "context": null
    },
    {
        "key": "battleship_nuc:0",
        "original": "Nuclear Battleship",
        "translation": "원자력 전함",
        "stage": 1,
        "context": null
    },
    {
        "key": "battleship_nuc_short:0",
        "original": "Nuclear Battleship",
        "translation": "원자력 전함",
        "stage": 1,
        "context": null
    },
    {
        "key": "battleship_nuc_desc:0",
        "original": "The power! The glowing! The instantly finished toast!",
        "translation": "힘! 빛내는 힘! 토스트를 바로 만드는 힘!",
        "stage": 1,
        "context": null
    },
    {
        "key": "GER_battleship_5:0",
        "original": "Zeitzler Class",
        "translation": "차이츨러급",
        "stage": 1,
        "context": null
    },
    {
        "key": "GER_battleship_5_short:0",
        "original": "Zeitzler Class",
        "translation": "차이츨러급",
        "stage": 1,
        "context": null
    },
    {
        "key": "GER_battleship_6:0",
        "original": "Heusinger Class",
        "translation": "호이징거급",
        "stage": 1,
        "context": null
    },
    {
        "key": "GER_battleship_6_short:0",
        "original": "Heusinger Class",
        "translation": "호이징거급",
        "stage": 1,
        "context": null
    },
    {
        "key": "GER_battleship_7:0",
        "original": "Guderian Class",
        "translation": "구데리안급",
        "stage": 1,
        "context": null
    },
    {
        "key": "GER_battleship_7_short:0",
        "original": "Guderian Class",
        "translation": "구데리안급",
        "stage": 1,
        "context": null
    },
    {
        "key": "GER_battleship_nuc:0",
        "original": "Königreich Class",
        "translation": "쾨니그라이히급",
        "stage": 1,
        "context": null
    },
    {
        "key": "GER_battleship_nuc_short:0",
        "original": "Königreich Class",
        "translation": "쾨니그라이히급",
        "stage": 1,
        "context": null
    },
    {
        "key": "carrier_5_short:0",
        "original": "Carrier V",
        "translation": "순양함 V",
        "stage": 1,
        "context": null
    },
    {
        "key": "carrier_5_desc:0",
        "original": "Nearly everything from the guns to the engines has been improved. Now all we need is a kitchen sink.",
        "translation": "",
        "stage": 0,
        "context": null
    },
    {
        "key": "carrier_6_short:0",
        "original": "Carrier VI",
        "translation": "항공모함 VI",
        "stage": 1,
        "context": null
    },
    {
        "key": "carrier_6_desc:0",
        "original": "Nearly everything from the guns to the engines has been improved. Now all we need is an ice maker.",
        "translation": "",
        "stage": 0,
        "context": null
    },
    {
        "key": "carrier_7:0",
        "original": "Carrier VII",
        "translation": "항공모함 VII",
        "stage": 1,
        "context": null
    },
    {
        "key": "carrier_7_short:0",
        "original": "Carrier VII",
        "translation": "항공모함 VII",
        "stage": 1,
        "context": null
    },
    {
        "key": "carrier_7_desc:0",
        "original": "Nearly everything from the guns to the engines has been improved. Now all we need is a television.",
        "translation": "",
        "stage": 0,
        "context": null
    },
    {
        "key": "carrier_nuc:0",
        "original": "Nuclear Carrier",
        "translation": "원자력 항공모함",
        "stage": 1,
        "context": null
    },
    {
        "key": "carrier_nuc_short:0",
        "original": "Nuclear Carrier",
        "translation": "원자력 항공모함",
        "stage": 1,
        "context": null
    },
    {
        "key": "carrier_nuc_desc:0",
        "original": "The power! The glowing! The instantly finished toast!",
        "translation": "",
        "stage": 0,
        "context": null
    },
    {
        "key": "GER_carrier_5:0",
        "original": "Solingen Class",
        "translation": "졸링겐급",
        "stage": 1,
        "context": null
    },
    {
        "key": "GER_carrier_5_short:0",
        "original": "Solingen Class",
        "translation": "졸링겐급",
        "stage": 1,
        "context": null
    },
    {
        "key": "GER_carrier_6:0",
        "original": "Leverkusen Class",
        "translation": "레베르쿠젠급",
        "stage": 1,
        "context": null
    },
    {
        "key": "GER_carrier_6_short:0",
        "original": "Leverkusen Class",
        "translation": "레베르쿠젠급",
        "stage": 1,
        "context": null
    },
    {
        "key": "GER_carrier_7:0",
        "original": "Osnabrück Class",
        "translation": "오스나브뤼크급",
        "stage": 1,
        "context": null
    },
    {
        "key": "GER_carrier_7_short:0",
        "original": "Osnabrück Class",
        "translation": "오스나브뤼크급",
        "stage": 1,
        "context": null
    },
    {
        "key": "GER_carrier_nuc:0",
        "original": "Terra Class",
        "translation": "테라급",
        "stage": 1,
        "context": null
    },
    {
        "key": "GER_carrier_nuc_short:0",
        "original": "Terra Class",
        "translation": "테라급",
        "stage": 1,
        "context": null
    },
    {
        "key": "anti_air_equipment_x:0",
        "original": "Modern Anti-Air",
        "translation": "현대 대공포",
        "stage": 1,
        "context": null
    },
    {
        "key": "anti_air_equipment_x_short:0",
        "original": "Modern Anti-Air",
        "translation": "현대 대공포",
        "stage": 1,
        "context": null
    },
    {
        "key": "anti_air_equipment_x_desc:0",
        "original": "An advanced mobile flak gun with improved reach and firing capacity.",
        "translation": "",
        "stage": 0,
        "context": null
    },
    {
        "key": "artillery_equipment_x:0",
        "original": "Modern Artillery",
        "translation": "현대 대포",
        "stage": 1,
        "context": null
    },
    {
        "key": "artillery_equipment_x_short:0",
        "original": "Modern Artillery",
        "translation": "현대 대포",
        "stage": 1,
        "context": null
    },
    {
        "key": "artillery_equipment_x_desc:0",
        "original": "Light-weight artillery capable of packing a strong punch despite its size.",
        "translation": "",
        "stage": 0,
        "context": null
    },
    {
        "key": "rocket_artillery_equipment_x:0",
        "original": "Modern Rocket Artillery",
        "translation": "현대 로켓포",
        "stage": 1,
        "context": null
    },
    {
        "key": "rocket_artillery_equipment_x_short:0",
        "original": "Modern Rocket Artillery",
        "translation": "현대 로켓포",
        "stage": 1,
        "context": null
    },
    {
        "key": "rocket_artillery_equipment_x_desc:0",
        "original": "Rocks with increased range and power, making our already impressive artillery batteries even more effective.",
        "translation": "",
        "stage": 0,
        "context": null
    },
    {
        "key": "anti_tank_equipment_x:0",
        "original": "Modern Anti-Tank",
        "translation": "현대 대전차포",
        "stage": 1,
        "context": null
    },
    {
        "key": "anti_tank_equipment_x_short:0",
        "original": "Modern Anti-Tank",
        "translation": "현대 대전차포",
        "stage": 1,
        "context": null
    },
    {
        "key": "anti_tank_equipment_x_desc:0",
        "original": "Our new anti-tank guns can handle whatever the enemy throws at us.",
        "translation": "",
        "stage": 0,
        "context": null
    },
    {
        "key": "infantry_equipment_x:0",
        "original": "Infantry Equipment IV",
        "translation": "보병 장비 IV",
        "stage": 1,
        "context": null
    },
    {
        "key": "infantry_equipment_x_short:0",
        "original": "Weapons IV",
        "translation": "무기 IV",
        "stage": 1,
        "context": null
    },
    {
        "key": "infantry_equipment_x_desc:0",
        "original": "Better equipment layouts and reductions in weight have led to great advances in efficiency and power.",
        "translation": "",
        "stage": 0,
        "context": null
    },
    {
        "key": "infantry_equipment_x_2:0",
        "original": "Infantry Equipment V",
        "translation": "보병 장비 V",
        "stage": 1,
        "context": null
    },
    {
        "key": "infantry_equipment_x_2_short:0",
        "original": "Weapons V",
        "translation": "무기 V",
        "stage": 1,
        "context": null
    },
    {
        "key": "infantry_equipment_x_2_desc:0",
        "original": "Better equipment layouts and reductions in weight have led to great advances in efficiency and power.",
        "translation": "",
        "stage": 0,
        "context": null
    },
    {
        "key": "ENG_infantry_equipment_x:0",
        "original": "Sterling Mk3",
        "translation": "스털링 마크3",
        "stage": 1,
        "context": null
    },
    {
        "key": "ENG_infantry_equipment_x_short:0",
        "original": "Sterling Mk3",
        "translation": "스털링 마크3",
        "stage": 1,
        "context": null
    },
    {
        "key": "CHI_infantry_equipment_x:0",
        "original": "ZB vz.30",
        "translation": "ZB vz.30",
        "stage": 1,
        "context": null
    },
    {
        "key": "CHI_infantry_equipment_x_short:0",
        "original": "ZB vz.30",
        "translation": "ZB vz.30",
        "stage": 1,
        "context": null
    },
    {
        "key": "FRA_infantry_equipment_x:0",
        "original": "MAS-46",
        "translation": "MAS-46",
        "stage": 1,
        "context": null
    },
    {
        "key": "FRA_infantry_equipment_x_short:0",
        "original": "MAS-46",
        "translation": "MAS-46",
        "stage": 1,
        "context": null
    },
    {
        "key": "GER_infantry_equipment_x:0",
        "original": "MP 47",
        "translation": "MP 47",
        "stage": 1,
        "context": null
    },
    {
        "key": "GER_infantry_equipment_x_short:0",
        "original": "MP 47",
        "translation": "MP 47",
        "stage": 1,
        "context": null
    },
    {
        "key": "ITA_infantry_equipment_x:0",
        "original": "FNAB-47",
        "translation": "FNAB-47",
        "stage": 1,
        "context": null
    },
    {
        "key": "ITA_infantry_equipment_x_short:0",
        "original": "FNAB-47",
        "translation": "FNAB-47",
        "stage": 1,
        "context": null
    },
    {
        "key": "JAP_infantry_equipment_x:0",
        "original": "Type 100/50",
        "translation": "100/50식",
        "stage": 1,
        "context": null
    },
    {
        "key": "JAP_infantry_equipment_x_short:0",
        "original": "Type 100/50",
        "translation": "100/50식",
        "stage": 1,
        "context": null
    },
    {
        "key": "POL_infantry_equipment_x:0",
        "original": "PM wz. 49 Blyskawica",
        "translation": "PM wz. 49 블리스카비차",
        "stage": 1,
        "context": null
    },
    {
        "key": "POL_infantry_equipment_x_short:0",
        "original": "wz. 49 Blyskawica",
        "translation": "wz. 49 블리스카비차",
        "stage": 1,
        "context": null
    },
    {
        "key": "SOV_infantry_equipment_x:0",
        "original": "PPS-49",
        "translation": "PPS-49",
        "stage": 1,
        "context": null
    },
    {
        "key": "SOV_infantry_equipment_x_short:0",
        "original": "PPS-49",
        "translation": "PPS-49",
        "stage": 1,
        "context": null
    },
    {
        "key": "USA_infantry_equipment_x:0",
        "original": "M3",
        "translation": "M3",
        "stage": 1,
        "context": null
    },
    {
        "key": "USA_infantry_equipment_x_short:0",
        "original": "M3",
        "translation": "M3",
        "stage": 1,
        "context": null
    },
    {
        "key": "ENG_infantry_equipment_x_2:0",
        "original": "Sterling Mk4",
        "translation": "스털링 마크4",
        "stage": 1,
        "context": null
    },
    {
        "key": "ENG_infantry_equipment_x_2_short:0",
        "original": "Sterling Mk4",
        "translation": "스털링 마크4",
        "stage": 1,
        "context": null
    },
    {
        "key": "CHI_infantry_equipment_x_2:0",
        "original": "ZB vz.35",
        "translation": "ZB vz.35",
        "stage": 1,
        "context": null
    },
    {
        "key": "CHI_infantry_equipment_x_2_short:0",
        "original": "ZB vz.35",
        "translation": "ZB vz.35",
        "stage": 1,
        "context": null
    },
    {
        "key": "FRA_infantry_equipment_x_2:0",
        "original": "MAS-52",
        "translation": "MAS-52",
        "stage": 1,
        "context": null
    },
    {
        "key": "FRA_infantry_equipment_x_2_short:0",
        "original": "MAS-52",
        "translation": "MAS-52",
        "stage": 1,
        "context": null
    },
    {
        "key": "GER_infantry_equipment_x_2:0",
        "original": " MP 53",
        "translation": " MP 53",
        "stage": 1,
        "context": null
    },
    {
        "key": "GER_infantry_equipment_x_2_short:0",
        "original": "MP 53",
        "translation": "MP 53",
        "stage": 1,
        "context": null
    },
    {
        "key": "ITA_infantry_equipment_x_2:0",
        "original": "FNAB-53",
        "translation": "FNAB-53",
        "stage": 1,
        "context": null
    },
    {
        "key": "ITA_infantry_equipment_x_2_short:0",
        "original": "FNAB-53",
        "translation": "FNAB-53",
        "stage": 1,
        "context": null
    },
    {
        "key": "JAP_infantry_equipment_x_2:0",
        "original": "Type 100/55",
        "translation": "100/55식",
        "stage": 1,
        "context": null
    },
    {
        "key": "JAP_infantry_equipment_x_2_short:0",
        "original": "Type 100/55",
        "translation": "100/55식",
        "stage": 1,
        "context": null
    },
    {
        "key": "POL_infantry_equipment_x_2:0",
        "original": "PM wz. 55 Blyskawica",
        "translation": "PM wz. 55 블리스카비차",
        "stage": 1,
        "context": null
    },
    {
        "key": "POL_infantry_equipment_x_2_short:0",
        "original": "wz. 55 Blyskawica",
        "translation": "wz. 55 블리스카비차",
        "stage": 1,
        "context": null
    },
    {
        "key": "SOV_infantry_equipment_x_2:0",
        "original": "PPS-55",
        "translation": "PPS-55",
        "stage": 1,
        "context": null
    },
    {
        "key": "SOV_infantry_equipment_x_2_short:0",
        "original": "PPS-55",
        "translation": "PPS-55",
        "stage": 1,
        "context": null
    },
    {
        "key": "USA_infantry_equipment_x_2:0",
        "original": "M4",
        "translation": "M4",
        "stage": 1,
        "context": null
    },
    {
        "key": "USA_infantry_equipment_x_2_short:0",
        "original": "M4",
        "translation": "M4",
        "stage": 1,
        "context": null
    },
    {
        "key": "mechanized_equipment_x:0",
        "original": "Mechanized Infantry IV",
        "translation": "기계화 보병 IV",
        "stage": 1,
        "context": null
    },
    {
        "key": "mechanized_equipment_x_short:0",
        "original": "Mechanized IV",
        "translation": "기계화장비 IV",
        "stage": 1,
        "context": null
    },
    {
        "key": "mechanized_equipment_x_desc:0",
        "original": "These vehicles can take our troops anywhere safely and effectively, bringing real power to the frontlines.",
        "translation": "",
        "stage": 0,
        "context": null
    },
    {
        "key": "mechanized_equipment_x_2:0",
        "original": "Mechanized Infantry V",
        "translation": "기계화 보병 V",
        "stage": 1,
        "context": null
    },
    {
        "key": "mechanized_equipment_x_2_short:0",
        "original": "Mechanized V",
        "translation": "기계화장비 V",
        "stage": 1,
        "context": null
    },
    {
        "key": "mechanized_equipment_x_2_desc:0",
        "original": "These vehicles can take our troops anywhere safely and effectively, bringing real power to the frontlines.",
        "translation": "",
        "stage": 0,
        "context": null
    },
    {
        "key": "ENG_mechanized_equipment_x:0",
        "original": "UC Mk.III",
        "translation": "UC 마크.III",
        "stage": 1,
        "context": null
    },
    {
        "key": "ENG_mechanized_equipment_x_short:0",
        "original": "UC Mk.III",
        "translation": "UC 마크.III",
        "stage": 1,
        "context": null
    },
    {
        "key": "FRA_mechanized_equipment_x:0",
        "original": "AMX-VCI B",
        "translation": "AMX-VCI B",
        "stage": 1,
        "context": null
    },
    {
        "key": "FRA_mechanized_equipment_x_short:0",
        "original": "AMX-VCI B",
        "translation": "AMX-VCI B",
        "stage": 1,
        "context": null
    },
    {
        "key": "GER_mechanized_equipment_x:0",
        "original": "Sonderkraftfahrzeug 302",
        "translation": "존데르크라프트파르초이크 302",
        "stage": 1,
        "context": null
    },
    {
        "key": "GER_mechanized_equipment_x_short:0",
        "original": "Sd.Kfz. 302",
        "translation": "Sd.Kfz. 302",
        "stage": 1,
        "context": null
    },
    {
        "key": "ITA_mechanized_equipment_x:0",
        "original": "Breda 64",
        "translation": "브레다 64",
        "stage": 1,
        "context": null
    },
    {
        "key": "ITA_mechanized_equipment_x_short:0",
        "original": "Breda 64",
        "translation": "브레다 64",
        "stage": 1,
        "context": null
    },
    {
        "key": "JAP_mechanized_equipment_x:0",
        "original": "Type 2 Ho-Ha",
        "translation": "2식 호하",
        "stage": 1,
        "context": null
    },
    {
        "key": "JAP_mechanized_equipment_x_short:0",
        "original": "Type 2 Ho-Ha",
        "translation": "2식 호하",
        "stage": 1,
        "context": null
    },
    {
        "key": "POL_mechanized_equipment_x:0",
        "original": "C11P",
        "translation": "C11P",
        "stage": 1,
        "context": null
    },
    {
        "key": "POL_mechanized_equipment_x_short:0",
        "original": "C11P",
        "translation": "C11P",
        "stage": 1,
        "context": null
    },
    {
        "key": "SOV_mechanized_equipment_x:0",
        "original": "BTR M1949",
        "translation": "BTR M1949",
        "stage": 1,
        "context": null
    },
    {
        "key": "SOV_mechanized_equipment_x_short:0",
        "original": "BTR M1949",
        "translation": "BTR M1949",
        "stage": 1,
        "context": null
    },
    {
        "key": "USA_mechanized_equipment_x:0",
        "original": "M7 Half-Track",
        "translation": "M7 하프 트럭",
        "stage": 1,
        "context": null
    },
    {
        "key": "USA_mechanized_equipment_x_short:0",
        "original": "M7 Half-Track",
        "translation": "M7 하프 트럭",
        "stage": 1,
        "context": null
    },
    {
        "key": "ENG_mechanized_equipment_x_2:0",
        "original": "UC Mk.IV",
        "translation": "UC 마크.IV",
        "stage": 1,
        "context": null
    },
    {
        "key": "ENG_mechanized_equipment_x_2_short:0",
        "original": "UC Mk.IV",
        "translation": "UC 마크.IV",
        "stage": 1,
        "context": null
    },
    {
        "key": "FRA_mechanized_equipment_x_2:0",
        "original": "AMX-VCI C",
        "translation": "AMX-VCI C",
        "stage": 1,
        "context": null
    },
    {
        "key": "FRA_mechanized_equipment_x_2_short:0",
        "original": "AMX-VCI C",
        "translation": "AMX-VCI C",
        "stage": 1,
        "context": null
    },
    {
        "key": "GER_mechanized_equipment_x_2:0",
        "original": "Sonderkraftfahrzeug 302/30",
        "translation": "존데르크라프트파르초이크 302/30",
        "stage": 1,
        "context": null
    },
    {
        "key": "GER_mechanized_equipment_x_2_short:0",
        "original": "Sd.Kfz. 302/30",
        "translation": "Sd.Kfz. 302/30",
        "stage": 1,
        "context": null
    },
    {
        "key": "ITA_mechanized_equipment_x_2:0",
        "original": "Breda 67",
        "translation": "브레다 67",
        "stage": 1,
        "context": null
    },
    {
        "key": "ITA_mechanized_equipment_x_2_short:0",
        "original": "Breda 67",
        "translation": "브레다 67",
        "stage": 1,
        "context": null
    },
    {
        "key": "JAP_mechanized_equipment_x_2:0",
        "original": "Type 3 Ho-Ki",
        "translation": "3식 호키",
        "stage": 1,
        "context": null
    },
    {
        "key": "JAP_mechanized_equipment_x_2_short:0",
        "original": "Type 3 Ho-Ki",
        "translation": "3식 호키",
        "stage": 1,
        "context": null
    },
    {
        "key": "POL_mechanized_equipment_x_2:0",
        "original": "C13P",
        "translation": "C13P",
        "stage": 1,
        "context": null
    },
    {
        "key": "POL_mechanized_equipment_x_2_short:0",
        "original": "C13P",
        "translation": "C13P",
        "stage": 1,
        "context": null
    },
    {
        "key": "SOV_mechanized_equipment_x_2:0",
        "original": "BTR M1953",
        "translation": "BTR M1953",
        "stage": 1,
        "context": null
    },
    {
        "key": "SOV_mechanized_equipment_x_2_short:0",
        "original": "BTR M1953",
        "translation": "BTR M1953",
        "stage": 1,
        "context": null
    },
    {
        "key": "USA_mechanized_equipment_x_2:0",
        "original": "M9 Half-Track",
        "translation": "M9 하프 트럭",
        "stage": 1,
        "context": null
    },
    {
        "key": "USA_mechanized_equipment_x_2_short:0",
        "original": "M9 Half-Track",
        "translation": "M9 하프 트럭",
        "stage": 1,
        "context": null
    }
]