[
    {
        "key": "LOADING_TIP_0:0",
        "original": "Chaos is reigning everywhere; why would I intervene?\\n— Discord on the current situation",
        "translation": "혼돈이 도처를 지배하고 있는데, 내가 왜 끼어들어야 하는 거지?\\n- 디스코드",
        "stage": 1,
        "context": null
    },
    {
        "key": "LOADING_TIP_1:0",
        "original": "As the war worsens, the Cutie Mark system of job assignment has been abandoned in all but name. How do you categorise ponies with soda pops, flowers, or musical notes, when you need line workers, welders and front line troops?\\n— Entry from Princess Twilight's Journal",
        "translation": "전쟁이 심화되면서 진로를 나타내주는 큐티 마크 시스템은 사라지고 그 이름밖에 남지 않았습니다. 어떻게 소다 팝, 꽃, 음악책 큐티 마크를 지닌 포니들을 생산라인 노동자들, 용접공들, 그리고 최전방군으로 분류하겠습니까?\\n- 트와일라잇 공주의 일기장 중",
        "stage": 1,
        "context": null
    },
    {
        "key": "LOADING_TIP_2:0",
        "original": "Damn Griffons, they ruined Griffonia!\\n— A contentious griffon",
        "translation": "망할 그리폰들, 그놈들이 그리포니아를 망쳐 놨어!\\n- 한 논쟁적인 그리폰",
        "stage": 1,
        "context": null
    },
    {
        "key": "LOADING_TIP_3:0",
        "original": "To Twilight it's numbers in the paper, to Cadence it's the letters from her husband, to Luna it's guns and tanks. But to me, it's my little ponies.\\n— Princess Celestia",
        "translation": "트와일라잇에게 그것은 신문에 실린 숫자이고, 케이던스에게 그것은 남편이 보낸 편지이고, 루나에게 그것은 총과 탱크입니다. 하지만 제게는 작은 포니들입니다.\\n- 셀레스티아 공주",
        "stage": 1,
        "context": null
    },
    {
        "key": "LOADING_TIP_4:0",
        "original": "My sister, my country... I do this for you!\\n— Princess Luna's declaration of revolt against the Solar Empire",
        "translation": "나의 자매여, 나의 조국이여... 널 위해서는 어쩔 수 없었노라!\\n- 루나 공주의 태양 제국 항전 선언",
        "stage": 1,
        "context": null
    },
    {
        "key": "LOADING_TIP_5:0",
        "original": "This is our last radio broadcast. The Changeling units have entered Baltimare. A fraternal greeting to all our friends still fighting, wherever they are. Equestria is not yet lost! Long live Equestria!\\n— Last broadcast of Baltimare Radio",
        "translation": "이것이 마지막 라디오 방송입니다. 체인질링들이 발티메어로 진입했습니다. 어디에 있든, 여전히 싸우고 있는 형제들에게 인사를 전합니다. 이퀘스트리아는 아직 사라지지 않았습니다! 이퀘스트리아여 영원하라!\\n- 발티메어 라디오 마지막 방송",
        "stage": 1,
        "context": null
    },
    {
        "key": "LOADING_TIP_6:0",
        "original": "It is time to move into the new millennium and allow griffons to choose their leaders by merit rather than by their heritage.\\n— Voss Corsair,  Aquileian Republican",
        "translation": "이제 새 천년에 들어선 만큼 그리폰들은 그들의 유산보다는 이익을 기준으로 그들의 지도자를 선택해야 할 때이다.\\n- 보스 코르세어, 아퀼레이아 공화당원",
        "stage": 1,
        "context": null
    },
    {
        "key": "LOADING_TIP_7:0",
        "original": "Burn this experiment to the ground and leave nothing standing.\\n— Daybreaker, arriving in Stalliongrad",
        "translation": "이 \"실험\"은 완전히 태워버리고 아무것도 남아있게 하지 마라.\\n- 스탈리온그라드에 도착한 데이브레이커",
        "stage": 1,
        "context": null
    },
    {
        "key": "LOADING_TIP_8:0",
        "original": "A Longsword for all of us. Not for me, for ponies or for griffons. A Longsword for all of us is what I fight for.\\n— Starry Night",
        "translation": "롱소드는 모두의 것입니다. 저를 위한 것도, 포니들이나 그리폰들을 위한 것도 아닙니다. 우리 모두를 위한 롱소드가 바로 제가 싸우는 이유입니다.\\n- 스타리 나이트",
        "stage": 1,
        "context": null
    },
    {
        "key": "LOADING_TIP_9:0",
        "original": "Political terror is the only language they understand.\\n— Victor Allard",
        "translation": "그들이 이해하는 언어는 정치 테러밖에 없다.\\n- 빅터 알라드",
        "stage": 1,
        "context": null
    },
    {
        "key": "LOADING_TIP_10:0",
        "original": "I once seethed and raged. I bode my time, awaiting the moment to avenge my banishment. But having finally returned my sister's mercy in kind, I feel only regret and emptiness.\\n— Princess Luna",
        "translation": "나는 한때 들끓는 분노를 겪은 적이 있다. 나는 유배의 복수를 할 순간만을 기다리며 시간을 낭비했다. 그러나 마침내 자매의 자비를 되돌려준 나는 후회와 공허감만 느꼈었다.\\n- 루나 공주, 데이브레이커의 패전 후 대관식 연설",
        "stage": 1,
        "context": null
    },
    {
        "key": "LOADING_TIP_11:0",
        "original": "My nephew is the most even-tempered colt in the army — he's always angry.\\n— Princess Luna, on Field Marshal Blueblood",
        "translation": "내 조카는 군대에서 가장 성미가 고약한 놈이다. 그는 항상 화가 나 있다.\\n- 루나 공주, 육군원수 블루블러드에 대해",
        "stage": 1,
        "context": null
    },
    {
        "key": "LOADING_TIP_12:0",
        "original": "The Magic of Friendship is a defining feature of warfare. It is not honour, ideology, country or even family that gives a soldier courage to charge into combat. It is their friends, charging beside them.\\n— Princess Twilight Sparkle",
        "translation": "우정의 마법은 전쟁의 결정적인 특징이다. 군인에게 빗발치는 기관총탄 속으로 뛰어들 용기를 주는 것은 명예, 이념, 국가, 심지어 가족도 아니다. 그것은 바로 그들 옆에 있는 전우들이다.\\n- 트와일라잇 스파클 공주",
        "stage": 1,
        "context": null
    },
    {
        "key": "LOADING_TIP_13:0",
        "original": "He's so stupid he once lost a game of Rock Paper Scissors to a pony.\\n— A common Griffonian Insult",
        "translation": "그는 너무 멍청해서 심지어 포니들에게 가위바위보를 진 적이 있을 정도다.\\n- 그리폰들의 흔한 모욕",
        "stage": 1,
        "context": null
    },
    {
        "key": "LOADING_TIP_14:0",
        "original": "Does anyone think that maybe... we're the bad guys?\\n— Thorax",
        "translation": "혹시 우리가 나쁜 놈들이라고... 생각한 분들이 있나요?\\n- 토랙스",
        "stage": 1,
        "context": null
    },
    {
        "key": "LOADING_TIP_15:0",
        "original": "I know you spoke in jest, Princess Cadence, but nevertheless I accept your challenge. I shall build the finest snow fort in the world.\\n— Guard Engineer Idol Hooves",
        "translation": "케이던스 공주님, 물론 농담으로 말하신 건 알지만 저는 그 도전을 받아들이겠습니다. 제가 세계 최고의 눈 요새를 만들겠습니다.\\n- 수비대 엔지니어 아이돌 후브즈",
        "stage": 1,
        "context": null
    },
    {
        "key": "LOADING_TIP_16:0",
        "original": "Boreas... did I... did I do good?\\n— Emperor Grover V, his final words",
        "translation": "보레아스시여... 저는... 저는 괜찮았습니까?\\n- 황제 그로버 5세의 마지막 유언",
        "stage": 1,
        "context": null
    },
    {
        "key": "LOADING_TIP_17:0",
        "original": "I promised my friend I would play this mod and it's actually a very well done mod, I was extremely surprised.\\n— Daniel Sjöberg (Da9L), HoI4 QA Lead",
        "translation": "제 친구에게 이 모드를 플레이하기로 약속했었는데, 사실 이 모드는 꽤 잘 만들어졌고 아주 놀라웠습니다.\\n- 다니엘 셰베리(Da9L), HoI4 QA팀장",
        "stage": 1,
        "context": null
    },
    {
        "key": "LOADING_TIP_18:0",
        "original": "Education is a weapon, whose effect depends on who holds it in his hooves and at whom it is aimed.\\n— General Secretary Sinister Serov of Stalliongrad",
        "translation": "교육은 누가 그것을 그의 발굽에 쥐고, 누구를 목표로 하느냐에 따라 그 효과가 달라지는 무기이다.\\n- 스탈리온그라드 총서기장 시니스터 세로프",
        "stage": 1,
        "context": null
    },
    {
        "key": "LOADING_TIP_19:0",
        "original": "Call me naive if you please, but as the world tears itself asunder I have to ask: Is there no other path? Can we not come together in harmony?\\n— Chancellor River Swirl",
        "translation": "원한다면 저를 순진하다고 불러도 됩니다. 하지만 세상이 산산히 부서지는 지금 저는 이렇게 묻겠습니다: 다른 길은 없었나요? 우리는 서로 조화롭게 살아갈 수도 있지 않을까요?\\n- 리버 스월",
        "stage": 1,
        "context": null
    },
    {
        "key": "LOADING_TIP_20:0",
        "original": "Buy some war bonds!\\n— Apple Bloom",
        "translation": "전쟁 채권 사세요!\\n- 애플블룸",
        "stage": 1,
        "context": null
    },
    {
        "key": "LOADING_TIP_21:0",
        "original": "With fire and blood, I shall make my Empress proud.\\n— Sunset Shimmer",
        "translation": "불과 피로 나의 여제를 자랑스럽게 하리라.\\n- 선셋 시머",
        "stage": 1,
        "context": null
    },
    {
        "key": "LOADING_TIP_22:0",
        "original": "I've heard complaining about how our position as Equestria's high-flyers has been replaced with machines, 'metal has replaced mettle' and all that. Well... suck it up, foals. We still have our duty, so do it or get out of my way.\\n— Captain Spitfire of the Wonderbolts",
        "translation": "난 이퀘스트리아의 비행사였던 우리가 기계들로 대체되면서 '금속이 열정을 대체했다'는 등의 불평불만을 들어왔다. 음... 그냥 받아들이도록, 얘들아. 우린 여전히 우리 임무가 있으니, 그걸 하든지 아니면 내 앞에서 그냥 비켜라.\\n- 원더볼츠 단장 스핏파이어",
        "stage": 1,
        "context": null
    },
    {
        "key": "LOADING_TIP_23:0",
        "original": "Luna rarely enters the world of dreams these days. What can she hope to do when the nightmares are real?\\n— Celestia, letter to Princess Twilight",
        "translation": "루나는 요즘 꿈의 세계에 거의 들어가지 않는단다. 악몽이 현실이 된 요즘 그녀는 무엇을 하기를 바랄 수 있을까?\\n- 셀레스티아, 트와일라잇 공주에게 보내는 편지",
        "stage": 1,
        "context": null
    },
    {
        "key": "LOADING_TIP_24:0",
        "original": "Defending Equestria from the changeling invasion goes beyond an ethical obligation. It is necessary for our survival.\\n— General Secretary Vasiliy Pantsushenko of Stalliongrad",
        "translation": "체인질링의 침략으로부터 이퀘스트리아를 보호한다는 것은 윤리적 의무를 넘어서는 일입니다. 이건 우리의 생존이 달린 문제입니다.\\n- 스탈리온그라드 총서기장 바실리 펜츠센코",
        "stage": 1,
        "context": null
    },
    {
        "key": "LOADING_TIP_25:0",
        "original": "I stand accused of the crime of fighting for Equestria, of which I am guilty. I will gladly die for Equestria — for the dream that no Nightmare will ever destroy. Equestria will be free!\\n— General Soarin",
        "translation": "나는 이퀘스트리아를 위해 싸운 죄로 기소되어 유죄를 선고받았다. 그리고 나는 이퀘스트리아를 위해 기꺼이 죽을 것이다. 악몽은 아무것도 파괴하지 못 할 것이다. 자유 이퀘스트리아 만세!\\n- 소어린 장군, 처형 직전",
        "stage": 1,
        "context": null
    },
    {
        "key": "LOADING_TIP_26:0",
        "original": "In War, Victory. In Peace, Vigilance. In Death, Sacrifice.\\n— Arcturian Order motto",
        "translation": "전쟁에서 승리하라. 평화에서 경계하라. 죽음에서 희생하라.\\n- 아크튜러스 기사단 격언",
        "stage": 1,
        "context": null
    },
    {
        "key": "LOADING_TIP_27:0",
        "original": "When the sun does not warm all in her reach, she will make the moon grow dark and there will be a war in heaven.\\n— The Oracle at Prancetras, Nimbusia",
        "translation": "태양이 그녀의 손에 닿는 모든 곳을 따뜻하게 하지 않을 때, 그녀는 달을 어둡게 하고 하늘에서는 전쟁이 일어날 것이다.\\n- 프란스트라스 신탁, 님부시아",
        "stage": 1,
        "context": null
    },
    {
        "key": "LOADING_TIP_28:0",
        "original": "Remember when we were party planners?\\n— Col. Cheese Sandwich to Gen. Pinkamena Pie",
        "translation": "우리가 파티 플래너였을 때 기억나?\\n- 치즈 샌드위치 대령이 핑카미나 다이앤 파이 장군에게",
        "stage": 1,
        "context": null
    },
    {
        "key": "LOADING_TIP_29:0",
        "original": "So, why don't we just blast them with a rainbow laser again?\\n— Rainbow Dash",
        "translation": "그렇다면 그냥 무지개 레이저로 그들을 폭파시켜버리지 그래요?\\n- 레인보우 대시",
        "stage": 1,
        "context": null
    },
    {
        "key": "LOADING_TIP_30:0",
        "original": "Too long has this cycle of friendship and heartbreak run its course. It is time for somepony to break it. Permanently.\\n— Rosa Maledicta",
        "translation": "이 우정과 비통함의 순환이 너무 오래 지속되었다. 이제 누군가가 그것을 깨야 할 시간이다. 영구히.\\n- 로사 말레딕타",
        "stage": 1,
        "context": null
    },
    {
        "key": "LOADING_TIP_31:0",
        "original": "Peace? We will have peace once they surrender.\\n— Giulio Beakolini",
        "translation": "평화? 그들이 항복만 한다면 평화는 알아서 찾아올 것이다.\\n- 줄리오 비콜리니",
        "stage": 1,
        "context": null
    },
    {
        "key": "LOADING_TIP_32:0",
        "original": "I make a promise to all of you. On this night, in the city that never sleeps, I will make the dreams you have entrusted to me a reality!\\n— Princess Luna, moments before the explosion",
        "translation": "너희 모두에게 약속하노라. 오늘 밤, 결코 잠들지 않는 도시에서, 나에게 맡긴 꿈을 현실로 만들 것이다!\\n- 암살 전 루나 공주의 마지막 말",
        "stage": 1,
        "context": null
    },
    {
        "key": "LOADING_TIP_33:0",
        "original": "Wingbardy will be a strong nation or not be a nation at all.\\n— Giulio Beakolini",
        "translation": "윙바르디는 강대국이 되거나, 완전히 무너질 것이다.\\n- 줄리오 비콜리니",
        "stage": 1,
        "context": null
    },
    {
        "key": "LOADING_TIP_34:0",
        "original": "Tell the Queen that... the King of Olenia is... willing to negotiate the terms of surrender.\\n— King Johan 'Djavulen'",
        "translation": "이 세상의 많은 나라들이 우리를 체인질링에게 배신했다. 우리는 홀로 서 있고 그들은 우리의 고향을 양보할 것을 요구한다. 이제 죽음 혹은 불명예 중 하나를 결정해야 한다.\\n- 요한 '자불렌' 왕'",
        "stage": 1,
        "context": null
    },
    {
        "key": "LOADING_TIP_35:0",
        "original": "Changelings to the west, Stalliongrad to the east, Yakyakistan to the north and strife within. We are surrounded by those we could call enemies. Something has to be done.\\n— Princess Cadance, private meeting with Celestia and Luna",
        "translation": "서쪽에는 체인질링들, 동쪽에는 스탈리온그라드, 북쪽에는 야크야키스탄, 그리고 내부 불화까지. 우리는 사방의 적들에게 둘러싸여 있다. 무언가 조치를 취해야 한다.\\n- 케이던스 공주, 셀레스티아와 루나와의 사적인 만남에서",
        "stage": 1,
        "context": null
    },
    {
        "key": "LOADING_TIP_36:0",
        "original": "The war is over, but Equestria has changed. Harmony has changed. And I fear... there is no going back.\\n— Princess Twilight Sparkle",
        "translation": "전쟁이 끝났다. 이퀘스트리아는 변했다. 조화도 변했다. 그리고... 다시 예전으로 돌아갈 수 없을까봐 두렵다.\\n- 트와일라잇 스파클 공주",
        "stage": 1,
        "context": null
    },
    {
        "key": "LOADING_TIP_37:0",
        "original": "Smile Smile Smile! Keep the Magic of Friendship Alive!\\n— Equestrian Propaganda Poster",
        "translation": "웃어요 웃어요 웃어요! 우정의 마법을 항상 유지하세요!\\n- 이퀘스트리아 선전 포스터",
        "stage": 1,
        "context": null
    },
    {
        "key": "LOADING_TIP_38:0",
        "original": "Equestrian ecology has suffered much since we cancelled the winter wrap up and the changelings overran much of Equestria. The weather has become strange and animals grow nervous, refusing to greet us as they once did.\\n— Entry in Princess Twilight's Journal",
        "translation": "이퀘스트리아 생태계는 우리가 겨울 마무리를 중단하고 체인질링들이 이퀘스트리아에 들끓었던 이후로 많은 고통을 겪었다. 날씨는 이상해졌고 동물들은 예전처럼 우리를 맞이하기를 거부하며 초조해 했다.\\n- 트와일라잇 공주의 일기장",
        "stage": 1,
        "context": null
    },
    {
        "key": "LOADING_TIP_39:0",
        "original": "The wolves will eat well this winter.\\n— Unknown Olenian Officer",
        "translation": "늑대들은 올 겨울에 포식하겠군.\\n- 신원불명의 올레니아 장교",
        "stage": 1,
        "context": null
    },
    {
        "key": "LOADING_TIP_40:0",
        "original": "Yaks smash pretty catbirds!\\n— Prince Rutherford, official war declaration against Nova Griffonia",
        "translation": "야크 귀여운 고양이새 부순다!\\n- 러더포드 왕자, 노바 그리포니아에 대한 공식 선전포고문",
        "stage": 1,
        "context": null
    },
    {
        "key": "LOADING_TIP_41:0",
        "original": "Forgiveness is for those who lack the will to take revenge.\\n— King Kloseu 'Conducator' de Kissau",
        "translation": "용서는 복수에 대한 의지가 부족한 사람들을 위한 것이다.\\n- 왕 클로스 '컨덕터' 드 키소",
        "stage": 1,
        "context": null
    },
    {
        "key": "LOADING_TIP_42:0",
        "original": "Never have the Hives been so united. But they bear us no loyalty. Deliver victory, and they shall follow. Fail, and we shall suffer the fate of those we overthrew. We must strike quickly and strike hard.\\n— Field Marshal Trimmel to Queen Chrysalis",
        "translation": "하이브들이 그렇게 단결된 적은 없었다. 하지만 그들은 우리에게 충성하지 않는다. 승리를 가져와야 그들이 따라올 것이다. 실패하면, 우리는 우리가 숙청한 이들의 운명을 겪을 것이다. 우리는 빠르고 강하게 공격해야 한다.\\n- 육군 원수 트리멜이 크리살리스 여왕에게",
        "stage": 1,
        "context": null
    },
    {
        "key": "LOADING_TIP_43:0",
        "original": "Over-fed, over-paid, and over here!\\n— New Marelander complaint about the Equestrian Expeditionary Forces",
        "translation": "과식하고, 과급하고, 저 멀리 있고!\\n- 이퀘스트리아 원정군에 대한 뉴메어랜드군의 불평",
        "stage": 1,
        "context": null
    },
    {
        "key": "LOADING_TIP_44:0",
        "original": "My pelt may be that of a pony, but the heart that beats within me is that of a proud Nova Griffonian chick. I would gladly fight for this nation and its people, even unto death.\\n— Gen. Gabriel, batpony",
        "translation": "나의 가죽은 포니의 것이지만, 내 안에서 뛰는 심장은 자랑스러운 노바 그리포니아의 것이다. 나는 기꺼이 이 나라와 그 주민들을 위해 죽음을 불사하며 싸우려 한다.\\n- 박쥐 포니 가브리엘 장군",
        "stage": 1,
        "context": null
    },
    {
        "key": "LOADING_TIP_45:0",
        "original": "Well then, I seem to recall a rather pleasant little restaurant not far from here. Care to see if it's still standing?\\n— Changeling Lieutenant after the fall of Vanhoover",
        "translation": "그렇다면, 여기서 멀지 않은 곳에 있는 다소 쾌적한 작은 식당이 생각나는 것 같군. 아직 있는지 확인해 보겠소?\\n- 밴후버 함락 후 체인질링 중위",
        "stage": 1,
        "context": null
    },
    {
        "key": "LOADING_TIP_46:0",
        "original": "No matter what race they are, all nobles can agree that serfdom is the natural order of things.\\n— Lord Wulfric of Wittenland",
        "translation": "모든 귀족들은 그들의 종족을 막론하고 농노가 만물의 자연적인 이치라는 것에 동의합니다.\\n- 위텐란드 울프릭 경",
        "stage": 1,
        "context": null
    },
    {
        "key": "LOADING_TIP_47:0",
        "original": "Extensive conscription. How can these two words possibly describe the disappearance of a friend, a parent, a sister, a brother? Many may not return. Or worse...\\n— Princess Celestia, on the signing of the Princess's Levy",
        "translation": "광범위한 징병. 어떻게 이 두 단어가 친구, 부모, 자매, 형제의 실종을 묘사할 수 있을까? 많은 포니들이 돌아오지 못할 수도 있다. 어쩌면 더 나쁠 수도 있고.\\n- 셀레스티아 공주, 왕실 문서에 서명하며",
        "stage": 1,
        "context": null
    },
    {
        "key": "LOADING_TIP_48:0",
        "original": "Fools! Who do they think would be charging into machine gun fire over this silly Coltstream issue? Certainly not the nobles!\\n— Queen White Star, on support for war among the commoners",
        "translation": "멍청한 것들! 누가 이 바보같은 콜트스트림 문제로 기관총 세례 속으로 뛰어들거라 생각한 거야? 물론 귀족들은 아니겠지!\\n- 여왕 화이트 스타, 농노 전쟁을 지원하며",
        "stage": 1,
        "context": null
    },
    {
        "key": "LOADING_TIP_49:0",
        "original": "Well, we liberated the living daylights out of this place.\\n— Equestrian Soldier after the liberation of Vaverfront",
        "translation": "음, 우리가 이곳의 따스한 햇빛을 해방시켰어. \\n- 이퀘스트리아 병사가 바이버프런트를 해방시킨 후",
        "stage": 1,
        "context": null
    },
    {
        "key": "LOADING_TIP_50:0",
        "original": "Money buys people and people make nations, therefore I see no reason why money should not buy nations as well.\\n— CEO of Nova Griffonia(TM)",
        "translation": "돈은 사람을 사고 사람들은 국가를 만든다. 그러므로 나는 돈이 국가들을 사지 않을 이유가 없다고 생각한다.\\n- 노바 그리포니아™의 CEO",
        "stage": 1,
        "context": null
    },
    {
        "key": "LOADING_TIP_51:0",
        "original": "Glorious :D Friendship is combined arms :D\\n— Dan Lind (Podcat), HoI4 Game Director",
        "translation": "엄청나네요 :D 우정은 제병연합부대 :D\\n- 댄 린드(Podcat), HOI4 게임 디렉터",
        "stage": 1,
        "context": null
    },
    {
        "key": "LOADING_TIP_52:0",
        "original": "One changeling with a gun can control a hundred ponies without one.\\n— Queen Chrysalis",
        "translation": "총을 가진 한 마리의 체인질링이 총이 없는 백 마리의 포니를 통제할 수 있다.\\n- 크리살리스 여왕",
        "stage": 1,
        "context": null
    },
    {
        "key": "LOADING_TIP_53:0",
        "original": "The road will be long and it will be hard, and golden liberty will be paid for with blood and tears both, but it is a price we must be willing to pay.\\n— President-Marshal Alexander Kemerskai",
        "translation": "길은 멀고 힘들 것이고, 황금빛 자유는 피와 눈물로만 이루어질 것이지만, 그것은 우리가 기꺼이 지불해야 하는 대가이다.\\n- 알렉산더 케머스카이 총통",
        "stage": 1,
        "context": null
    },
    {
        "key": "LOADING_TIP_54:0",
        "original": "Have you ever tried winning a game of chess without losing any pieces?\\n— Field Marshal Blueblood, when asked about Equestrian casualties",
        "translation": "체스 게임에서 그 어떤 말도 잃지 않고 승리해 보려 한 적이 있는가?\\n- 블루블러드 원수, 이퀘스트리아 사상자에 대한 질문에 대해",
        "stage": 1,
        "context": null
    },
    {
        "key": "LOADING_TIP_55:0",
        "original": "Through the light, I gain strength, through strength, I gain the might to smite thine enemies, with that might I hope to see the day once more, though if I fall, it is in your name and under your sun, I find peace in its golden rays...\\n— Pre-Battle prayer of the Solar Faith",
        "translation": "빛을 통해 나는 기운을 얻고, 기운을 통해 나는 적을 공격할 힘을 얻는다. 그 힘을 가지고 나는 하루를 다시 한번 더 볼 수 있기를 희망한다. 비록 내가 넘어지더라도, 그것은 당신의 이름으로, 그리고 당신의 태양 아래에서 나는 그 황금빛 광선 속에서 평화를 발견할 지어다....\\n- 태양 신앙의 전투 전 기도",
        "stage": 1,
        "context": null
    },
    {
        "key": "LOADING_TIP_56:0",
        "original": "To the changeling commander: Oatmeal!\\n— signed, the Equestrian commander\\n— Pinkie Pie, December 22nd 1012, Shire Offensive",
        "translation": "체인질링 지휘관에게: 오트밀!\\n- 이퀘스트리아 장군 서명.\\n- 핑키 파이, 1012년 12월 22일, 공세 직전",
        "stage": 1,
        "context": null
    },
    {
        "key": "LOADING_TIP_57:0",
        "original": "I met a Zaphzian once. He was loud, smelly and utterly obnoxious; but at least he wasn't a Prywhenian!\\n— Grandpa Gruff on the Griffonian Frontier",
        "translation": "나는 자프지아 놈을 한 번 만난 적이 있었다. 그는 시끄럽고, 냄새도 나고, 완전히 불쾌했지만, 적어도 프라이웬 놈들은 아니었다.\\n- 그러프 할아버지, 그리포니아 프론티어",
        "stage": 1,
        "context": null
    },
    {
        "key": "LOADING_TIP_58:0",
        "original": "Behind every Nova Whirl, there is a Caramel Haze. Behind every so-called \"democratic socialist\", there is a tyrannical overlord waiting to be unleashed.\\n— Director Arclight, Office of Harmonic Services",
        "translation": "노바 월 뒤에는 항상 카라멜 헤이즈가 있다. 소위 \"민주사회주의자\"라고 불리는 모든 포니들 뒤에는 풀려날 때만을 손꼽아 기다리는 폭군이 있다.\\n- 조화사무국 아크라이트 이사",
        "stage": 1,
        "context": null
    },
    {
        "key": "LOADING_TIP_59:0",
        "original": "I believe that Eyr weeps at what we have created, while Maar cackles at our foolishness.\\n— A griffon nuclear scientist after a successful test",
        "translation": "우리가 만든 것을 보며 아이르는 눈물을 흘릴 것이고, 마아르는 우리의 어리석음에 대해 비웃을 것입니다.\\n- 실험이 성공적으로 끝난 후의 그리폰 핵 과학자",
        "stage": 1,
        "context": null
    },
    {
        "key": "LOADING_TIP_60:0",
        "original": "I'm perfectly fine...\\n— Governor Teafeather after being shot",
        "translation": "난 정말로 괜찮아...\\n- 티페더 주지사, 저격 직후",
        "stage": 1,
        "context": null
    },
    {
        "key": "LOADING_TIP_61:0",
        "original": "You can hear the Changeling panzers from miles away — that's not a problem. It's when the vibrations shake your very being — then you have a problem.\\n— Earth pony corporal on changeling panzers",
        "translation": "체인질링 전차 소리를 몇 마일 안에서 들으면 아무 문제 없다. 전차의 울림이 너의 몸을 흔들 때 - 그 때야말로 문제가 있는 것이다.\\n- 체인질링 전차에 대한 어스 포니 병장의 말",
        "stage": 1,
        "context": null
    },
    {
        "key": "LOADING_TIP_62:0",
        "original": "Heads high, ponies! Marching proud! All together now, every one of you! No pony left behind!\\n— Starlight Glimmer",
        "translation": "고개를 드세요, 행진합시다! 모두 다 함께, 전부 다요! 빠지는 포니 없이요!\\n- 스타라이트 글리머",
        "stage": 1,
        "context": null
    },
    {
        "key": "LOADING_TIP_63:0",
        "original": "To those who have abandoned the Empire, I say this - you have abandoned Boreas as well. Repent, for your hour is near!\\n— Archon Eros VII",
        "translation": "제국을 버린 자들에게, 나는 이렇게 말합니다. 여러분은 보레아스도 버렸습니다. 회개하시오, 이제 시간이 다 되었으니까!\\n- 에로스 7세 집정관",
        "stage": 1,
        "context": null
    },
    {
        "key": "LOADING_TIP_64:0",
        "original": "How about we try talking to them instead of fighting?\\n— Fluttershy",
        "translation": "싸우는 대신 대화라도 시도해 보는 건 어떨까요?\\n- 플러터샤이",
        "stage": 1,
        "context": null
    },
    {
        "key": "LOADING_TIP_65:0",
        "original": "Work, fight, or perish! Today Equestria, tomorrow here!\\n— New Mareland Propaganda",
        "translation": "일하라, 싸우라, 아니면 멸망하리라! 오늘은 이퀘스트리아에서, 내일은 여기서!\\n- 뉴 메어랜드 선전물",
        "stage": 1,
        "context": null
    },
    {
        "key": "LOADING_TIP_66:0",
        "original": "If only I could fight like my father or aunty Luna... But here I am, sitting in this stupid castle while all my friends are off fighting a war.\\n— Princess Flurry Heart",
        "translation": "내가 아빠나 루나 이모처럼 싸울 수만 있다면. 난 지금 이 멍청한 성에 혼자 앉아있고 내 친구들은 모두 전쟁터에 나가있어.\\n- 플러리 하트 공주",
        "stage": 1,
        "context": null
    },
    {
        "key": "LOADING_TIP_67:0",
        "original": "We were spared his wrath, but imagine... how many nations were broken under the Storm King? How many old kingdoms and venerable states are now left to pick up the broken remains of their homes?\\n— Princess Twilight Sparkle",
        "translation": "우리는 그의 분노를 면했지만, 상상해 보세요... 스톰 킹에게 얼마나 많은 나라가 파괴되었을까요? 얼마나 많은 옛 왕국들과 국가들이 그들의 조국의 부서진 잔해를 모으고 있는 걸까요?\\n- 트와일라잇 스파클 공주",
        "stage": 1,
        "context": null
    },
    {
        "key": "LOADING_TIP_68:0",
        "original": "The harmonic monarchy of Equestria relies entirely on the benevolence of its rulers. If they one day change their tune, then Equestrians will finally realize the foolishness of absolute rule.\\n— Schnabel Sunglider",
        "translation": "이퀘스트리아의 조화군주제는 전적으로 통치자들의 자비로움에만 의존하고 있다. 훗날 그들이 마음을 바꾼다면 이퀘스트리아 포니들은 마침내 절대 통치의 어리석음을 깨닫게 될 것이다.\\n- 슈나벨 선글라이더",
        "stage": 1,
        "context": null
    }
]