[
    {
        "key": "RECALL_VOLUNTEERS_TITLE:0",
        "original": "Recall Volunteers",
        "translation": "의용군 소환",
        "stage": 1,
        "context": null
    },
    {
        "key": "RECALL_VOLUNTEERS_ACTION_DESC:0",
        "original": "We can decide to recall the volunteers we have sent to other countries.",
        "translation": "우리는 타국에 보낸 의용군들을 다시 귀환시킬 수 있습니다.",
        "stage": 1,
        "context": null
    },
    {
        "key": "RECALL_VOLUNTEERS_TOOLTIP:0",
        "original": "§Y[This.GetNameWithFlag]§! §Rmust have any volunteers from us we can recall.§!",
        "translation": "§Y[This.GetNameWithFlag]§!은(는) §R우리가 소환할 의용군을 가지고 있습니다.§!",
        "stage": 1,
        "context": null
    },
    {
        "key": "RECALL_VOLUNTEERS_TOOLTIP_G:0",
        "original": "§Y[This.GetNameWithFlag]§! must have any volunteers from us we can recall.",
        "translation": "§Y[This.GetNameWithFlag]§!은(는) 우리가 소환할 의용군을 가지고 있습니다.",
        "stage": 1,
        "context": null
    },
    {
        "key": "RECALL_VOLUNTEERS_TOOLTIP_DISABLED:0",
        "original": "§Y[Root.GetNameWithFlag]§! §Rcannot recall volunteers.§!",
        "translation": "§Y[Root.GetNameWithFlag]§!은(는) §R의용군을 소환할 수 없습니다.§!",
        "stage": 1,
        "context": null
    }
]