[
    {
        "key": "SUPPLYAREA_1:0",
        "original": "SupplyArea",
        "translation": "보급지역",
        "stage": 1,
        "context": null
    },
    {
        "key": "SUPPLYAREA_2:1",
        "original": "SupplyAreaJungle",
        "translation": "",
        "stage": 0,
        "context": null
    },
    {
        "key": "SUPPLYAREA_3:1",
        "original": "SupplyAreaJungle2",
        "translation": "",
        "stage": 0,
        "context": null
    },
    {
        "key": "SUPPLYAREA_4:1",
        "original": "SupplyAreaColony",
        "translation": "",
        "stage": 0,
        "context": null
    },
    {
        "key": "SUPPLYAREA_5:1",
        "original": "SupplyAreaColonyRiver",
        "translation": "",
        "stage": 0,
        "context": null
    },
    {
        "key": "SUPPLYAREA_6:1",
        "original": "SupplyAreaHoofington",
        "translation": "",
        "stage": 0,
        "context": null
    },
    {
        "key": "SUPPLYAREA_7:1",
        "original": "SupplyAreaBadlands",
        "translation": "",
        "stage": 0,
        "context": null
    },
    {
        "key": "SUPPLYAREA_8:1",
        "original": "SupplyAreaSwamps",
        "translation": "",
        "stage": 0,
        "context": null
    },
    {
        "key": "SUPPLYAREA_9:1",
        "original": "SupplyAreaBaltimare",
        "translation": "",
        "stage": 0,
        "context": null
    },
    {
        "key": "SUPPLYAREA_10:1",
        "original": "SupplyAreaMango",
        "translation": "",
        "stage": 0,
        "context": null
    },
    {
        "key": "SUPPLYAREA_11:1",
        "original": "SupplyAreaSunshine",
        "translation": "",
        "stage": 0,
        "context": null
    },
    {
        "key": "SUPPLYAREA_12:1",
        "original": "SupplyAreaSouthDesert",
        "translation": "",
        "stage": 0,
        "context": null
    },
    {
        "key": "SUPPLYAREA_13:1",
        "original": "SupplyAreaNorthdesert",
        "translation": "",
        "stage": 0,
        "context": null
    },
    {
        "key": "SUPPLYAREA_14:1",
        "original": "SupplyAreaDesertCities",
        "translation": "",
        "stage": 0,
        "context": null
    },
    {
        "key": "SUPPLYAREA_15:1",
        "original": "SupplyAreaSouthwest",
        "translation": "",
        "stage": 0,
        "context": null
    },
    {
        "key": "SUPPLYAREA_16:1",
        "original": "SupplyAreaRock",
        "translation": "",
        "stage": 0,
        "context": null
    },
    {
        "key": "SUPPLYAREA_17:1",
        "original": "SupplyAreaWest",
        "translation": "",
        "stage": 0,
        "context": null
    },
    {
        "key": "SUPPLYAREA_18:1",
        "original": "SupplyAreaLosPegasus",
        "translation": "",
        "stage": 0,
        "context": null
    },
    {
        "key": "SUPPLYAREA_19:1",
        "original": "SupplyAreaMiddleLands",
        "translation": "",
        "stage": 0,
        "context": null
    },
    {
        "key": "SUPPLYAREA_20:1",
        "original": "SupplyAreaMiddlelands2",
        "translation": "",
        "stage": 0,
        "context": null
    },
    {
        "key": "SUPPLYAREA_21:1",
        "original": "SupplyAreaMiddlelands3",
        "translation": "",
        "stage": 0,
        "context": null
    },
    {
        "key": "SUPPLYAREA_22:1",
        "original": "SupplyAreaPastures",
        "translation": "",
        "stage": 0,
        "context": null
    },
    {
        "key": "SUPPLYAREA_23:1",
        "original": "SupplyAreaCentral",
        "translation": "",
        "stage": 0,
        "context": null
    },
    {
        "key": "SUPPLYAREA_24:1",
        "original": "SupplyAreaCanterlot",
        "translation": "",
        "stage": 0,
        "context": null
    },
    {
        "key": "SUPPLYAREA_25:1",
        "original": "SupplyAreaEverfree",
        "translation": "",
        "stage": 0,
        "context": null
    },
    {
        "key": "SUPPLYAREA_26:1",
        "original": "SupplyAreaMiddlands3",
        "translation": "",
        "stage": 0,
        "context": null
    },
    {
        "key": "SUPPLYAREA_27:1",
        "original": "SupplyAreaSmokMountains",
        "translation": "",
        "stage": 0,
        "context": null
    },
    {
        "key": "SUPPLYAREA_28:1",
        "original": "SupplyAreaLush",
        "translation": "",
        "stage": 0,
        "context": null
    },
    {
        "key": "SUPPLYAREA_29:1",
        "original": "SupplyAreaMead",
        "translation": "",
        "stage": 0,
        "context": null
    },
    {
        "key": "SUPPLYAREA_30:1",
        "original": "SupplyAreaCalfornia",
        "translation": "",
        "stage": 0,
        "context": null
    },
    {
        "key": "SUPPLYAREA_31:1",
        "original": "SupplyAreaSmokMountains2",
        "translation": "",
        "stage": 0,
        "context": null
    },
    {
        "key": "SUPPLYAREA_32:1",
        "original": "SupplyAreaTalltales",
        "translation": "",
        "stage": 0,
        "context": null
    },
    {
        "key": "SUPPLYAREA_33:1",
        "original": "SupplyAreaUnicornrange",
        "translation": "",
        "stage": 0,
        "context": null
    },
    {
        "key": "SUPPLYAREA_34:1",
        "original": "SupplyAreaVanhoover",
        "translation": "",
        "stage": 0,
        "context": null
    },
    {
        "key": "SUPPLYAREA_35:1",
        "original": "SupplyAreaUnicronrange2",
        "translation": "",
        "stage": 0,
        "context": null
    },
    {
        "key": "SUPPLYAREA_36:1",
        "original": "SupplyAreaEast",
        "translation": "",
        "stage": 0,
        "context": null
    },
    {
        "key": "SUPPLYAREA_37:1",
        "original": "SupplyAreaFillydephia",
        "translation": "",
        "stage": 0,
        "context": null
    },
    {
        "key": "SUPPLYAREA_38:1",
        "original": "SupplyAreaFoalMountains",
        "translation": "",
        "stage": 0,
        "context": null
    },
    {
        "key": "SUPPLYAREA_39:1",
        "original": "SupplyAreaHollowShades",
        "translation": "",
        "stage": 0,
        "context": null
    },
    {
        "key": "SUPPLYAREA_40:1",
        "original": "SupplyAreaManehattan",
        "translation": "",
        "stage": 0,
        "context": null
    },
    {
        "key": "SUPPLYAREA_41:1",
        "original": "SupplyAreaManehattan2",
        "translation": "",
        "stage": 0,
        "context": null
    },
    {
        "key": "SUPPLYAREA_42:1",
        "original": "SupplyAreaEastCoast",
        "translation": "",
        "stage": 0,
        "context": null
    },
    {
        "key": "SUPPLYAREA_43:1",
        "original": "SupplyAreaNeighgara",
        "translation": "",
        "stage": 0,
        "context": null
    },
    {
        "key": "SUPPLYAREA_44:1",
        "original": "SupplyAreaOldStalliongrad",
        "translation": "",
        "stage": 0,
        "context": null
    },
    {
        "key": "SUPPLYAREA_45:1",
        "original": "SupplyAreaCrystalEmpire",
        "translation": "",
        "stage": 0,
        "context": null
    },
    {
        "key": "SUPPLYAREA_46:1",
        "original": "SupplyAreaRainbowFalls",
        "translation": "",
        "stage": 0,
        "context": null
    },
    {
        "key": "SUPPLYAREA_47:1",
        "original": "SupplyAreaWhinny",
        "translation": "",
        "stage": 0,
        "context": null
    },
    {
        "key": "SUPPLYAREA_48:1",
        "original": "SupplyAreaEast",
        "translation": "",
        "stage": 0,
        "context": null
    },
    {
        "key": "SUPPLYAREA_49:1",
        "original": "SupplyAreaEastForest",
        "translation": "",
        "stage": 0,
        "context": null
    },
    {
        "key": "SUPPLYAREA_50:1",
        "original": "SupplyAreaEastMoutain",
        "translation": "",
        "stage": 0,
        "context": null
    },
    {
        "key": "SUPPLYAREA_51:1",
        "original": "SupplyAreaMaryland",
        "translation": "",
        "stage": 0,
        "context": null
    },
    {
        "key": "SUPPLYAREA_52:1",
        "original": "SupplyAreaGreatRiver",
        "translation": "",
        "stage": 0,
        "context": null
    },
    {
        "key": "SUPPLYAREA_53:1",
        "original": "SupplyAreaPetershoof",
        "translation": "",
        "stage": 0,
        "context": null
    },
    {
        "key": "SUPPLYAREA_54:1",
        "original": "SupplyAreaStalliongrad",
        "translation": "",
        "stage": 0,
        "context": null
    },
    {
        "key": "SUPPLYAREA_55:1",
        "original": "SupplyAreaCollective",
        "translation": "",
        "stage": 0,
        "context": null
    },
    {
        "key": "SUPPLYAREA_56:1",
        "original": "SupplyAreaNorthernCoast",
        "translation": "",
        "stage": 0,
        "context": null
    },
    {
        "key": "SUPPLYAREA_57:1",
        "original": "SupplyAreaNorthernEast",
        "translation": "",
        "stage": 0,
        "context": null
    },
    {
        "key": "SUPPLYAREA_58:1",
        "original": "SupplyAreaMountainsNorth",
        "translation": "",
        "stage": 0,
        "context": null
    },
    {
        "key": "SUPPLYAREA_59:1",
        "original": "SupplyAreaGriffNorth",
        "translation": "",
        "stage": 0,
        "context": null
    },
    {
        "key": "SUPPLYAREA_60:1",
        "original": "SupplyAreaFrozenNorth",
        "translation": "",
        "stage": 0,
        "context": null
    },
    {
        "key": "SUPPLYAREA_61:1",
        "original": "SupplyAreaHillsNorthGriff",
        "translation": "",
        "stage": 0,
        "context": null
    },
    {
        "key": "SUPPLYAREA_62:1",
        "original": "SupplyAreaMountains1",
        "translation": "",
        "stage": 0,
        "context": null
    },
    {
        "key": "SUPPLYAREA_63:1",
        "original": "SupplyAreaMoutanins2North",
        "translation": "",
        "stage": 0,
        "context": null
    },
    {
        "key": "SUPPLYAREA_64:1",
        "original": "SupplyAreaPinguins",
        "translation": "",
        "stage": 0,
        "context": null
    },
    {
        "key": "SUPPLYAREA_65:1",
        "original": "SupplyAreaBearland",
        "translation": "",
        "stage": 0,
        "context": null
    },
    {
        "key": "SUPPLYAREA_66:1",
        "original": "SupplyAreaMountsins3North",
        "translation": "",
        "stage": 0,
        "context": null
    },
    {
        "key": "SUPPLYAREA_67:2",
        "original": "SupplyAreaMoutains232",
        "translation": "",
        "stage": 0,
        "context": null
    },
    {
        "key": "SUPPLYAREA_68:1",
        "original": "SupplyAreaCrystalMountains",
        "translation": "",
        "stage": 0,
        "context": null
    },
    {
        "key": "SUPPLYAREA_69:1",
        "original": "SupplyAreaYaketRange",
        "translation": "",
        "stage": 0,
        "context": null
    },
    {
        "key": "SUPPLYAREA_70:1",
        "original": "SupplyAreaEverhoof",
        "translation": "",
        "stage": 0,
        "context": null
    },
    {
        "key": "SUPPLYAREA_71:1",
        "original": "SupplyAreaYakistan",
        "translation": "",
        "stage": 0,
        "context": null
    },
    {
        "key": "SUPPLYAREA_72:1",
        "original": "SupplyAreaYakistan2",
        "translation": "",
        "stage": 0,
        "context": null
    },
    {
        "key": "SUPPLYAREA_73:1",
        "original": "SupplyAreaYakiMountains2",
        "translation": "",
        "stage": 0,
        "context": null
    },
    {
        "key": "SUPPLYAREA_74:1",
        "original": "SupplyAreaYakiMountains2",
        "translation": "",
        "stage": 0,
        "context": null
    },
    {
        "key": "SUPPLYAREA_75:1",
        "original": "SupplyAreaForest",
        "translation": "",
        "stage": 0,
        "context": null
    },
    {
        "key": "SUPPLYAREA_76:1",
        "original": "SupplyAreaValleyYak",
        "translation": "",
        "stage": 0,
        "context": null
    },
    {
        "key": "SUPPLYAREA_77:1",
        "original": "SupplyAreaLakeofLife",
        "translation": "",
        "stage": 0,
        "context": null
    },
    {
        "key": "SUPPLYAREA_78:1",
        "original": "SupplyAreaMoutainsYak3131",
        "translation": "",
        "stage": 0,
        "context": null
    },
    {
        "key": "SUPPLYAREA_79:1",
        "original": "SupplyAreaTheGreatLake",
        "translation": "",
        "stage": 0,
        "context": null
    },
    {
        "key": "SUPPLYAREA_80:1",
        "original": "SupplyAreaBales",
        "translation": "",
        "stage": 0,
        "context": null
    },
    {
        "key": "SUPPLYAREA_81:1",
        "original": "SupplyAreaBalesfront",
        "translation": "",
        "stage": 0,
        "context": null
    },
    {
        "key": "SUPPLYAREA_82:1",
        "original": "SupplyAreaWhinnytwo",
        "translation": "",
        "stage": 0,
        "context": null
    },
    {
        "key": "SUPPLYAREA_83:1",
        "original": "SupplyAreaTwilightRange",
        "translation": "",
        "stage": 0,
        "context": null
    },
    {
        "key": "SUPPLYAREA_84:1",
        "original": "SupplyAreaLavenderPlains",
        "translation": "",
        "stage": 0,
        "context": null
    },
    {
        "key": "SUPPLYAREA_85:1",
        "original": "SupplyAreaLavenderPlainsTwo",
        "translation": "",
        "stage": 0,
        "context": null
    },
    {
        "key": "SUPPLYAREA_86:1",
        "original": "SupplyArea99",
        "translation": "",
        "stage": 0,
        "context": null
    },
    {
        "key": "SUPPLYAREA_87:1",
        "original": "SupplyAreaCrystalPlains",
        "translation": "",
        "stage": 0,
        "context": null
    },
    {
        "key": "SUPPLYAREA_88:1",
        "original": "SupplyAreaCrystalPiedmont",
        "translation": "",
        "stage": 0,
        "context": null
    },
    {
        "key": "SUPPLYAREA_89:1",
        "original": "SupplyAreaCrystalPlains2",
        "translation": "",
        "stage": 0,
        "context": null
    },
    {
        "key": "SUPPLYAREA_90:1",
        "original": "SupplyAreaCrystalPiedmont2",
        "translation": "",
        "stage": 0,
        "context": null
    },
    {
        "key": "SUPPLYAREA_91:1",
        "original": "SupplyAreaBorderRegion",
        "translation": "",
        "stage": 0,
        "context": null
    },
    {
        "key": "SUPPLYAREA_92:1",
        "original": "SupplyAreaBorderRegion2",
        "translation": "",
        "stage": 0,
        "context": null
    },
    {
        "key": "SUPPLYAREA_93:1",
        "original": "SupplyAreaBorder2",
        "translation": "",
        "stage": 0,
        "context": null
    },
    {
        "key": "SUPPLYAREA_94:1",
        "original": "SupplyAreaOleniaCoastEQS",
        "translation": "",
        "stage": 0,
        "context": null
    },
    {
        "key": "SUPPLYAREA_95:1",
        "original": "SupplyAreaOleniaCoast1",
        "translation": "",
        "stage": 0,
        "context": null
    },
    {
        "key": "SUPPLYAREA_96:1",
        "original": "SupplyAreaOleniaMountains",
        "translation": "",
        "stage": 0,
        "context": null
    },
    {
        "key": "SUPPLYAREA_97:1",
        "original": "SupplyAreaOleniaCenter",
        "translation": "",
        "stage": 0,
        "context": null
    },
    {
        "key": "SUPPLYAREA_98:1",
        "original": "SupplyAreaOleniaCenterRIght",
        "translation": "",
        "stage": 0,
        "context": null
    },
    {
        "key": "SUPPLYAREA_99:1",
        "original": "SupplyAreaOleniaCenterLeft",
        "translation": "",
        "stage": 0,
        "context": null
    },
    {
        "key": "SUPPLYAREA_100:1",
        "original": "SupplyAreaOleniahills",
        "translation": "",
        "stage": 0,
        "context": null
    },
    {
        "key": "SUPPLYAREA_101:1",
        "original": "SupplyAreaOleniaSouth",
        "translation": "",
        "stage": 0,
        "context": null
    },
    {
        "key": "SUPPLYAREA_102:1",
        "original": "SupplyAreaOleniaWest",
        "translation": "",
        "stage": 0,
        "context": null
    },
    {
        "key": "SUPPLYAREA_103:1",
        "original": "SupplyAreaOleniaEast2",
        "translation": "",
        "stage": 0,
        "context": null
    },
    {
        "key": "SUPPLYAREA_104:1",
        "original": "SupplyAreaOleniaHills2",
        "translation": "",
        "stage": 0,
        "context": null
    },
    {
        "key": "SUPPLYAREA_105:0",
        "original": "SupplyArea",
        "translation": "",
        "stage": 0,
        "context": null
    },
    {
        "key": "SUPPLYAREA_106:0",
        "original": "SupplyArea",
        "translation": "",
        "stage": 0,
        "context": null
    },
    {
        "key": "SUPPLYAREA_107:0",
        "original": "SupplyArea",
        "translation": "",
        "stage": 0,
        "context": null
    },
    {
        "key": "SUPPLYAREA_108:0",
        "original": "SupplyArea",
        "translation": "",
        "stage": 0,
        "context": null
    },
    {
        "key": "SUPPLYAREA_109:0",
        "original": "SupplyArea",
        "translation": "",
        "stage": 0,
        "context": null
    },
    {
        "key": "SUPPLYAREA_110:0",
        "original": "SupplyArea",
        "translation": "",
        "stage": 0,
        "context": null
    },
    {
        "key": "SUPPLYAREA_111:0",
        "original": "SupplyArea",
        "translation": "",
        "stage": 0,
        "context": null
    },
    {
        "key": "SUPPLYAREA_112:0",
        "original": "SupplyArea",
        "translation": "",
        "stage": 0,
        "context": null
    },
    {
        "key": "SUPPLYAREA_113:0",
        "original": "SupplyArea",
        "translation": "",
        "stage": 0,
        "context": null
    },
    {
        "key": "SUPPLYAREA_114:0",
        "original": "SupplyArea",
        "translation": "",
        "stage": 0,
        "context": null
    },
    {
        "key": "SUPPLYAREA_115:0",
        "original": "SupplyArea",
        "translation": "",
        "stage": 0,
        "context": null
    },
    {
        "key": "SUPPLYAREA_116:0",
        "original": "SupplyArea",
        "translation": "",
        "stage": 0,
        "context": null
    },
    {
        "key": "SUPPLYAREA_117:0",
        "original": "SupplyArea",
        "translation": "",
        "stage": 0,
        "context": null
    },
    {
        "key": "SUPPLYAREA_118:0",
        "original": "SupplyArea",
        "translation": "",
        "stage": 0,
        "context": null
    },
    {
        "key": "SUPPLYAREA_119:0",
        "original": "SupplyArea",
        "translation": "",
        "stage": 0,
        "context": null
    },
    {
        "key": "SUPPLYAREA_120:0",
        "original": "SupplyArea",
        "translation": "",
        "stage": 0,
        "context": null
    },
    {
        "key": "SUPPLYAREA_121:0",
        "original": "SupplyArea",
        "translation": "",
        "stage": 0,
        "context": null
    },
    {
        "key": "SUPPLYAREA_122:0",
        "original": "SupplyArea",
        "translation": "",
        "stage": 0,
        "context": null
    },
    {
        "key": "SUPPLYAREA_123:0",
        "original": "SupplyArea",
        "translation": "",
        "stage": 0,
        "context": null
    },
    {
        "key": "SUPPLYAREA_124:0",
        "original": "SupplyArea",
        "translation": "",
        "stage": 0,
        "context": null
    },
    {
        "key": "SUPPLYAREA_125:0",
        "original": "SupplyArea",
        "translation": "",
        "stage": 0,
        "context": null
    },
    {
        "key": "SUPPLYAREA_126:0",
        "original": "SupplyArea",
        "translation": "",
        "stage": 0,
        "context": null
    },
    {
        "key": "SUPPLYAREA_127:0",
        "original": "SupplyArea",
        "translation": "",
        "stage": 0,
        "context": null
    },
    {
        "key": "SUPPLYAREA_128:0",
        "original": "SupplyArea",
        "translation": "",
        "stage": 0,
        "context": null
    },
    {
        "key": "SUPPLYAREA_129:0",
        "original": "SupplyArea",
        "translation": "",
        "stage": 0,
        "context": null
    },
    {
        "key": "SUPPLYAREA_130:0",
        "original": "SupplyArea",
        "translation": "",
        "stage": 0,
        "context": null
    },
    {
        "key": "SUPPLYAREA_131:0",
        "original": "SupplyArea",
        "translation": "",
        "stage": 0,
        "context": null
    },
    {
        "key": "SUPPLYAREA_132:0",
        "original": "SupplyArea",
        "translation": "",
        "stage": 0,
        "context": null
    },
    {
        "key": "SUPPLYAREA_133:0",
        "original": "SupplyArea",
        "translation": "",
        "stage": 0,
        "context": null
    },
    {
        "key": "SUPPLYAREA_134:0",
        "original": "SupplyArea",
        "translation": "",
        "stage": 0,
        "context": null
    },
    {
        "key": "SUPPLYAREA_135:0",
        "original": "SupplyArea",
        "translation": "",
        "stage": 0,
        "context": null
    },
    {
        "key": "SUPPLYAREA_136:0",
        "original": "SupplyArea",
        "translation": "",
        "stage": 0,
        "context": null
    },
    {
        "key": "SUPPLYAREA_137:0",
        "original": "SupplyArea",
        "translation": "",
        "stage": 0,
        "context": null
    },
    {
        "key": "SUPPLYAREA_138:0",
        "original": "SupplyArea",
        "translation": "",
        "stage": 0,
        "context": null
    },
    {
        "key": "SUPPLYAREA_139:0",
        "original": "SupplyArea",
        "translation": "",
        "stage": 0,
        "context": null
    },
    {
        "key": "SUPPLYAREA_140:0",
        "original": "SupplyArea",
        "translation": "",
        "stage": 0,
        "context": null
    },
    {
        "key": "SUPPLYAREA_141:1",
        "original": "SupplyAreaVedina",
        "translation": "",
        "stage": 0,
        "context": null
    },
    {
        "key": "SUPPLYAREA_142:1",
        "original": "CentralGriffoniaSupply",
        "translation": "",
        "stage": 0,
        "context": null
    },
    {
        "key": "SUPPLYAREA_143:1",
        "original": "WingBardy",
        "translation": "",
        "stage": 0,
        "context": null
    },
    {
        "key": "SUPPLYAREA_144:1",
        "original": "EquestrianColony",
        "translation": "",
        "stage": 0,
        "context": null
    },
    {
        "key": "SUPPLYAREA_145:1",
        "original": "EquestrianColony2",
        "translation": "",
        "stage": 0,
        "context": null
    },
    {
        "key": "SUPPLYAREA_146:1",
        "original": "Equestrian Colony North",
        "translation": "",
        "stage": 0,
        "context": null
    },
    {
        "key": "SUPPLYAREA_147:1",
        "original": "Talouse",
        "translation": "",
        "stage": 0,
        "context": null
    },
    {
        "key": "SUPPLYAREA_148:1",
        "original": "New Manehattan",
        "translation": "",
        "stage": 0,
        "context": null
    },
    {
        "key": "SUPPLYAREA_149:1",
        "original": "CrossIsland",
        "translation": "",
        "stage": 0,
        "context": null
    },
    {
        "key": "SUPPLYAREA_150:1",
        "original": "Griffonstone",
        "translation": "",
        "stage": 0,
        "context": null
    },
    {
        "key": "SUPPLYAREA_151:1",
        "original": "Angriver",
        "translation": "",
        "stage": 0,
        "context": null
    },
    {
        "key": "SUPPLYAREA_152:1",
        "original": "Jerklord",
        "translation": "",
        "stage": 0,
        "context": null
    },
    {
        "key": "SUPPLYAREA_153:1",
        "original": "Jerkhills",
        "translation": "",
        "stage": 0,
        "context": null
    },
    {
        "key": "SUPPLYAREA_154:1",
        "original": "Vyzima",
        "translation": "",
        "stage": 0,
        "context": null
    },
    {
        "key": "SUPPLYAREA_155:1",
        "original": "Jerkbro and sis",
        "translation": "",
        "stage": 0,
        "context": null
    },
    {
        "key": "SUPPLYAREA_156:1",
        "original": "Skyfall Fevzne Grief",
        "translation": "",
        "stage": 0,
        "context": null
    },
    {
        "key": "SUPPLYAREA_157:1",
        "original": "Seazone",
        "translation": "",
        "stage": 0,
        "context": null
    },
    {
        "key": "SUPPLYAREA_158:1",
        "original": "Plains",
        "translation": "",
        "stage": 0,
        "context": null
    },
    {
        "key": "SUPPLYAREA_159:2",
        "original": "Plains2",
        "translation": "",
        "stage": 0,
        "context": null
    },
    {
        "key": "SUPPLYAREA_160:1",
        "original": "Central Plain",
        "translation": "",
        "stage": 0,
        "context": null
    },
    {
        "key": "SUPPLYAREA_161:1",
        "original": "Eagleton Lissay",
        "translation": "",
        "stage": 0,
        "context": null
    },
    {
        "key": "SUPPLYAREA_162:1",
        "original": "Romua",
        "translation": "",
        "stage": 0,
        "context": null
    },
    {
        "key": "SUPPLYAREA_163:1",
        "original": "Eyrie",
        "translation": "",
        "stage": 0,
        "context": null
    },
    {
        "key": "SUPPLYAREA_164:1",
        "original": "Erie",
        "translation": "",
        "stage": 0,
        "context": null
    },
    {
        "key": "SUPPLYAREA_165:1",
        "original": "Jerkrelatives",
        "translation": "",
        "stage": 0,
        "context": null
    },
    {
        "key": "SUPPLYAREA_166:1",
        "original": "Vinovia",
        "translation": "",
        "stage": 0,
        "context": null
    },
    {
        "key": "SUPPLYAREA_167:1",
        "original": "Flowena",
        "translation": "",
        "stage": 0,
        "context": null
    },
    {
        "key": "SUPPLYAREA_168:1",
        "original": "Avian",
        "translation": "",
        "stage": 0,
        "context": null
    },
    {
        "key": "SUPPLYAREA_169:1",
        "original": "Yaledom",
        "translation": "",
        "stage": 0,
        "context": null
    },
    {
        "key": "SUPPLYAREA_170:1",
        "original": "Solarspike",
        "translation": "",
        "stage": 0,
        "context": null
    },
    {
        "key": "SUPPLYAREA_171:1",
        "original": "Arantiga",
        "translation": "",
        "stage": 0,
        "context": null
    },
    {
        "key": "SUPPLYAREA_172:1",
        "original": "Trainsista",
        "translation": "",
        "stage": 0,
        "context": null
    },
    {
        "key": "SUPPLYAREA_173:1",
        "original": "Fransistria",
        "translation": "",
        "stage": 0,
        "context": null
    },
    {
        "key": "SUPPLYAREA_174:1",
        "original": "Navarro",
        "translation": "",
        "stage": 0,
        "context": null
    },
    {
        "key": "SUPPLYAREA_175:1",
        "original": "Kekisland",
        "translation": "",
        "stage": 0,
        "context": null
    },
    {
        "key": "SUPPLYAREA_176:1",
        "original": "Warhog Forest",
        "translation": "",
        "stage": 0,
        "context": null
    },
    {
        "key": "SUPPLYAREA_177:1",
        "original": "Wingbardy plain",
        "translation": "",
        "stage": 0,
        "context": null
    },
    {
        "key": "SUPPLYAREA_178:1",
        "original": "Wrobert Wingbard",
        "translation": "",
        "stage": 0,
        "context": null
    },
    {
        "key": "SUPPLYAREA_179:1",
        "original": "Falcor",
        "translation": "",
        "stage": 0,
        "context": null
    },
    {
        "key": "SUPPLYAREA_180:1",
        "original": "Sudfolk",
        "translation": "",
        "stage": 0,
        "context": null
    },
    {
        "key": "SUPPLYAREA_181:1",
        "original": "Matton",
        "translation": "",
        "stage": 0,
        "context": null
    },
    {
        "key": "SUPPLYAREA_182:1",
        "original": "Soarleto",
        "translation": "",
        "stage": 0,
        "context": null
    },
    {
        "key": "SUPPLYAREA_183:0",
        "original": "SupplyArea",
        "translation": "",
        "stage": 0,
        "context": null
    },
    {
        "key": "SUPPLYAREA_184:1",
        "original": "Midoria",
        "translation": "",
        "stage": 0,
        "context": null
    },
    {
        "key": "SUPPLYAREA_185:1",
        "original": "Makomo",
        "translation": "",
        "stage": 0,
        "context": null
    },
    {
        "key": "SUPPLYAREA_186:0",
        "original": "SupplyArea",
        "translation": "",
        "stage": 0,
        "context": null
    },
    {
        "key": "SUPPLYAREA_187:0",
        "original": "SupplyArea",
        "translation": "",
        "stage": 0,
        "context": null
    },
    {
        "key": "SUPPLYAREA_188:0",
        "original": "SupplyArea",
        "translation": "",
        "stage": 0,
        "context": null
    },
    {
        "key": "SUPPLYAREA_189:0",
        "original": "SupplyArea",
        "translation": "",
        "stage": 0,
        "context": null
    },
    {
        "key": "SUPPLYAREA_190:0",
        "original": "SupplyArea",
        "translation": "",
        "stage": 0,
        "context": null
    },
    {
        "key": "SUPPLYAREA_191:1",
        "original": "Katerin",
        "translation": "",
        "stage": 0,
        "context": null
    },
    {
        "key": "SUPPLYAREA_192:1",
        "original": "Longmill",
        "translation": "",
        "stage": 0,
        "context": null
    },
    {
        "key": "SUPPLYAREA_193:1",
        "original": "Angelclaw",
        "translation": "",
        "stage": 0,
        "context": null
    },
    {
        "key": "SUPPLYAREA_194:1",
        "original": "Feathisia",
        "translation": "",
        "stage": 0,
        "context": null
    },
    {
        "key": "SUPPLYAREA_195:1",
        "original": "Mirabelle",
        "translation": "",
        "stage": 0,
        "context": null
    },
    {
        "key": "SUPPLYAREA_196:1",
        "original": "Strawberry",
        "translation": "",
        "stage": 0,
        "context": null
    },
    {
        "key": "SUPPLYAREA_197:1",
        "original": "Redwater",
        "translation": "",
        "stage": 0,
        "context": null
    },
    {
        "key": "SUPPLYAREA_198:1",
        "original": "Blueland",
        "translation": "",
        "stage": 0,
        "context": null
    },
    {
        "key": "SUPPLYAREA_199:1",
        "original": "Rottern Rift",
        "translation": "",
        "stage": 0,
        "context": null
    },
    {
        "key": "SUPPLYAREA_200:1",
        "original": "State of Decay",
        "translation": "",
        "stage": 0,
        "context": null
    },
    {
        "key": "SUPPLYAREA_201:1",
        "original": "Fatass",
        "translation": "",
        "stage": 0,
        "context": null
    },
    {
        "key": "SUPPLYAREA_202:1",
        "original": "Cloudsbury",
        "translation": "",
        "stage": 0,
        "context": null
    },
    {
        "key": "SUPPLYAREA_203:1",
        "original": "Friends Region",
        "translation": "",
        "stage": 0,
        "context": null
    },
    {
        "key": "SUPPLYAREA_204:1",
        "original": "Cavegrove",
        "translation": "",
        "stage": 0,
        "context": null
    },
    {
        "key": "SUPPLYAREA_205:1",
        "original": "Beakspire",
        "translation": "",
        "stage": 0,
        "context": null
    },
    {
        "key": "SUPPLYAREA_206:1",
        "original": "Rimefront",
        "translation": "",
        "stage": 0,
        "context": null
    },
    {
        "key": "SUPPLYAREA_207:1",
        "original": "Hail Forest",
        "translation": "",
        "stage": 0,
        "context": null
    },
    {
        "key": "SUPPLYAREA_208:1",
        "original": "Skum",
        "translation": "",
        "stage": 0,
        "context": null
    },
    {
        "key": "SUPPLYAREA_209:1",
        "original": "Raiwk",
        "translation": "",
        "stage": 0,
        "context": null
    },
    {
        "key": "SUPPLYAREA_210:1",
        "original": "Little Griff mountains",
        "translation": "",
        "stage": 0,
        "context": null
    },
    {
        "key": "SUPPLYAREA_211:1",
        "original": "Bredoland",
        "translation": "",
        "stage": 0,
        "context": null
    },
    {
        "key": "SUPPLYAREA_212:1",
        "original": "Windfort",
        "translation": "",
        "stage": 0,
        "context": null
    },
    {
        "key": "SUPPLYAREA_213:1",
        "original": "Jeronimo",
        "translation": "",
        "stage": 0,
        "context": null
    },
    {
        "key": "SUPPLYAREA_214:1",
        "original": "Dwarftail",
        "translation": "",
        "stage": 0,
        "context": null
    },
    {
        "key": "SUPPLYAREA_215:0",
        "original": "SupplyArea",
        "translation": "",
        "stage": 0,
        "context": null
    },
    {
        "key": "SUPPLYAREA_216:0",
        "original": "SupplyArea",
        "translation": "",
        "stage": 0,
        "context": null
    },
    {
        "key": "SUPPLYAREA_217:1",
        "original": "Ricefields",
        "translation": "",
        "stage": 0,
        "context": null
    },
    {
        "key": "SUPPLYAREA_218:1",
        "original": "Bronzehill",
        "translation": "",
        "stage": 0,
        "context": null
    },
    {
        "key": "SUPPLYAREA_219:1",
        "original": "MountainsSouth",
        "translation": "",
        "stage": 0,
        "context": null
    },
    {
        "key": "SUPPLYAREA_220:1",
        "original": "Sunstriker",
        "translation": "",
        "stage": 0,
        "context": null
    },
    {
        "key": "SUPPLYAREA_221:1",
        "original": "Brantbeak",
        "translation": "",
        "stage": 0,
        "context": null
    },
    {
        "key": "SUPPLYAREA_222:1",
        "original": "Bronzecross",
        "translation": "",
        "stage": 0,
        "context": null
    },
    {
        "key": "SUPPLYAREA_223:1",
        "original": "Raven lakes",
        "translation": "",
        "stage": 0,
        "context": null
    },
    {
        "key": "SUPPLYAREA_224:1",
        "original": "Watertown",
        "translation": "",
        "stage": 0,
        "context": null
    },
    {
        "key": "SUPPLYAREA_225:1",
        "original": "Hellquill",
        "translation": "",
        "stage": 0,
        "context": null
    },
    {
        "key": "SUPPLYAREA_226:1",
        "original": "River Centre",
        "translation": "",
        "stage": 0,
        "context": null
    },
    {
        "key": "SUPPLYAREA_227:1",
        "original": "River_antiriver plain",
        "translation": "",
        "stage": 0,
        "context": null
    },
    {
        "key": "SUPPLYAREA_228:1",
        "original": "Kivessin",
        "translation": "",
        "stage": 0,
        "context": null
    },
    {
        "key": "SUPPLYAREA_229:1",
        "original": "Griffon Will",
        "translation": "",
        "stage": 0,
        "context": null
    },
    {
        "key": "SUPPLYAREA_230:1",
        "original": "Lushi",
        "translation": "",
        "stage": 0,
        "context": null
    },
    {
        "key": "SUPPLYAREA_231:1",
        "original": "Guardian Field",
        "translation": "",
        "stage": 0,
        "context": null
    },
    {
        "key": "SUPPLYAREA_232:1",
        "original": "Minotauria Left",
        "translation": "",
        "stage": 0,
        "context": null
    },
    {
        "key": "SUPPLYAREA_233:1",
        "original": "Minotauria Right",
        "translation": "",
        "stage": 0,
        "context": null
    },
    {
        "key": "SUPPLYAREA_234:1",
        "original": "Minotauria Center",
        "translation": "",
        "stage": 0,
        "context": null
    },
    {
        "key": "SUPPLYAREA_235:1",
        "original": "Gryphia north",
        "translation": "",
        "stage": 0,
        "context": null
    },
    {
        "key": "SUPPLYAREA_236:1",
        "original": "Gryphia centre",
        "translation": "",
        "stage": 0,
        "context": null
    },
    {
        "key": "SUPPLYAREA_237:1",
        "original": "Remland",
        "translation": "",
        "stage": 0,
        "context": null
    },
    {
        "key": "SUPPLYAREA_238:1",
        "original": "Actual Remland",
        "translation": "",
        "stage": 0,
        "context": null
    },
    {
        "key": "SUPPLYAREA_239:1",
        "original": "Shiperka",
        "translation": "",
        "stage": 0,
        "context": null
    },
    {
        "key": "SUPPLYAREA_240:1",
        "original": "Night forest is night",
        "translation": "",
        "stage": 0,
        "context": null
    },
    {
        "key": "SUPPLYAREA_241:1",
        "original": "Firtree",
        "translation": "",
        "stage": 0,
        "context": null
    },
    {
        "key": "SUPPLYAREA_242:1",
        "original": "Darkest Forest",
        "translation": "",
        "stage": 0,
        "context": null
    },
    {
        "key": "SUPPLYAREA_243:1",
        "original": "Death",
        "translation": "",
        "stage": 0,
        "context": null
    },
    {
        "key": "SUPPLYAREA_244:1",
        "original": "Neyhorn",
        "translation": "",
        "stage": 0,
        "context": null
    },
    {
        "key": "SUPPLYAREA_245:1",
        "original": "Holy order",
        "translation": "",
        "stage": 0,
        "context": null
    },
    {
        "key": "SUPPLYAREA_246:1",
        "original": "Ostfloy",
        "translation": "",
        "stage": 0,
        "context": null
    },
    {
        "key": "SUPPLYAREA_247:0",
        "original": "SupplyArea",
        "translation": "",
        "stage": 0,
        "context": null
    },
    {
        "key": "SUPPLYAREA_248:0",
        "original": "SupplyArea",
        "translation": "",
        "stage": 0,
        "context": null
    },
    {
        "key": "SUPPLYAREA_249:1",
        "original": "Arcturian North",
        "translation": "",
        "stage": 0,
        "context": null
    },
    {
        "key": "SUPPLYAREA_250:1",
        "original": "Dimpeak",
        "translation": "",
        "stage": 0,
        "context": null
    },
    {
        "key": "SUPPLYAREA_251:1",
        "original": "Morker",
        "translation": "",
        "stage": 0,
        "context": null
    },
    {
        "key": "SUPPLYAREA_252:1",
        "original": "Path",
        "translation": "",
        "stage": 0,
        "context": null
    },
    {
        "key": "SUPPLYAREA_253:1",
        "original": "Moonrise",
        "translation": "",
        "stage": 0,
        "context": null
    },
    {
        "key": "SUPPLYAREA_254:1",
        "original": "Elf Lake",
        "translation": "",
        "stage": 0,
        "context": null
    },
    {
        "key": "SUPPLYAREA_255:1",
        "original": "Farbrook",
        "translation": "",
        "stage": 0,
        "context": null
    },
    {
        "key": "SUPPLYAREA_256:1",
        "original": "Farbrook 2",
        "translation": "",
        "stage": 0,
        "context": null
    },
    {
        "key": "SUPPLYAREA_257:1",
        "original": "Despoina",
        "translation": "",
        "stage": 0,
        "context": null
    },
    {
        "key": "SUPPLYAREA_258:1",
        "original": "Wolfrest",
        "translation": "",
        "stage": 0,
        "context": null
    },
    {
        "key": "SUPPLYAREA_259:1",
        "original": "Riv1",
        "translation": "",
        "stage": 0,
        "context": null
    },
    {
        "key": "SUPPLYAREA_260:1",
        "original": "Riv2",
        "translation": "",
        "stage": 0,
        "context": null
    },
    {
        "key": "SUPPLYAREA_261:1",
        "original": "Riv4",
        "translation": "",
        "stage": 0,
        "context": null
    },
    {
        "key": "SUPPLYAREA_262:1",
        "original": "Riv5",
        "translation": "",
        "stage": 0,
        "context": null
    },
    {
        "key": "SUPPLYAREA_263:1",
        "original": "Riv6",
        "translation": "",
        "stage": 0,
        "context": null
    },
    {
        "key": "SUPPLYAREA_264:1",
        "original": "Riv7",
        "translation": "",
        "stage": 0,
        "context": null
    },
    {
        "key": "SUPPLYAREA_265:1",
        "original": "Riv8",
        "translation": "",
        "stage": 0,
        "context": null
    },
    {
        "key": "SUPPLYAREA_266:1",
        "original": "Riv9",
        "translation": "",
        "stage": 0,
        "context": null
    },
    {
        "key": "SUPPLYAREA_267:1",
        "original": "Riv10",
        "translation": "",
        "stage": 0,
        "context": null
    },
    {
        "key": "SUPPLYAREA_268:1",
        "original": "Riv11",
        "translation": "",
        "stage": 0,
        "context": null
    },
    {
        "key": "SUPPLYAREA_269:1",
        "original": "River1",
        "translation": "",
        "stage": 0,
        "context": null
    },
    {
        "key": "SUPPLYAREA_270:1",
        "original": "River2",
        "translation": "",
        "stage": 0,
        "context": null
    },
    {
        "key": "SUPPLYAREA_271:1",
        "original": "River3",
        "translation": "",
        "stage": 0,
        "context": null
    },
    {
        "key": "SUPPLYAREA_272:1",
        "original": "Sheeper",
        "translation": "",
        "stage": 0,
        "context": null
    },
    {
        "key": "SUPPLYAREA_273:1",
        "original": "OLV",
        "translation": "",
        "stage": 0,
        "context": null
    },
    {
        "key": "SUPPLYAREA_274:1",
        "original": "ZebraGriffons",
        "translation": "",
        "stage": 0,
        "context": null
    },
    {
        "key": "SUPPLYAREA_275:1",
        "original": "Fireshore",
        "translation": "",
        "stage": 0,
        "context": null
    },
    {
        "key": "SUPPLYAREA_276:1",
        "original": "Something SOUTH",
        "translation": "",
        "stage": 0,
        "context": null
    },
    {
        "key": "SUPPLYAREA_277:1",
        "original": "Riv12",
        "translation": "",
        "stage": 0,
        "context": null
    },
    {
        "key": "SUPPLYAREA_278:1",
        "original": "RivForest",
        "translation": "",
        "stage": 0,
        "context": null
    },
    {
        "key": "SUPPLYAREA_279:1",
        "original": "Beerprovince",
        "translation": "",
        "stage": 0,
        "context": null
    },
    {
        "key": "SUPPLYAREA_280:1",
        "original": "Northern Kingdom",
        "translation": "",
        "stage": 0,
        "context": null
    },
    {
        "key": "SUPPLYAREA_281:1",
        "original": "Firtree valley",
        "translation": "",
        "stage": 0,
        "context": null
    },
    {
        "key": "SUPPLYAREA_282:1",
        "original": "Riv13",
        "translation": "",
        "stage": 0,
        "context": null
    },
    {
        "key": "SUPPLYAREA_283:1",
        "original": "Skull Grove",
        "translation": "",
        "stage": 0,
        "context": null
    },
    {
        "key": "SUPPLYAREA_284:1",
        "original": "Moonshine",
        "translation": "",
        "stage": 0,
        "context": null
    },
    {
        "key": "SUPPLYAREA_285:1",
        "original": "Haukland",
        "translation": "",
        "stage": 0,
        "context": null
    },
    {
        "key": "SUPPLYAREA_286:1",
        "original": "Winterhold",
        "translation": "",
        "stage": 0,
        "context": null
    },
    {
        "key": "SUPPLYAREA_287:1",
        "original": "EastEquestria",
        "translation": "",
        "stage": 0,
        "context": null
    },
    {
        "key": "SUPPLYAREA_288:0",
        "original": "SupplyArea",
        "translation": "",
        "stage": 0,
        "context": null
    },
    {
        "key": "SUPPLYAREA_289:0",
        "original": "SupplyArea",
        "translation": "",
        "stage": 0,
        "context": null
    },
    {
        "key": "SUPPLYAREA_290:0",
        "original": "SupplyArea",
        "translation": "",
        "stage": 0,
        "context": null
    },
    {
        "key": "SUPPLYAREA_291:0",
        "original": "SupplyArea",
        "translation": "",
        "stage": 0,
        "context": null
    },
    {
        "key": "SUPPLYAREA_292:0",
        "original": "SupplyArea",
        "translation": "",
        "stage": 0,
        "context": null
    },
    {
        "key": "SUPPLYAREA_293:0",
        "original": "SupplyArea",
        "translation": "",
        "stage": 0,
        "context": null
    },
    {
        "key": "SUPPLYAREA_294:0",
        "original": "SupplyArea",
        "translation": "",
        "stage": 0,
        "context": null
    },
    {
        "key": "SUPPLYAREA_295:2",
        "original": "SupplyAreaMair",
        "translation": "",
        "stage": 0,
        "context": null
    },
    {
        "key": "SUPPLYAREA_296:1",
        "original": "SupplyAreaLonelight",
        "translation": "",
        "stage": 0,
        "context": null
    },
    {
        "key": "SUPPLYAREA_297:0",
        "original": "SupplyArea",
        "translation": "",
        "stage": 0,
        "context": null
    },
    {
        "key": "SUPPLYAREA_298:0",
        "original": "SupplyArea",
        "translation": "",
        "stage": 0,
        "context": null
    },
    {
        "key": "SUPPLYAREA_299:0",
        "original": "SupplyArea",
        "translation": "",
        "stage": 0,
        "context": null
    },
    {
        "key": "SUPPLYAREA_300:0",
        "original": "SupplyArea",
        "translation": "",
        "stage": 0,
        "context": null
    },
    {
        "key": "SUPPLYAREA_301:0",
        "original": "SupplyArea",
        "translation": "",
        "stage": 0,
        "context": null
    },
    {
        "key": "SUPPLYAREA_302:0",
        "original": "SupplyArea",
        "translation": "",
        "stage": 0,
        "context": null
    },
    {
        "key": "SUPPLYAREA_303:0",
        "original": "SupplyArea",
        "translation": "",
        "stage": 0,
        "context": null
    },
    {
        "key": "SUPPLYAREA_304:0",
        "original": "SupplyArea",
        "translation": "",
        "stage": 0,
        "context": null
    },
    {
        "key": "SUPPLYAREA_305:0",
        "original": "SupplyArea",
        "translation": "",
        "stage": 0,
        "context": null
    },
    {
        "key": "SUPPLYAREA_306:0",
        "original": "SupplyArea",
        "translation": "",
        "stage": 0,
        "context": null
    },
    {
        "key": "SUPPLYAREA_307:0",
        "original": "SupplyArea",
        "translation": "",
        "stage": 0,
        "context": null
    },
    {
        "key": "SUPPLYAREA_308:0",
        "original": "SupplyArea",
        "translation": "",
        "stage": 0,
        "context": null
    },
    {
        "key": "SUPPLYAREA_309:0",
        "original": "SupplyArea",
        "translation": "",
        "stage": 0,
        "context": null
    },
    {
        "key": "SUPPLYAREA_310:0",
        "original": "SupplyArea",
        "translation": "",
        "stage": 0,
        "context": null
    },
    {
        "key": "SUPPLYAREA_311:0",
        "original": "SupplyArea",
        "translation": "",
        "stage": 0,
        "context": null
    },
    {
        "key": "SUPPLYAREA_312:0",
        "original": "SupplyArea",
        "translation": "",
        "stage": 0,
        "context": null
    },
    {
        "key": "SUPPLYAREA_313:0",
        "original": "SupplyArea",
        "translation": "",
        "stage": 0,
        "context": null
    },
    {
        "key": "SUPPLYAREA_314:0",
        "original": "SupplyArea",
        "translation": "",
        "stage": 0,
        "context": null
    },
    {
        "key": "SUPPLYAREA_315:0",
        "original": "SupplyArea",
        "translation": "",
        "stage": 0,
        "context": null
    },
    {
        "key": "SUPPLYAREA_316:0",
        "original": "SupplyArea",
        "translation": "",
        "stage": 0,
        "context": null
    },
    {
        "key": "SUPPLYAREA_317:0",
        "original": "SupplyArea",
        "translation": "",
        "stage": 0,
        "context": null
    },
    {
        "key": "SUPPLYAREA_318:0",
        "original": "SupplyArea",
        "translation": "",
        "stage": 0,
        "context": null
    },
    {
        "key": "SUPPLYAREA_319:0",
        "original": "SupplyArea",
        "translation": "",
        "stage": 0,
        "context": null
    },
    {
        "key": "SUPPLYAREA_320:0",
        "original": "SupplyArea",
        "translation": "",
        "stage": 0,
        "context": null
    },
    {
        "key": "SUPPLYAREA_321:0",
        "original": "SupplyArea",
        "translation": "",
        "stage": 0,
        "context": null
    },
    {
        "key": "SUPPLYAREA_322:0",
        "original": "SupplyArea",
        "translation": "",
        "stage": 0,
        "context": null
    },
    {
        "key": "SUPPLYAREA_323:0",
        "original": "SupplyArea",
        "translation": "",
        "stage": 0,
        "context": null
    },
    {
        "key": "SUPPLYAREA_326:0",
        "original": "SupplyArea",
        "translation": "",
        "stage": 0,
        "context": null
    },
    {
        "key": "SUPPLYAREA_325:0",
        "original": "SupplyArea",
        "translation": "",
        "stage": 0,
        "context": null
    },
    {
        "key": "SUPPLYAREA_327:0",
        "original": "SupplyArea",
        "translation": "",
        "stage": 0,
        "context": null
    },
    {
        "key": "SUPPLYAREA_328:0",
        "original": "SupplyArea",
        "translation": "",
        "stage": 0,
        "context": null
    },
    {
        "key": "SUPPLYAREA_329:0",
        "original": "SupplyArea",
        "translation": "",
        "stage": 0,
        "context": null
    },
    {
        "key": "SUPPLYAREA_330:0",
        "original": "SupplyArea",
        "translation": "",
        "stage": 0,
        "context": null
    },
    {
        "key": "SUPPLYAREA_331:0",
        "original": "SupplyArea",
        "translation": "",
        "stage": 0,
        "context": null
    },
    {
        "key": "SUPPLYAREA_332:0",
        "original": "SupplyArea",
        "translation": "",
        "stage": 0,
        "context": null
    },
    {
        "key": "SUPPLYAREA_333:0",
        "original": "SupplyArea",
        "translation": "",
        "stage": 0,
        "context": null
    },
    {
        "key": "SUPPLYAREA_334:0",
        "original": "SupplyArea",
        "translation": "",
        "stage": 0,
        "context": null
    },
    {
        "key": "SUPPLYAREA_335:0",
        "original": "SupplyArea",
        "translation": "",
        "stage": 0,
        "context": null
    },
    {
        "key": "SUPPLYAREA_336:0",
        "original": "SupplyArea",
        "translation": "",
        "stage": 0,
        "context": null
    },
    {
        "key": "SUPPLYAREA_337:0",
        "original": "SupplyArea",
        "translation": "",
        "stage": 0,
        "context": null
    },
    {
        "key": "SUPPLYAREA_338:0",
        "original": "SupplyArea",
        "translation": "",
        "stage": 0,
        "context": null
    },
    {
        "key": "SUPPLYAREA_339:0",
        "original": "SupplyArea",
        "translation": "",
        "stage": 0,
        "context": null
    },
    {
        "key": "SUPPLYAREA_340:0",
        "original": "SupplyArea",
        "translation": "",
        "stage": 0,
        "context": null
    },
    {
        "key": "SUPPLYAREA_341:0",
        "original": "SupplyArea",
        "translation": "",
        "stage": 0,
        "context": null
    },
    {
        "key": "SUPPLYAREA_342:0",
        "original": "SupplyArea",
        "translation": "",
        "stage": 0,
        "context": null
    },
    {
        "key": "SUPPLYAREA_343:0",
        "original": "SupplyArea",
        "translation": "",
        "stage": 0,
        "context": null
    },
    {
        "key": "SUPPLYAREA_344:0",
        "original": "SupplyArea",
        "translation": "",
        "stage": 0,
        "context": null
    },
    {
        "key": "SUPPLYAREA_345:0",
        "original": "SupplyArea",
        "translation": "",
        "stage": 0,
        "context": null
    },
    {
        "key": "SUPPLYAREA_346:0",
        "original": "FaroeIslands",
        "translation": "",
        "stage": 0,
        "context": null
    },
    {
        "key": "SUPPLYAREA_347:0",
        "original": "JohnstonAtoll",
        "translation": "",
        "stage": 0,
        "context": null
    },
    {
        "key": "SUPPLYAREA_348:0",
        "original": "Jamaica",
        "translation": "",
        "stage": 0,
        "context": null
    },
    {
        "key": "SUPPLYAREA_349:0",
        "original": "Ascension",
        "translation": "",
        "stage": 0,
        "context": null
    },
    {
        "key": "SUPPLYAREA_350:0",
        "original": "DiegoGarcia",
        "translation": "",
        "stage": 0,
        "context": null
    },
    {
        "key": "SUPPLYAREA_351:0",
        "original": "ChristmasIslands",
        "translation": "",
        "stage": 0,
        "context": null
    },
    {
        "key": "SUPPLYAREA_352:0",
        "original": "CocosIslands",
        "translation": "",
        "stage": 0,
        "context": null
    },
    {
        "key": "SUPPLYAREA_353:0",
        "original": "KerguelenIslands",
        "translation": "",
        "stage": 0,
        "context": null
    },
    {
        "key": "SUPPLYAREA_354:0",
        "original": "SUPPLYAREA_354",
        "translation": "",
        "stage": 0,
        "context": null
    },
    {
        "key": "SUPPLYAREA_355:0",
        "original": "SUPPLYAREA_355",
        "translation": "",
        "stage": 0,
        "context": null
    },
    {
        "key": "SUPPLYAREA_356:0",
        "original": "SupplyAreaDragons",
        "translation": "",
        "stage": 0,
        "context": null
    }
]