[
    {
        "key": "gabriele_dartiglio_stats_tp:0",
        "original": "§RAttack Skill§!: §Y5§!\\n§YDefense Skill§!: §Y2§!\\n§GPlanning Skill§!: §Y3§!\\n§CLogistics Skill§!: §Y3§!\\n\\n",
        "translation": "§R공격 기술§!: §Y5§!\\n§Y방어 기술§!: §Y2§!\\n§G계획 기술§!: §Y3§!\\n§C보급 기술§!: §Y3§!\\n\\n",
        "stage": 1,
        "context": null
    },
    {
        "key": "luigi_piediazzuri_stats_tp:0",
        "original": "§RAttack Skill§!: §Y1§!\\n§YDefense Skill§!: §Y4§!\\n§GPlanning Skill§!: §Y1§!\\n§CLogistics Skill§!: §Y1§!\\n\\n",
        "translation": "§R공격 기술§!: §Y1§!\\n§Y방어 기술§!: §Y4§!\\n§G계획 기술§!: §Y1§!\\n§C보급 기술§!: §Y1§!\\n\\n",
        "stage": 1,
        "context": null
    },
    {
        "key": "astore_diaz_stats_tp:0",
        "original": "§RAttack Skill§!: §Y4§!\\n§YDefense Skill§!: §Y1§!\\n§GPlanning Skill§!: §Y3§!\\n§CLogistics Skill§!: §Y2§!\\n\\n",
        "translation": "§R공격 기술§!: §Y4§!\\n§Y방어 기술§!: §Y1§!\\n§G계획 기술§!: §Y3§!\\n§C보급 기술§!: §Y2§!\\n\\n",
        "stage": 1,
        "context": null
    },
    {
        "key": "jacob_klauwen_stats_tp:0",
        "original": "§RAttack Skill§!: §Y1§!\\n§YDefense Skill§!: §Y3§!\\n§GPlanning Skill§!: §Y2§!\\n§CLogistics Skill§!: §Y2§!\\n\\n",
        "translation": "§R공격 기술§!: §Y1§!\\n§Y방어 기술§!: §Y3§!\\n§G계획 기술§!: §Y2§!\\n§C보급 기술§!: §Y2§!\\n\\n",
        "stage": 1,
        "context": null
    },
    {
        "key": "nicolaas_swartvleugel_stats_tp:0",
        "original": "§RAttack Skill§!: §Y2§!\\n§YDefense Skill§!: §Y2§!\\n§GPlanning Skill§!: §Y3§!\\n§CLogistics Skill§!: §Y2§!\\n\\n",
        "translation": "§R공격 기술§!: §Y2§!\\n§Y방어 기술§!: §Y2§!\\n§G계획 기술§!: §Y3§!\\n§C보급 기술§!: §Y2§!\\n\\n",
        "stage": 1,
        "context": null
    },
    {
        "key": "general_jan_onverschrikt_stats_tp:0",
        "original": "§RAttack Skill§!: §Y3§!\\n§YDefense Skill§!: §Y2§!\\n§GPlanning Skill§!: §Y2§!\\n§CLogistics Skill§!: §Y2§!\\n\\n",
        "translation": "§R공격 기술§!: §Y3§!\\n§Y방어 기술§!: §Y2§!\\n§G계획 기술§!: §Y2§!\\n§C보급 기술§!: §Y2§!\\n\\n",
        "stage": 1,
        "context": null
    },
    {
        "key": "virgil_stats_tp:0",
        "original": "§RAttack Skill§!: §Y2§!\\n§YDefense Skill§!: §Y3§!\\n§GPlanning Skill§!: §Y2§!\\n§CLogistics Skill§!: §Y2§!\\n\\n",
        "translation": "§R공격 기술§!: §Y2§!\\n§Y방어 기술§!: §Y3§!\\n§G계획 기술§!: §Y2§!\\n§C보급 기술§!: §Y2§!\\n\\n",
        "stage": 1,
        "context": null
    },
    {
        "key": "eurus_foresthill_stats_tp:0",
        "original": "§RAttack Skill§!: §Y1§!\\n§YDefense Skill§!: §Y1§!\\n§GPlanning Skill§!: §Y2§!\\n§CLogistics Skill§!: §Y2§!\\n\\n",
        "translation": "§R공격 기술§!: §Y1§!\\n§Y방어 기술§!: §Y1§!\\n§G계획 기술§!: §Y2§!\\n§C보급 기술§!: §Y2§!\\n\\n",
        "stage": 1,
        "context": null
    },
    {
        "key": "telete_softclaw_stats_tp:0",
        "original": "§RAttack Skill§!: §Y3§!\\n§YDefense Skill§!: §Y1§!\\n§GPlanning Skill§!: §Y1§!\\n§CLogistics Skill§!: §Y3§!\\n\\n",
        "translation": "§R공격 기술§!: §Y3§!\\n§Y방어 기술§!: §Y1§!\\n§G계획 기술§!: §Y1§!\\n§C보급 기술§!: §Y3§!\\n\\n",
        "stage": 1,
        "context": null
    },
    {
        "key": "heinrich_redtaill_stats_tp:0",
        "original": "§RAttack Skill§!: §Y2§!\\n§YDefense Skill§!: §Y2§!\\n§GPlanning Skill§!: §Y3§!\\n§CLogistics Skill§!: §Y1§!\\n\\n",
        "translation": "§R공격 기술§!: §Y2§!\\n§Y방어 기술§!: §Y2§!\\n§G계획 기술§!: §Y3§!\\n§C보급 기술§!: §Y1§!\\n\\n",
        "stage": 1,
        "context": null
    },
    {
        "key": "kronos_beamquill_stats_tp:0",
        "original": "§RAttack Skill§!: §Y1§!\\n§YDefense Skill§!: §Y3§!\\n§GPlanning Skill§!: §Y2§!\\n§CLogistics Skill§!: §Y2§!\\n\\n",
        "translation": "§R공격 기술§!: §Y1§!\\n§Y방어 기술§!: §Y3§!\\n§G계획 기술§!: §Y2§!\\n§C보급 기술§!: §Y2§!\\n\\n",
        "stage": 1,
        "context": null
    },
    {
        "key": "arnaud_cuvillier_stats_tp:0",
        "original": "§RAttack Skill§!: §Y2§!\\n§YDefense Skill§!: §Y1§!\\n§GPlanning Skill§!: §Y2§!\\n§CLogistics Skill§!: §Y3§!\\n\\n",
        "translation": "§R공격 기술§!: §Y2§!\\n§Y방어 기술§!: §Y1§!\\n§G계획 기술§!: §Y2§!\\n§C보급 기술§!: §Y3§!\\n\\n",
        "stage": 1,
        "context": null
    },
    {
        "key": "felix_cloudtalon_stats_tp:0",
        "original": "§RAttack Skill§!: §Y3§!\\n§YDefense Skill§!: §Y1§!\\n§GPlanning Skill§!: §Y2§!\\n§CLogistics Skill§!: §Y2§!\\n\\n",
        "translation": "§R공격 기술§!: §Y3§!\\n§Y방어 기술§!: §Y1§!\\n§G계획 기술§!: §Y2§!\\n§C보급 기술§!: §Y2§!\\n\\n",
        "stage": 1,
        "context": null
    },
    {
        "key": "stefan_randolph_stats_tp:0",
        "original": "§RAttack Skill§!: §Y4§!\\n§YDefense Skill§!: §Y2§!\\n§GPlanning Skill§!: §Y2§!\\n§CLogistics Skill§!: §Y2§!\\n\\n",
        "translation": "§R공격 기술§!: §Y4§!\\n§Y방어 기술§!: §Y2§!\\n§G계획 기술§!: §Y2§!\\n§C보급 기술§!: §Y2§!\\n\\n",
        "stage": 1,
        "context": null
    },
    {
        "key": "archon_proteus_iii_stats_tp:0",
        "original": "§RAttack Skill§!: §Y4§!\\n§YDefense Skill§!: §Y2§!\\n§GPlanning Skill§!: §Y1§!\\n§CLogistics Skill§!: §Y1§!\\n\\n",
        "translation": "§R공격 기술§!: §Y4§!\\n§Y방어 기술§!: §Y2§!\\n§G계획 기술§!: §Y1§!\\n§C보급 기술§!: §Y1§!\\n\\n",
        "stage": 1,
        "context": null
    },
    {
        "key": "atlas_hengsbach_stats_tp:0",
        "original": "§RAttack Skill§!: §Y2§!\\n§YDefense Skill§!: §Y3§!\\n§GPlanning Skill§!: §Y3§!\\n§CLogistics Skill§!: §Y1§!\\n\\n",
        "translation": "§R공격 기술§!: §Y2§!\\n§Y방어 기술§!: §Y3§!\\n§G계획 기술§!: §Y3§!\\n§C보급 기술§!: §Y1§!\\n\\n",
        "stage": 1,
        "context": null
    },
    {
        "key": "kronos_neubert_stats_tp:0",
        "original": "§RAttack Skill§!: §Y2§!\\n§YDefense Skill§!: §Y1§!\\n§GPlanning Skill§!: §Y3§!\\n§CLogistics Skill§!: §Y2§!\\n\\n",
        "translation": "§R공격 기술§!: §Y2§!\\n§Y방어 기술§!: §Y1§!\\n§G계획 기술§!: §Y3§!\\n§C보급 기술§!: §Y2§!\\n\\n",
        "stage": 1,
        "context": null
    },
    {
        "key": "aras_seeliger_stats_tp:0",
        "original": "§RAttack Skill§!: §Y1§!\\n§YDefense Skill§!: §Y1§!\\n§GPlanning Skill§!: §Y3§!\\n§CLogistics Skill§!: §Y3§!\\n\\n",
        "translation": "§R공격 기술§!: §Y1§!\\n§Y방어 기술§!: §Y1§!\\n§G계획 기술§!: §Y3§!\\n§C보급 기술§!: §Y3§!\\n\\n",
        "stage": 1,
        "context": null
    },
    {
        "key": "rudiger_geltz_stats_tp:0",
        "original": "§RAttack Skill§!: §Y2§!\\n§YDefense Skill§!: §Y3§!\\n§GPlanning Skill§!: §Y2§!\\n§CLogistics Skill§!: §Y1§!\\n\\n",
        "translation": "§R공격 기술§!: §Y2§!\\n§Y방어 기술§!: §Y3§!\\n§G계획 기술§!: §Y2§!\\n§C보급 기술§!: §Y1§!\\n\\n",
        "stage": 1,
        "context": null
    },
    {
        "key": "erika_stahlflugel_stats_tp:0",
        "original": "§RAttack Skill§!: §Y2§!\\n§YDefense Skill§!: §Y1§!\\n§GPlanning Skill§!: §Y1§!\\n§CLogistics Skill§!: §Y2§!\\n\\n",
        "translation": "§R공격 기술§!: §Y2§!\\n§Y방어 기술§!: §Y1§!\\n§G계획 기술§!: §Y1§!\\n§C보급 기술§!: §Y2§!\\n\\n",
        "stage": 1,
        "context": null
    },
    {
        "key": "edler_von_wingenberg_stats_tp:0",
        "original": "§RAttack Skill§!: §Y2§!\\n§YDefense Skill§!: §Y3§!\\n§GPlanning Skill§!: §Y3§!\\n§CLogistics Skill§!: §Y2§!\\n\\n",
        "translation": "§R공격 기술§!: §Y2§!\\n§Y방어 기술§!: §Y3§!\\n§G계획 기술§!: §Y3§!\\n§C보급 기술§!: §Y2§!\\n\\n",
        "stage": 1,
        "context": null
    },
    {
        "key": "eisen_silberkrone_stats_tp:0",
        "original": "§RAttack Skill§!: §Y3§!\\n§YDefense Skill§!: §Y2§!\\n§GPlanning Skill§!: §Y1§!\\n§CLogistics Skill§!: §Y2§!\\n\\n",
        "translation": "§R공격 기술§!: §Y3§!\\n§Y방어 기술§!: §Y2§!\\n§G계획 기술§!: §Y1§!\\n§C보급 기술§!: §Y2§!\\n\\n",
        "stage": 1,
        "context": null
    },
    {
        "key": "alfred_aschenkampff_stats_tp:0",
        "original": "§RAttack Skill§!: §Y2§!\\n§YDefense Skill§!: §Y1§!\\n§GPlanning Skill§!: §Y2§!\\n§CLogistics Skill§!: §Y1§!\\n\\n",
        "translation": "§R공격 기술§!: §Y2§!\\n§Y방어 기술§!: §Y1§!\\n§G계획 기술§!: §Y2§!\\n§C보급 기술§!: §Y1§!\\n\\n",
        "stage": 1,
        "context": null
    },
    {
        "key": "alina_hochmeister_stats_tp:0",
        "original": "§RAttack Skill§!: §Y2§!\\n§YDefense Skill§!: §Y3§!\\n§GPlanning Skill§!: §Y2§!\\n§CLogistics Skill§!: §Y1§!\\n\\n",
        "translation": "§R공격 기술§!: §Y2§!\\n§Y방어 기술§!: §Y3§!\\n§G계획 기술§!: §Y2§!\\n§C보급 기술§!: §Y1§!\\n\\n",
        "stage": 1,
        "context": null
    },
    {
        "key": "hyperion_waldstein_stats_tp:0",
        "original": "§RAttack Skill§!: §Y2§!\\n§YDefense Skill§!: §Y2§!\\n§GPlanning Skill§!: §Y2§!\\n§CLogistics Skill§!: §Y2§!\\n\\n",
        "translation": "§R공격 기술§!: §Y2§!\\n§Y방어 기술§!: §Y2§!\\n§G계획 기술§!: §Y2§!\\n§C보급 기술§!: §Y2§!\\n\\n",
        "stage": 1,
        "context": null
    },
    {
        "key": "wolfhard_fischart_stats_tp:0",
        "original": "§RAttack Skill§!: §Y3§!\\n§YDefense Skill§!: §Y2§!\\n§GPlanning Skill§!: §Y1§!\\n§CLogistics Skill§!: §Y2§!\\n\\n",
        "translation": "§R공격 기술§!: §Y3§!\\n§Y방어 기술§!: §Y2§!\\n§G계획 기술§!: §Y1§!\\n§C보급 기술§!: §Y2§!\\n\\n",
        "stage": 1,
        "context": null
    },
    {
        "key": "raoul_kranefuss_stats_tp:0",
        "original": "§RAttack Skill§!: §Y3§!\\n§YDefense Skill§!: §Y2§!\\n§GPlanning Skill§!: §Y2§!\\n§CLogistics Skill§!: §Y3§!\\n\\n",
        "translation": "§R공격 기술§!: §Y3§!\\n§Y방어 기술§!: §Y2§!\\n§G계획 기술§!: §Y2§!\\n§C보급 기술§!: §Y3§!\\n\\n",
        "stage": 1,
        "context": null
    },
    {
        "key": "julian_feininger_stats_tp:0",
        "original": "§RAttack Skill§!: §Y3§!\\n§YDefense Skill§!: §Y3§!\\n§GPlanning Skill§!: §Y2§!\\n§CLogistics Skill§!: §Y2§!\\n\\n",
        "translation": "§R공격 기술§!: §Y3§!\\n§Y방어 기술§!: §Y3§!\\n§G계획 기술§!: §Y2§!\\n§C보급 기술§!: §Y2§!\\n\\n",
        "stage": 1,
        "context": null
    },
    {
        "key": "kaleb_bitterlich_stats_tp:0",
        "original": "§RAttack Skill§!: §Y1§!\\n§YDefense Skill§!: §Y2§!\\n§GPlanning Skill§!: §Y2§!\\n§CLogistics Skill§!: §Y1§!\\n\\n",
        "translation": "§R공격 기술§!: §Y1§!\\n§Y방어 기술§!: §Y2§!\\n§G계획 기술§!: §Y2§!\\n§C보급 기술§!: §Y1§!\\n\\n",
        "stage": 1,
        "context": null
    },
    {
        "key": "cyril_durand_stats_tp:0",
        "original": "§RAttack Skill§!: §Y2§!\\n§YDefense Skill§!: §Y2§!\\n§GPlanning Skill§!: §Y3§!\\n§CLogistics Skill§!: §Y2§!\\n\\n",
        "translation": "§R공격 기술§!: §Y2§!\\n§Y방어 기술§!: §Y2§!\\n§G계획 기술§!: §Y3§!\\n§C보급 기술§!: §Y2§!\\n\\n",
        "stage": 1,
        "context": null
    },
    {
        "key": "remi_rousselot_stats_tp:0",
        "original": "§RAttack Skill§!: §Y3§!\\n§YDefense Skill§!: §Y3§!\\n§GPlanning Skill§!: §Y2§!\\n§CLogistics Skill§!: §Y1§!\\n\\n",
        "translation": "§R공격 기술§!: §Y3§!\\n§Y방어 기술§!: §Y3§!\\n§G계획 기술§!: §Y2§!\\n§C보급 기술§!: §Y1§!\\n\\n",
        "stage": 1,
        "context": null
    },
    {
        "key": "agnes_montcorne_stats_tp:0",
        "original": "§RAttack Skill§!: §Y1§!\\n§YDefense Skill§!: §Y3§!\\n§GPlanning Skill§!: §Y2§!\\n§CLogistics Skill§!: §Y2§!\\n\\n",
        "translation": "§R공격 기술§!: §Y1§!\\n§Y방어 기술§!: §Y3§!\\n§G계획 기술§!: §Y2§!\\n§C보급 기술§!: §Y2§!\\n\\n",
        "stage": 1,
        "context": null
    },
    {
        "key": "victor_moreau_stats_tp:0",
        "original": "§RAttack Skill§!: §Y3§!\\n§YDefense Skill§!: §Y2§!\\n§GPlanning Skill§!: §Y1§!\\n§CLogistics Skill§!: §Y2§!\\n\\n",
        "translation": "§R공격 기술§!: §Y3§!\\n§Y방어 기술§!: §Y2§!\\n§G계획 기술§!: §Y1§!\\n§C보급 기술§!: §Y2§!\\n\\n",
        "stage": 1,
        "context": null
    },
    {
        "key": "felix_murat_stats_tp:0",
        "original": "§RAttack Skill§!: §Y2§!\\n§YDefense Skill§!: §Y2§!\\n§GPlanning Skill§!: §Y3§!\\n§CLogistics Skill§!: §Y2§!\\n\\n",
        "translation": "§R공격 기술§!: §Y2§!\\n§Y방어 기술§!: §Y2§!\\n§G계획 기술§!: §Y3§!\\n§C보급 기술§!: §Y2§!\\n\\n",
        "stage": 1,
        "context": null
    },
    {
        "key": "jean_lafitte_stats_tp:0",
        "original": "§RAttack Skill§!: §Y2§!\\n§YDefense Skill§!: §Y2§!\\n§GPlanning Skill§!: §Y2§!\\n§CLogistics Skill§!: §Y3§!\\n\\n",
        "translation": "§R공격 기술§!: §Y2§!\\n§Y방어 기술§!: §Y2§!\\n§G계획 기술§!: §Y2§!\\n§C보급 기술§!: §Y3§!\\n\\n",
        "stage": 1,
        "context": null
    },
    {
        "key": "werner_shadowfeather_stats_tp:0",
        "original": "§RAttack Skill§!: §Y3§!\\n§YDefense Skill§!: §Y1§!\\n§GPlanning Skill§!: §Y2§!\\n§CLogistics Skill§!: §Y2§!\\n\\n",
        "translation": "§R공격 기술§!: §Y3§!\\n§Y방어 기술§!: §Y1§!\\n§G계획 기술§!: §Y2§!\\n§C보급 기술§!: §Y2§!\\n\\n",
        "stage": 1,
        "context": null
    },
    {
        "key": "joachim_ehrenberg_stats_tp:0",
        "original": "§RAttack Skill§!: §Y4§!\\n§YDefense Skill§!: §Y1§!\\n§GPlanning Skill§!: §Y2§!\\n§CLogistics Skill§!: §Y2§!\\n\\n",
        "translation": "§R공격 기술§!: §Y4§!\\n§Y방어 기술§!: §Y1§!\\n§G계획 기술§!: §Y2§!\\n§C보급 기술§!: §Y2§!\\n\\n",
        "stage": 1,
        "context": null
    },
    {
        "key": "augustin_lichter_stats_tp:0",
        "original": "§RAttack Skill§!: §Y3§!\\n§YDefense Skill§!: §Y1§!\\n§GPlanning Skill§!: §Y2§!\\n§CLogistics Skill§!: §Y2§!\\n\\n",
        "translation": "§R공격 기술§!: §Y3§!\\n§Y방어 기술§!: §Y1§!\\n§G계획 기술§!: §Y2§!\\n§C보급 기술§!: §Y2§!\\n\\n",
        "stage": 1,
        "context": null
    },
    {
        "key": "dionysus_mooncrest_stats_tp:0",
        "original": "§RAttack Skill§!: §Y1§!\\n§YDefense Skill§!: §Y3§!\\n§GPlanning Skill§!: §Y1§!\\n§CLogistics Skill§!: §Y2§!\\n\\n",
        "translation": "§R공격 기술§!: §Y1§!\\n§Y방어 기술§!: §Y3§!\\n§G계획 기술§!: §Y1§!\\n§C보급 기술§!: §Y2§!\\n\\n",
        "stage": 1,
        "context": null
    },
    {
        "key": "erenpil_stats_tp:0",
        "original": "§RAttack Skill§!: §Y2§!\\n§YDefense Skill§!: §Y1§!\\n§GPlanning Skill§!: §Y2§!\\n§CLogistics Skill§!: §Y1§!\\n\\n",
        "translation": "§R공격 기술§!: §Y2§!\\n§Y방어 기술§!: §Y1§!\\n§G계획 기술§!: §Y2§!\\n§C보급 기술§!: §Y1§!\\n\\n",
        "stage": 1,
        "context": null
    },
    {
        "key": "huitzilli_stats_tp:0",
        "original": "§RAttack Skill§!: §Y2§!\\n§YDefense Skill§!: §Y1§!\\n§GPlanning Skill§!: §Y2§!\\n§CLogistics Skill§!: §Y2§!\\n\\n",
        "translation": "§R공격 기술§!: §Y2§!\\n§Y방어 기술§!: §Y1§!\\n§G계획 기술§!: §Y2§!\\n§C보급 기술§!: §Y2§!\\n\\n",
        "stage": 1,
        "context": null
    },
    {
        "key": "tenoch_stats_tp:0",
        "original": "§RAttack Skill§!: §Y2§!\\n§YDefense Skill§!: §Y2§!\\n§GPlanning Skill§!: §Y2§!\\n§CLogistics Skill§!: §Y1§!\\n\\n",
        "translation": "§R공격 기술§!: §Y2§!\\n§Y방어 기술§!: §Y2§!\\n§G계획 기술§!: §Y2§!\\n§C보급 기술§!: §Y1§!\\n\\n",
        "stage": 1,
        "context": null
    },
    {
        "key": "svali_reinhartsson_stats_tp:0",
        "original": "§RAttack Skill§!: §Y4§!\\n§YDefense Skill§!: §Y1§!\\n§GPlanning Skill§!: §Y2§!\\n§CLogistics Skill§!: §Y2§!\\n\\n",
        "translation": "§R공격 기술§!: §Y4§!\\n§Y방어 기술§!: §Y1§!\\n§G계획 기술§!: §Y2§!\\n§C보급 기술§!: §Y2§!\\n\\n",
        "stage": 1,
        "context": null
    },
    {
        "key": "hansa_kristbergursdottir_stats_tp:0",
        "original": "§RAttack Skill§!: §Y3§!\\n§YDefense Skill§!: §Y1§!\\n§GPlanning Skill§!: §Y3§!\\n§CLogistics Skill§!: §Y3§!\\n\\n",
        "translation": "§R공격 기술§!: §Y3§!\\n§Y방어 기술§!: §Y1§!\\n§G계획 기술§!: §Y3§!\\n§C보급 기술§!: §Y3§!\\n\\n",
        "stage": 1,
        "context": null
    },
    {
        "key": "freyvidur_jureksson_stats_tp:0",
        "original": "§RAttack Skill§!: §Y2§!\\n§YDefense Skill§!: §Y4§!\\n§GPlanning Skill§!: §Y2§!\\n§CLogistics Skill§!: §Y2§!\\n\\n",
        "translation": "§R공격 기술§!: §Y2§!\\n§Y방어 기술§!: §Y4§!\\n§G계획 기술§!: §Y2§!\\n§C보급 기술§!: §Y2§!\\n\\n",
        "stage": 1,
        "context": null
    },
    {
        "key": "trotbert_e_neigh_stats_tp:0",
        "original": "§RAttack Skill§!: §Y3§!\\n§YDefense Skill§!: §Y3§!\\n§GPlanning Skill§!: §Y2§!\\n§CLogistics Skill§!: §Y2§!\\n\\n",
        "translation": "§R공격 기술§!: §Y3§!\\n§Y방어 기술§!: §Y3§!\\n§G계획 기술§!: §Y2§!\\n§C보급 기술§!: §Y2§!\\n\\n",
        "stage": 1,
        "context": null
    },
    {
        "key": "stewed_apple_stats_tp:0",
        "original": "§RAttack Skill§!: §Y4§!\\n§YDefense Skill§!: §Y2§!\\n§GPlanning Skill§!: §Y2§!\\n§CLogistics Skill§!: §Y2§!\\n\\n",
        "translation": "§R공격 기술§!: §Y4§!\\n§Y방어 기술§!: §Y2§!\\n§G계획 기술§!: §Y2§!\\n§C보급 기술§!: §Y2§!\\n\\n",
        "stage": 1,
        "context": null
    },
    {
        "key": "stone_wall_stats_tp:0",
        "original": "§RAttack Skill§!: §Y3§!\\n§YDefense Skill§!: §Y4§!\\n§GPlanning Skill§!: §Y2§!\\n§CLogistics Skill§!: §Y1§!\\n\\n",
        "translation": "§R공격 기술§!: §Y3§!\\n§Y방어 기술§!: §Y4§!\\n§G계획 기술§!: §Y2§!\\n§C보급 기술§!: §Y1§!\\n\\n",
        "stage": 1,
        "context": null
    },
    {
        "key": "willem_knobbe_stats_tp:0",
        "original": "§RAttack Skill§!: §Y2§!\\n§YDefense Skill§!: §Y2§!\\n§GPlanning Skill§!: §Y1§!\\n§CLogistics Skill§!: §Y2§!\\n\\n",
        "translation": "§R공격 기술§!: §Y2§!\\n§Y방어 기술§!: §Y2§!\\n§G계획 기술§!: §Y1§!\\n§C보급 기술§!: §Y2§!\\n\\n",
        "stage": 1,
        "context": null
    },
    {
        "key": "attis_aaltink_stats_tp:0",
        "original": "§RAttack Skill§!: §Y1§!\\n§YDefense Skill§!: §Y2§!\\n§GPlanning Skill§!: §Y2§!\\n§CLogistics Skill§!: §Y2§!\\n\\n",
        "translation": "§R공격 기술§!: §Y1§!\\n§Y방어 기술§!: §Y2§!\\n§G계획 기술§!: §Y2§!\\n§C보급 기술§!: §Y2§!\\n\\n",
        "stage": 1,
        "context": null
    },
    {
        "key": "claire_gavreau_stats_tp:0",
        "original": "§RAttack Skill§!: §Y2§!\\n§YDefense Skill§!: §Y2§!\\n§GPlanning Skill§!: §Y1§!\\n§CLogistics Skill§!: §Y2§!\\n\\n",
        "translation": "§R공격 기술§!: §Y2§!\\n§Y방어 기술§!: §Y2§!\\n§G계획 기술§!: §Y1§!\\n§C보급 기술§!: §Y2§!\\n\\n",
        "stage": 1,
        "context": null
    },
    {
        "key": "kronos_schreiner_stats_tp:0",
        "original": "§RAttack Skill§!: §Y2§!\\n§YDefense Skill§!: §Y1§!\\n§GPlanning Skill§!: §Y2§!\\n§CLogistics Skill§!: §Y2§!\\n\\n",
        "translation": "§R공격 기술§!: §Y2§!\\n§Y방어 기술§!: §Y1§!\\n§G계획 기술§!: §Y2§!\\n§C보급 기술§!: §Y2§!\\n\\n",
        "stage": 1,
        "context": null
    },
    {
        "key": "remy_dewaele_stats_tp:0",
        "original": "§RAttack Skill§!: §Y3§!\\n§YDefense Skill§!: §Y2§!\\n§GPlanning Skill§!: §Y2§!\\n§CLogistics Skill§!: §Y2§!\\n\\n",
        "translation": "§R공격 기술§!: §Y3§!\\n§Y방어 기술§!: §Y2§!\\n§G계획 기술§!: §Y2§!\\n§C보급 기술§!: §Y2§!\\n\\n",
        "stage": 1,
        "context": null
    },
    {
        "key": "erebus_destombes_stats_tp:0",
        "original": "§RAttack Skill§!: §Y2§!\\n§YDefense Skill§!: §Y2§!\\n§GPlanning Skill§!: §Y2§!\\n§CLogistics Skill§!: §Y3§!\\n\\n",
        "translation": "§R공격 기술§!: §Y2§!\\n§Y방어 기술§!: §Y2§!\\n§G계획 기술§!: §Y2§!\\n§C보급 기술§!: §Y3§!\\n\\n",
        "stage": 1,
        "context": null
    },
    {
        "key": "frederik_roesems_stats_tp:0",
        "original": "§RAttack Skill§!: §Y2§!\\n§YDefense Skill§!: §Y2§!\\n§GPlanning Skill§!: §Y2§!\\n§CLogistics Skill§!: §Y1§!\\n\\n",
        "translation": "§R공격 기술§!: §Y2§!\\n§Y방어 기술§!: §Y2§!\\n§G계획 기술§!: §Y2§!\\n§C보급 기술§!: §Y1§!\\n\\n",
        "stage": 1,
        "context": null
    },
    {
        "key": "johan_deramaut_stats_tp:0",
        "original": "§RAttack Skill§!: §Y2§!\\n§YDefense Skill§!: §Y1§!\\n§GPlanning Skill§!: §Y2§!\\n§CLogistics Skill§!: §Y2§!\\n\\n",
        "translation": "§R공격 기술§!: §Y2§!\\n§Y방어 기술§!: §Y1§!\\n§G계획 기술§!: §Y2§!\\n§C보급 기술§!: §Y2§!\\n\\n",
        "stage": 1,
        "context": null
    },
    {
        "key": "kasper_suncrest_stats_tp:0",
        "original": "§RAttack Skill§!: §Y1§!\\n§YDefense Skill§!: §Y2§!\\n§GManeuvering Skill§!: §Y3§!\\n§CCoordination Skill§!: §Y1§!\\n\\n",
        "translation": "§R공격 기술§!: §Y1§!\\n§Y방어 기술§!: §Y2§!\\n§G이동 기술§!: §Y3§!\\n§C성협조 기술§!: §Y1§!\\n\\n",
        "stage": 1,
        "context": null
    },
    {
        "key": "ophion_chapelle_stats_tp:0",
        "original": "§RAttack Skill§!: §Y3§!\\n§YDefense Skill§!: §Y2§!\\n§GManeuvering Skill§!: §Y1§!\\n§CCoordination Skill§!: §Y1§!\\n\\n",
        "translation": "§R공격 기술§!: §Y3§!\\n§Y방어 기술§!: §Y2§!\\n§G이동 기술§!: §Y1§!\\n§C성협조 기술§!: §Y1§!\\n\\n",
        "stage": 1,
        "context": null
    },
    {
        "key": "gleb_stats_tp:0",
        "original": "§RAttack Skill§!: §Y2§!\\n§YDefense Skill§!: §Y3§!\\n§GPlanning Skill§!: §Y3§!\\n§CLogistics Skill§!: §Y3§!\\n\\n",
        "translation": "§R공격 기술§!: §Y2§!\\n§Y방어 기술§!: §Y3§!\\n§G계획 기술§!: §Y3§!\\n§C보급 기술§!: §Y3§!\\n\\n",
        "stage": 1,
        "context": null
    },
    {
        "key": "katia_stats_tp:0",
        "original": "§RAttack Skill§!: §Y1§!\\n§YDefense Skill§!: §Y3§!\\n§GPlanning Skill§!: §Y2§!\\n§CLogistics Skill§!: §Y1§!\\n\\n",
        "translation": "§R공격 기술§!: §Y1§!\\n§Y방어 기술§!: §Y3§!\\n§G계획 기술§!: §Y2§!\\n§C보급 기술§!: §Y1§!\\n\\n",
        "stage": 1,
        "context": null
    },
    {
        "key": "alfred_stats_tp:0",
        "original": "§RAttack Skill§!: §Y2§!\\n§YDefense Skill§!: §Y1§!\\n§GPlanning Skill§!: §Y1§!\\n§CLogistics Skill§!: §Y2§!\\n\\n",
        "translation": "§R공격 기술§!: §Y2§!\\n§Y방어 기술§!: §Y1§!\\n§G계획 기술§!: §Y1§!\\n§C보급 기술§!: §Y2§!\\n\\n",
        "stage": 1,
        "context": null
    },
    {
        "key": "hjarnar_ernstsson_stats_tp:0",
        "original": "§RAttack Skill§!: §Y5§!\\n§YDefense Skill§!: §Y1§!\\n§GPlanning Skill§!: §Y3§!\\n§CLogistics Skill§!: §Y2§!\\n\\n",
        "translation": "§R공격 기술§!: §Y5§!\\n§Y방어 기술§!: §Y1§!\\n§G계획 기술§!: §Y3§!\\n§C보급 기술§!: §Y2§!\\n\\n",
        "stage": 1,
        "context": null
    },
    {
        "key": "gulrain_lisvaldr_stats_tp:0",
        "original": "§RAttack Skill§!: §Y2§!\\n§YDefense Skill§!: §Y2§!\\n§GPlanning Skill§!: §Y3§!\\n§CLogistics Skill§!: §Y3§!\\n\\n",
        "translation": "§R공격 기술§!: §Y2§!\\n§Y방어 기술§!: §Y2§!\\n§G계획 기술§!: §Y3§!\\n§C보급 기술§!: §Y3§!\\n\\n",
        "stage": 1,
        "context": null
    },
    {
        "key": "valto_luoma_stats_tp:0",
        "original": "§RAttack Skill§!: §Y3§!\\n§YDefense Skill§!: §Y2§!\\n§GPlanning Skill§!: §Y2§!\\n§CLogistics Skill§!: §Y2§!\\n\\n",
        "translation": "§R공격 기술§!: §Y3§!\\n§Y방어 기술§!: §Y2§!\\n§G계획 기술§!: §Y2§!\\n§C보급 기술§!: §Y2§!\\n\\n",
        "stage": 1,
        "context": null
    },
    {
        "key": "ritva_rasanen_stats_tp:0",
        "original": "§RAttack Skill§!: §Y2§!\\n§YDefense Skill§!: §Y2§!\\n§GPlanning Skill§!: §Y3§!\\n§CLogistics Skill§!: §Y1§!\\n\\n",
        "translation": "§R공격 기술§!: §Y2§!\\n§Y방어 기술§!: §Y2§!\\n§G계획 기술§!: §Y3§!\\n§C보급 기술§!: §Y1§!\\n\\n",
        "stage": 1,
        "context": null
    },
    {
        "key": "silver_star_stats_tp:0",
        "original": "§RAttack Skill§!: §Y1§!\\n§YDefense Skill§!: §Y2§!\\n§GPlanning Skill§!: §Y4§!\\n§CLogistics Skill§!: §Y5§!\\n\\n",
        "translation": "§R공격 기술§!: §Y1§!\\n§Y방어 기술§!: §Y2§!\\n§G계획 기술§!: §Y4§!\\n§C보급 기술§!: §Y5§!\\n\\n",
        "stage": 1,
        "context": null
    },
    {
        "key": "onyx_star_stats_tp:0",
        "original": "§RAttack Skill§!: §Y2§!\\n§YDefense Skill§!: §Y3§!\\n§GPlanning Skill§!: §Y2§!\\n§CLogistics Skill§!: §Y1§!\\n\\n",
        "translation": "§R공격 기술§!: §Y2§!\\n§Y방어 기술§!: §Y3§!\\n§G계획 기술§!: §Y2§!\\n§C보급 기술§!: §Y1§!\\n\\n",
        "stage": 1,
        "context": null
    },
    {
        "key": "raimund_kuchler_stats_tp:0",
        "original": "§RAttack Skill§!: §Y2§!\\n§YDefense Skill§!: §Y1§!\\n§GManeuvering Skill§!: §Y3§!\\n§CCoordination Skill§!: §Y2§!\\n\\n",
        "translation": "§R공격 기술§!: §Y2§!\\n§Y방어 기술§!: §Y1§!\\n§G이동 기술§!: §Y3§!\\n§C성협조 기술§!: §Y2§!\\n\\n",
        "stage": 1,
        "context": null
    },
    {
        "key": "erhard_frosch_stats_tp:0",
        "original": "§RAttack Skill§!: §Y3§!\\n§YDefense Skill§!: §Y3§!\\n§GPlanning Skill§!: §Y2§!\\n§CLogistics Skill§!: §Y2§!\\n\\n",
        "translation": "§R공격 기술§!: §Y3§!\\n§Y방어 기술§!: §Y3§!\\n§G계획 기술§!: §Y2§!\\n§C보급 기술§!: §Y2§!\\n\\n",
        "stage": 1,
        "context": null
    },
    {
        "key": "ernst_fischer_stats_tp:0",
        "original": "§RAttack Skill§!: §Y2§!\\n§YDefense Skill§!: §Y3§!\\n§GPlanning Skill§!: §Y3§!\\n§CLogistics Skill§!: §Y2§!\\n\\n",
        "translation": "§R공격 기술§!: §Y2§!\\n§Y방어 기술§!: §Y3§!\\n§G계획 기술§!: §Y3§!\\n§C보급 기술§!: §Y2§!\\n\\n",
        "stage": 1,
        "context": null
    },
    {
        "key": "starry_night_stats_tp:0",
        "original": "§RAttack Skill§!: §Y2§!\\n§YDefense Skill§!: §Y2§!\\n§GPlanning Skill§!: §Y2§!\\n§CLogistics Skill§!: §Y2§!\\n\\n",
        "translation": "§R공격 기술§!: §Y2§!\\n§Y방어 기술§!: §Y2§!\\n§G계획 기술§!: §Y2§!\\n§C보급 기술§!: §Y2§!\\n\\n",
        "stage": 1,
        "context": null
    },
    {
        "key": "ludwig_von_pliater_stats_tp:0",
        "original": "§RAttack Skill§!: §Y2§!\\n§YDefense Skill§!: §Y2§!\\n§GPlanning Skill§!: §Y2§!\\n§CLogistics Skill§!: §Y2§!\\n\\n",
        "translation": "§R공격 기술§!: §Y2§!\\n§Y방어 기술§!: §Y2§!\\n§G계획 기술§!: §Y2§!\\n§C보급 기술§!: §Y2§!\\n\\n",
        "stage": 1,
        "context": null
    },
    {
        "key": "ember_firefly_stats_tp:0",
        "original": "§RAttack Skill§!: §Y4§!\\n§YDefense Skill§!: §Y2§!\\n§GPlanning Skill§!: §Y3§!\\n§CLogistics Skill§!: §Y1§!\\n\\n",
        "translation": "§R공격 기술§!: §Y4§!\\n§Y방어 기술§!: §Y2§!\\n§G계획 기술§!: §Y3§!\\n§C보급 기술§!: §Y1§!\\n\\n",
        "stage": 1,
        "context": null
    },
    {
        "key": "antonin_schoff_stats_tp:0",
        "original": "§RAttack Skill§!: §Y2§!\\n§YDefense Skill§!: §Y2§!\\n§GPlanning Skill§!: §Y2§!\\n§CLogistics Skill§!: §Y1§!\\n\\n",
        "translation": "§R공격 기술§!: §Y2§!\\n§Y방어 기술§!: §Y2§!\\n§G계획 기술§!: §Y2§!\\n§C보급 기술§!: §Y1§!\\n\\n",
        "stage": 1,
        "context": null
    },
    {
        "key": "eckhardt_essen_stats_tp:0",
        "original": "§RAttack Skill§!: §Y1§!\\n§YDefense Skill§!: §Y2§!\\n§GPlanning Skill§!: §Y2§!\\n§CLogistics Skill§!: §Y1§!\\n\\n",
        "translation": "§R공격 기술§!: §Y1§!\\n§Y방어 기술§!: §Y2§!\\n§G계획 기술§!: §Y2§!\\n§C보급 기술§!: §Y1§!\\n\\n",
        "stage": 1,
        "context": null
    },
    {
        "key": "night_dasher_stats_tp:0",
        "original": "§RAttack Skill§!: §Y3§!\\n§YDefense Skill§!: §Y2§!\\n§GPlanning Skill§!: §Y3§!\\n§CLogistics Skill§!: §Y2§!\\n\\n",
        "translation": "§R공격 기술§!: §Y3§!\\n§Y방어 기술§!: §Y2§!\\n§G계획 기술§!: §Y3§!\\n§C보급 기술§!: §Y2§!\\n\\n",
        "stage": 1,
        "context": null
    },
    {
        "key": "silver_moon_stats_tp:0",
        "original": "§RAttack Skill§!: §Y2§!\\n§YDefense Skill§!: §Y2§!\\n§GPlanning Skill§!: §Y2§!\\n§CLogistics Skill§!: §Y3§!\\n\\n",
        "translation": "§R공격 기술§!: §Y2§!\\n§Y방어 기술§!: §Y2§!\\n§G계획 기술§!: §Y2§!\\n§C보급 기술§!: §Y3§!\\n\\n",
        "stage": 1,
        "context": null
    },
    {
        "key": "leopold_weinreich_stats_tp:0",
        "original": "§RAttack Skill§!: §Y4§!\\n§YDefense Skill§!: §Y3§!\\n§GPlanning Skill§!: §Y3§!\\n§CLogistics Skill§!: §Y3§!\\n\\n",
        "translation": "§R공격 기술§!: §Y4§!\\n§Y방어 기술§!: §Y3§!\\n§G계획 기술§!: §Y3§!\\n§C보급 기술§!: §Y3§!\\n\\n",
        "stage": 1,
        "context": null
    },
    {
        "key": "arclight_de_liny_stats_tp:0",
        "original": "§RAttack Skill§!: §Y2§!\\n§YDefense Skill§!: §Y4§!\\n§GPlanning Skill§!: §Y2§!\\n§CLogistics Skill§!: §Y3§!\\n\\n",
        "translation": "§R공격 기술§!: §Y2§!\\n§Y방어 기술§!: §Y4§!\\n§G계획 기술§!: §Y2§!\\n§C보급 기술§!: §Y3§!\\n\\n",
        "stage": 1,
        "context": null
    },
    {
        "key": "cloud_jet_stats_tp:0",
        "original": "§RAttack Skill§!: §Y4§!\\n§YDefense Skill§!: §Y2§!\\n§GPlanning Skill§!: §Y3§!\\n§CLogistics Skill§!: §Y2§!\\n\\n",
        "translation": "§R공격 기술§!: §Y4§!\\n§Y방어 기술§!: §Y2§!\\n§G계획 기술§!: §Y3§!\\n§C보급 기술§!: §Y2§!\\n\\n",
        "stage": 1,
        "context": null
    },
    {
        "key": "amethyst_rose_stats_tp:0",
        "original": "§RAttack Skill§!: §Y2§!\\n§YDefense Skill§!: §Y1§!\\n§GManeuvering Skill§!: §Y3§!\\n§CCoordination Skill§!: §Y2§!\\n\\n",
        "translation": "§R공격 기술§!: §Y2§!\\n§Y방어 기술§!: §Y1§!\\n§G이동 기술§!: §Y3§!\\n§C성협조 기술§!: §Y2§!\\n\\n",
        "stage": 1,
        "context": null
    },
    {
        "key": "cerconys_stats_tp:0",
        "original": "§RAttack Skill§!: §Y3§!\\n§YDefense Skill§!: §Y1§!\\n§GPlanning Skill§!: §Y2§!\\n§CLogistics Skill§!: §Y1§!\\n\\n",
        "translation": "§R공격 기술§!: §Y3§!\\n§Y방어 기술§!: §Y1§!\\n§G계획 기술§!: §Y2§!\\n§C보급 기술§!: §Y1§!\\n\\n",
        "stage": 1,
        "context": null
    },
    {
        "key": "aekold_helbrass_stats_tp:0",
        "original": "§RAttack Skill§!: §Y3§!\\n§YDefense Skill§!: §Y3§!\\n§GPlanning Skill§!: §Y3§!\\n§CLogistics Skill§!: §Y3§!\\n\\n",
        "translation": "§R공격 기술§!: §Y3§!\\n§Y방어 기술§!: §Y3§!\\n§G계획 기술§!: §Y3§!\\n§C보급 기술§!: §Y3§!\\n\\n",
        "stage": 1,
        "context": null
    },
    {
        "key": "alexander_kemerskai_jr_stats_tp:0",
        "original": "§RAttack Skill§!: §Y1§!\\n§YDefense Skill§!: §Y1§!\\n§GPlanning Skill§!: §Y2§!\\n§CLogistics Skill§!: §Y2§!\\n\\n",
        "translation": "§R공격 기술§!: §Y1§!\\n§Y방어 기술§!: §Y1§!\\n§G계획 기술§!: §Y2§!\\n§C보급 기술§!: §Y2§!\\n\\n",
        "stage": 1,
        "context": null
    },
    {
        "key": "allen_spark_stats_tp:0",
        "original": "§RAttack Skill§!: §Y2§!\\n§YDefense Skill§!: §Y2§!\\n§GPlanning Skill§!: §Y1§!\\n§CLogistics Skill§!: §Y3§!\\n\\n",
        "translation": "§R공격 기술§!: §Y2§!\\n§Y방어 기술§!: §Y2§!\\n§G계획 기술§!: §Y1§!\\n§C보급 기술§!: §Y3§!\\n\\n",
        "stage": 1,
        "context": null
    },
    {
        "key": "alphonsine_surfurtive_stats_tp:0",
        "original": "§RAttack Skill§!: §Y2§!\\n§YDefense Skill§!: §Y1§!\\n§GManeuvering Skill§!: §Y2§!\\n§CCoordination Skill§!: §Y2§!\\n\\n",
        "translation": "§R공격 기술§!: §Y2§!\\n§Y방어 기술§!: §Y1§!\\n§G이동 기술§!: §Y2§!\\n§C성협조 기술§!: §Y2§!\\n\\n",
        "stage": 1,
        "context": null
    },
    {
        "key": "ambrosius_stats_tp:0",
        "original": "§RAttack Skill§!: §Y1§!\\n§YDefense Skill§!: §Y1§!\\n§GPlanning Skill§!: §Y1§!\\n§CLogistics Skill§!: §Y1§!\\n\\n",
        "translation": "§R공격 기술§!: §Y1§!\\n§Y방어 기술§!: §Y1§!\\n§G계획 기술§!: §Y1§!\\n§C보급 기술§!: §Y1§!\\n\\n",
        "stage": 1,
        "context": null
    },
    {
        "key": "ambrosius_stats_tp_1:0",
        "original": "§RAttack Skill§!: §Y2§!\\n§YDefense Skill§!: §Y2§!\\n§GPlanning Skill§!: §Y1§!\\n§CLogistics Skill§!: §Y1§!\\n\\n",
        "translation": "§R공격 기술§!: §Y2§!\\n§Y방어 기술§!: §Y2§!\\n§G계획 기술§!: §Y1§!\\n§C보급 기술§!: §Y1§!\\n\\n",
        "stage": 1,
        "context": null
    },
    {
        "key": "ambrosius_stats_tp_2:0",
        "original": "§RAttack Skill§!: §Y3§!\\n§YDefense Skill§!: §Y2§!\\n§GPlanning Skill§!: §Y2§!\\n§CLogistics Skill§!: §Y2§!\\n\\n",
        "translation": "§R공격 기술§!: §Y3§!\\n§Y방어 기술§!: §Y2§!\\n§G계획 기술§!: §Y2§!\\n§C보급 기술§!: §Y2§!\\n\\n",
        "stage": 1,
        "context": null
    },
    {
        "key": "ambrosius_stats_tp_3:0",
        "original": "§RAttack Skill§!: §Y3§!\\n§YDefense Skill§!: §Y3§!\\n§GPlanning Skill§!: §Y3§!\\n§CLogistics Skill§!: §Y3§!\\n\\n",
        "translation": "§R공격 기술§!: §Y3§!\\n§Y방어 기술§!: §Y3§!\\n§G계획 기술§!: §Y3§!\\n§C보급 기술§!: §Y3§!\\n\\n",
        "stage": 1,
        "context": null
    },
    {
        "key": "ambrosius_stats_tp_4:0",
        "original": "§RAttack Skill§!: §Y4§!\\n§YDefense Skill§!: §Y3§!\\n§GPlanning Skill§!: §Y4§!\\n§CLogistics Skill§!: §Y3§!\\n\\n",
        "translation": "§R공격 기술§!: §Y4§!\\n§Y방어 기술§!: §Y3§!\\n§G계획 기술§!: §Y4§!\\n§C보급 기술§!: §Y3§!\\n\\n",
        "stage": 1,
        "context": null
    },
    {
        "key": "ambrosius_stats_tp_5:0",
        "original": "§RAttack Skill§!: §Y2§!\\n§YDefense Skill§!: §Y2§!\\n§GPlanning Skill§!: §Y4§!\\n§CLogistics Skill§!: §Y3§!\\n\\n",
        "translation": "§R공격 기술§!: §Y2§!\\n§Y방어 기술§!: §Y2§!\\n§G계획 기술§!: §Y4§!\\n§C보급 기술§!: §Y3§!\\n\\n",
        "stage": 1,
        "context": null
    },
    {
        "key": "anonfilly_stats_tp:0",
        "original": "§RAttack Skill§!: §Y1§!\\n§YDefense Skill§!: §Y1§!\\n§GPlanning Skill§!: §Y1§!\\n§CLogistics Skill§!: §Y1§!\\n\\n",
        "translation": "§R공격 기술§!: §Y1§!\\n§Y방어 기술§!: §Y1§!\\n§G계획 기술§!: §Y1§!\\n§C보급 기술§!: §Y1§!\\n\\n",
        "stage": 1,
        "context": null
    },
    {
        "key": "aphididae_stats_tp:0",
        "original": "§RAttack Skill§!: §Y2§!\\n§YDefense Skill§!: §Y2§!\\n§GPlanning Skill§!: §Y3§!\\n§CLogistics Skill§!: §Y1§!\\n\\n",
        "translation": "§R공격 기술§!: §Y2§!\\n§Y방어 기술§!: §Y2§!\\n§G계획 기술§!: §Y3§!\\n§C보급 기술§!: §Y1§!\\n\\n",
        "stage": 1,
        "context": null
    },
    {
        "key": "applejack_stats_tp:0",
        "original": "§RAttack Skill§!: §Y2§!\\n§YDefense Skill§!: §Y3§!\\n§GPlanning Skill§!: §Y2§!\\n§CLogistics Skill§!: §Y3§!\\n\\n",
        "translation": "§R공격 기술§!: §Y2§!\\n§Y방어 기술§!: §Y3§!\\n§G계획 기술§!: §Y2§!\\n§C보급 기술§!: §Y3§!\\n\\n",
        "stage": 1,
        "context": null
    },
    {
        "key": "archmage_river_run_stats_tp:0",
        "original": "§RAttack Skill§!: §Y2§!\\n§YDefense Skill§!: §Y3§!\\n§GPlanning Skill§!: §Y2§!\\n§CLogistics Skill§!: §Y1§!\\n\\n",
        "translation": "§R공격 기술§!: §Y2§!\\n§Y방어 기술§!: §Y3§!\\n§G계획 기술§!: §Y2§!\\n§C보급 기술§!: §Y1§!\\n\\n",
        "stage": 1,
        "context": null
    },
    {
        "key": "arista_stats_tp:0",
        "original": "§RAttack Skill§!: §Y2§!\\n§YDefense Skill§!: §Y2§!\\n§GPlanning Skill§!: §Y1§!\\n§CLogistics Skill§!: §Y3§!\\n\\n",
        "translation": "§R공격 기술§!: §Y2§!\\n§Y방어 기술§!: §Y2§!\\n§G계획 기술§!: §Y1§!\\n§C보급 기술§!: §Y3§!\\n\\n",
        "stage": 1,
        "context": null
    },
    {
        "key": "asinti_stats_tp:0",
        "original": "§RAttack Skill§!: §Y1§!\\n§YDefense Skill§!: §Y1§!\\n§GPlanning Skill§!: §Y1§!\\n§CLogistics Skill§!: §Y1§!\\n\\n",
        "translation": "§R공격 기술§!: §Y1§!\\n§Y방어 기술§!: §Y1§!\\n§G계획 기술§!: §Y1§!\\n§C보급 기술§!: §Y1§!\\n\\n",
        "stage": 1,
        "context": null
    },
    {
        "key": "asinti_stats_tp_1:0",
        "original": "§RAttack Skill§!: §Y2§!\\n§YDefense Skill§!: §Y2§!\\n§GPlanning Skill§!: §Y1§!\\n§CLogistics Skill§!: §Y1§!\\n\\n",
        "translation": "§R공격 기술§!: §Y2§!\\n§Y방어 기술§!: §Y2§!\\n§G계획 기술§!: §Y1§!\\n§C보급 기술§!: §Y1§!\\n\\n",
        "stage": 1,
        "context": null
    },
    {
        "key": "asinti_stats_tp_2:0",
        "original": "§RAttack Skill§!: §Y3§!\\n§YDefense Skill§!: §Y2§!\\n§GPlanning Skill§!: §Y2§!\\n§CLogistics Skill§!: §Y2§!\\n\\n",
        "translation": "§R공격 기술§!: §Y3§!\\n§Y방어 기술§!: §Y2§!\\n§G계획 기술§!: §Y2§!\\n§C보급 기술§!: §Y2§!\\n\\n",
        "stage": 1,
        "context": null
    },
    {
        "key": "asinti_stats_tp_3:0",
        "original": "§RAttack Skill§!: §Y3§!\\n§YDefense Skill§!: §Y3§!\\n§GPlanning Skill§!: §Y3§!\\n§CLogistics Skill§!: §Y3§!\\n\\n",
        "translation": "§R공격 기술§!: §Y3§!\\n§Y방어 기술§!: §Y3§!\\n§G계획 기술§!: §Y3§!\\n§C보급 기술§!: §Y3§!\\n\\n",
        "stage": 1,
        "context": null
    },
    {
        "key": "asinti_stats_tp_4:0",
        "original": "§RAttack Skill§!: §Y4§!\\n§YDefense Skill§!: §Y3§!\\n§GPlanning Skill§!: §Y4§!\\n§CLogistics Skill§!: §Y3§!\\n\\n",
        "translation": "§R공격 기술§!: §Y4§!\\n§Y방어 기술§!: §Y3§!\\n§G계획 기술§!: §Y4§!\\n§C보급 기술§!: §Y3§!\\n\\n",
        "stage": 1,
        "context": null
    },
    {
        "key": "asiolo_dai_ciuffi_stats_tp:0",
        "original": "§RAttack Skill§!: §Y1§!\\n§YDefense Skill§!: §Y1§!\\n§GManeuvering Skill§!: §Y1§!\\n§CCoordination Skill§!: §Y1§!\\n\\n",
        "translation": "§R공격 기술§!: §Y1§!\\n§Y방어 기술§!: §Y1§!\\n§G이동 기술§!: §Y1§!\\n§C성협조 기술§!: §Y1§!\\n\\n",
        "stage": 1,
        "context": null
    },
    {
        "key": "atom_stats_tp:0",
        "original": "§RAttack Skill§!: §Y1§!\\n§YDefense Skill§!: §Y1§!\\n§GPlanning Skill§!: §Y2§!\\n§CLogistics Skill§!: §Y2§!\\n\\n",
        "translation": "§R공격 기술§!: §Y1§!\\n§Y방어 기술§!: §Y1§!\\n§G계획 기술§!: §Y2§!\\n§C보급 기술§!: §Y2§!\\n\\n",
        "stage": 1,
        "context": null
    },
    {
        "key": "august_von_eisenstadt_stats_tp:0",
        "original": "§RAttack Skill§!: §Y3§!\\n§YDefense Skill§!: §Y2§!\\n§GPlanning Skill§!: §Y2§!\\n§CLogistics Skill§!: §Y2§!\\n\\n",
        "translation": "§R공격 기술§!: §Y3§!\\n§Y방어 기술§!: §Y2§!\\n§G계획 기술§!: §Y2§!\\n§C보급 기술§!: §Y2§!\\n\\n",
        "stage": 1,
        "context": null
    },
    {
        "key": "azazel_stats_tp:0",
        "original": "§RAttack Skill§!: §Y3§!\\n§YDefense Skill§!: §Y3§!\\n§GPlanning Skill§!: §Y3§!\\n§CLogistics Skill§!: §Y3§!\\n\\n",
        "translation": "§R공격 기술§!: §Y3§!\\n§Y방어 기술§!: §Y3§!\\n§G계획 기술§!: §Y3§!\\n§C보급 기술§!: §Y3§!\\n\\n",
        "stage": 1,
        "context": null
    },
    {
        "key": "barth_sievert_stats_tp:0",
        "original": "§RAttack Skill§!: §Y3§!\\n§YDefense Skill§!: §Y1§!\\n§GPlanning Skill§!: §Y1§!\\n§CLogistics Skill§!: §Y1§!\\n\\n",
        "translation": "§R공격 기술§!: §Y3§!\\n§Y방어 기술§!: §Y1§!\\n§G계획 기술§!: §Y1§!\\n§C보급 기술§!: §Y1§!\\n\\n",
        "stage": 1,
        "context": null
    },
    {
        "key": "bernard_hoofgonery_stats_tp:0",
        "original": "§RAttack Skill§!: §Y2§!\\n§YDefense Skill§!: §Y2§!\\n§GPlanning Skill§!: §Y3§!\\n§CLogistics Skill§!: §Y3§!\\n\\n",
        "translation": "§R공격 기술§!: §Y2§!\\n§Y방어 기술§!: §Y2§!\\n§G계획 기술§!: §Y3§!\\n§C보급 기술§!: §Y3§!\\n\\n",
        "stage": 1,
        "context": null
    },
    {
        "key": "bertrand_bordelyon_stats_tp:0",
        "original": "§RAttack Skill§!: §Y1§!\\n§YDefense Skill§!: §Y2§!\\n§GManeuvering Skill§!: §Y2§!\\n§CCoordination Skill§!: §Y2§!\\n\\n",
        "translation": "§R공격 기술§!: §Y1§!\\n§Y방어 기술§!: §Y2§!\\n§G이동 기술§!: §Y2§!\\n§C성협조 기술§!: §Y2§!\\n\\n",
        "stage": 1,
        "context": null
    },
    {
        "key": "big_macintosh_stats_tp:0",
        "original": "§RAttack Skill§!: §Y2§!\\n§YDefense Skill§!: §Y4§!\\n§GPlanning Skill§!: §Y1§!\\n§CLogistics Skill§!: §Y2§!\\n\\n",
        "translation": "§R공격 기술§!: §Y2§!\\n§Y방어 기술§!: §Y4§!\\n§G계획 기술§!: §Y1§!\\n§C보급 기술§!: §Y2§!\\n\\n",
        "stage": 1,
        "context": null
    },
    {
        "key": "bipen_stats_tp:0",
        "original": "§RAttack Skill§!: §Y2§!\\n§YDefense Skill§!: §Y2§!\\n§GPlanning Skill§!: §Y2§!\\n§CLogistics Skill§!: §Y2§!\\n\\n",
        "translation": "§R공격 기술§!: §Y2§!\\n§Y방어 기술§!: §Y2§!\\n§G계획 기술§!: §Y2§!\\n§C보급 기술§!: §Y2§!\\n\\n",
        "stage": 1,
        "context": null
    },
    {
        "key": "blackrock_espadarte_stats_tp:0",
        "original": "§RAttack Skill§!: §Y4§!\\n§YDefense Skill§!: §Y2§!\\n§GPlanning Skill§!: §Y1§!\\n§CLogistics Skill§!: §Y2§!\\n\\n",
        "translation": "§R공격 기술§!: §Y4§!\\n§Y방어 기술§!: §Y2§!\\n§G계획 기술§!: §Y1§!\\n§C보급 기술§!: §Y2§!\\n\\n",
        "stage": 1,
        "context": null
    },
    {
        "key": "bob_de_kop_stats_tp:0",
        "original": "§RAttack Skill§!: §Y1§!\\n§YDefense Skill§!: §Y2§!\\n§GPlanning Skill§!: §Y2§!\\n§CLogistics Skill§!: §Y1§!\\n\\n",
        "translation": "§R공격 기술§!: §Y1§!\\n§Y방어 기술§!: §Y2§!\\n§G계획 기술§!: §Y2§!\\n§C보급 기술§!: §Y1§!\\n\\n",
        "stage": 1,
        "context": null
    },
    {
        "key": "braeburn_stats_tp:0",
        "original": "§RAttack Skill§!: §Y2§!\\n§YDefense Skill§!: §Y2§!\\n§GPlanning Skill§!: §Y1§!\\n§CLogistics Skill§!: §Y2§!\\n\\n",
        "translation": "§R공격 기술§!: §Y2§!\\n§Y방어 기술§!: §Y2§!\\n§G계획 기술§!: §Y1§!\\n§C보급 기술§!: §Y2§!\\n\\n",
        "stage": 1,
        "context": null
    },
    {
        "key": "caltrop_deekay_stats_tp:0",
        "original": "§RAttack Skill§!: §Y4§!\\n§YDefense Skill§!: §Y2§!\\n§GPlanning Skill§!: §Y3§!\\n§CLogistics Skill§!: §Y2§!\\n\\n",
        "translation": "§R공격 기술§!: §Y4§!\\n§Y방어 기술§!: §Y2§!\\n§G계획 기술§!: §Y3§!\\n§C보급 기술§!: §Y2§!\\n\\n",
        "stage": 1,
        "context": null
    },
    {
        "key": "capsaicin_stats_tp:0",
        "original": "§RAttack Skill§!: §Y3§!\\n§YDefense Skill§!: §Y4§!\\n§GPlanning Skill§!: §Y2§!\\n§CLogistics Skill§!: §Y3§!\\n\\n",
        "translation": "§R공격 기술§!: §Y3§!\\n§Y방어 기술§!: §Y4§!\\n§G계획 기술§!: §Y2§!\\n§C보급 기술§!: §Y3§!\\n\\n",
        "stage": 1,
        "context": null
    },
    {
        "key": "cernysh_seskuv_stats_tp:0",
        "original": "§RAttack Skill§!: §Y3§!\\n§YDefense Skill§!: §Y1§!\\n§GPlanning Skill§!: §Y2§!\\n§CLogistics Skill§!: §Y1§!\\n\\n",
        "translation": "§R공격 기술§!: §Y3§!\\n§Y방어 기술§!: §Y1§!\\n§G계획 기술§!: §Y2§!\\n§C보급 기술§!: §Y1§!\\n\\n",
        "stage": 1,
        "context": null
    },
    {
        "key": "winter_dawn_stats_tp:0",
        "original": "§RAttack Skill§!: §Y3§!\\n§YDefense Skill§!: §Y1§!\\n§GPlanning Skill§!: §Y1§!\\n§CLogistics Skill§!: §Y2§!\\n\\n",
        "translation": "§R공격 기술§!: §Y3§!\\n§Y방어 기술§!: §Y1§!\\n§G계획 기술§!: §Y1§!\\n§C보급 기술§!: §Y2§!\\n\\n",
        "stage": 1,
        "context": null
    },
    {
        "key": "clemont_dentrad_stats_tp:0",
        "original": "§RAttack Skill§!: §Y2§!\\n§YDefense Skill§!: §Y1§!\\n§GPlanning Skill§!: §Y4§!\\n§CLogistics Skill§!: §Y1§!\\n\\n",
        "translation": "§R공격 기술§!: §Y2§!\\n§Y방어 기술§!: §Y1§!\\n§G계획 기술§!: §Y4§!\\n§C보급 기술§!: §Y1§!\\n\\n",
        "stage": 1,
        "context": null
    },
    {
        "key": "comet_trail_stats_tp:0",
        "original": "§RAttack Skill§!: §Y3§!\\n§YDefense Skill§!: §Y2§!\\n§GPlanning Skill§!: §Y1§!\\n§CLogistics Skill§!: §Y3§!\\n\\n",
        "translation": "§R공격 기술§!: §Y3§!\\n§Y방어 기술§!: §Y2§!\\n§G계획 기술§!: §Y1§!\\n§C보급 기술§!: §Y3§!\\n\\n",
        "stage": 1,
        "context": null
    },
    {
        "key": "comm_rush_stats_tp:0",
        "original": "§RAttack Skill§!: §Y4§!\\n§YDefense Skill§!: §Y2§!\\n§GPlanning Skill§!: §Y3§!\\n§CLogistics Skill§!: §Y3§!\\n\\n",
        "translation": "§R공격 기술§!: §Y4§!\\n§Y방어 기술§!: §Y2§!\\n§G계획 기술§!: §Y3§!\\n§C보급 기술§!: §Y3§!\\n\\n",
        "stage": 1,
        "context": null
    },
    {
        "key": "commander_hululu_stats_tp:0",
        "original": "§RAttack Skill§!: §Y2§!\\n§YDefense Skill§!: §Y2§!\\n§GPlanning Skill§!: §Y2§!\\n§CLogistics Skill§!: §Y3§!\\n\\n",
        "translation": "§R공격 기술§!: §Y2§!\\n§Y방어 기술§!: §Y2§!\\n§G계획 기술§!: §Y2§!\\n§C보급 기술§!: §Y3§!\\n\\n",
        "stage": 1,
        "context": null
    },
    {
        "key": "conrad_headwig_stats_tp:0",
        "original": "§RAttack Skill§!: §Y5§!\\n§YDefense Skill§!: §Y2§!\\n§GManeuvering Skill§!: §Y3§!\\n§CCoordination Skill§!: §Y2§!\\n\\n",
        "translation": "§R공격 기술§!: §Y5§!\\n§Y방어 기술§!: §Y2§!\\n§G이동 기술§!: §Y3§!\\n§C성협조 기술§!: §Y2§!\\n\\n",
        "stage": 1,
        "context": null
    },
    {
        "key": "copper_flanks_stats_tp:0",
        "original": "§RAttack Skill§!: §Y2§!\\n§YDefense Skill§!: §Y3§!\\n§GPlanning Skill§!: §Y1§!\\n§CLogistics Skill§!: §Y2§!\\n\\n",
        "translation": "§R공격 기술§!: §Y2§!\\n§Y방어 기술§!: §Y3§!\\n§G계획 기술§!: §Y1§!\\n§C보급 기술§!: §Y2§!\\n\\n",
        "stage": 1,
        "context": null
    },
    {
        "key": "cor_holveder_stats_tp:0",
        "original": "§RAttack Skill§!: §Y1§!\\n§YDefense Skill§!: §Y2§!\\n§GPlanning Skill§!: §Y2§!\\n§CLogistics Skill§!: §Y1§!\\n\\n",
        "translation": "§R공격 기술§!: §Y1§!\\n§Y방어 기술§!: §Y2§!\\n§G계획 기술§!: §Y2§!\\n§C보급 기술§!: §Y1§!\\n\\n",
        "stage": 1,
        "context": null
    },
    {
        "key": "cpt_gasienica_stats_tp:0",
        "original": "§RAttack Skill§!: §Y4§!\\n§YDefense Skill§!: §Y4§!\\n§GPlanning Skill§!: §Y4§!\\n§CLogistics Skill§!: §Y4§!\\n\\n",
        "translation": "§R공격 기술§!: §Y4§!\\n§Y방어 기술§!: §Y4§!\\n§G계획 기술§!: §Y4§!\\n§C보급 기술§!: §Y4§!\\n\\n",
        "stage": 1,
        "context": null
    },
    {
        "key": "cyprius_molch_stats_tp:0",
        "original": "§RAttack Skill§!: §Y1§!\\n§YDefense Skill§!: §Y1§!\\n§GManeuvering Skill§!: §Y3§!\\n§CCoordination Skill§!: §Y2§!\\n\\n",
        "translation": "§R공격 기술§!: §Y1§!\\n§Y방어 기술§!: §Y1§!\\n§G이동 기술§!: §Y3§!\\n§C성협조 기술§!: §Y2§!\\n\\n",
        "stage": 1,
        "context": null
    },
    {
        "key": "dalzollene_stats_tp:0",
        "original": "§RAttack Skill§!: §Y3§!\\n§YDefense Skill§!: §Y2§!\\n§GPlanning Skill§!: §Y2§!\\n§CLogistics Skill§!: §Y4§!\\n\\n",
        "translation": "§R공격 기술§!: §Y3§!\\n§Y방어 기술§!: §Y2§!\\n§G계획 기술§!: §Y2§!\\n§C보급 기술§!: §Y4§!\\n\\n",
        "stage": 1,
        "context": null
    },
    {
        "key": "daybreaker_stats_tp:0",
        "original": "§RAttack Skill§!: §Y6§!\\n§YDefense Skill§!: §Y5§!\\n§GPlanning Skill§!: §Y5§!\\n§CLogistics Skill§!: §Y5§!\\n\\n",
        "translation": "§R공격 기술§!: §Y6§!\\n§Y방어 기술§!: §Y5§!\\n§G계획 기술§!: §Y5§!\\n§C보급 기술§!: §Y5§!\\n\\n",
        "stage": 1,
        "context": null
    },
    {
        "key": "destroyer_of_every_world_possible_stats_tp:0",
        "original": "§RAttack Skill§!: §Y3§!\\n§YDefense Skill§!: §Y3§!\\n§GPlanning Skill§!: §Y3§!\\n§CLogistics Skill§!: §Y3§!\\n\\n",
        "translation": "§R공격 기술§!: §Y3§!\\n§Y방어 기술§!: §Y3§!\\n§G계획 기술§!: §Y3§!\\n§C보급 기술§!: §Y3§!\\n\\n",
        "stage": 1,
        "context": null
    },
    {
        "key": "don_espadarte_stats_tp:0",
        "original": "§RAttack Skill§!: §Y4§!\\n§YDefense Skill§!: §Y2§!\\n§GPlanning Skill§!: §Y2§!\\n§CLogistics Skill§!: §Y1§!\\n\\n",
        "translation": "§R공격 기술§!: §Y4§!\\n§Y방어 기술§!: §Y2§!\\n§G계획 기술§!: §Y2§!\\n§C보급 기술§!: §Y1§!\\n\\n",
        "stage": 1,
        "context": null
    },
    {
        "key": "dust_hoover_stats_tp:0",
        "original": "§RAttack Skill§!: §Y2§!\\n§YDefense Skill§!: §Y3§!\\n§GPlanning Skill§!: §Y2§!\\n§CLogistics Skill§!: §Y2§!\\n\\n",
        "translation": "§R공격 기술§!: §Y2§!\\n§Y방어 기술§!: §Y3§!\\n§G계획 기술§!: §Y2§!\\n§C보급 기술§!: §Y2§!\\n\\n",
        "stage": 1,
        "context": null
    },
    {
        "key": "elisia_geltz_stats_tp:0",
        "original": "§RAttack Skill§!: §Y3§!\\n§YDefense Skill§!: §Y3§!\\n§GPlanning Skill§!: §Y2§!\\n§CLogistics Skill§!: §Y2§!\\n\\n",
        "translation": "§R공격 기술§!: §Y3§!\\n§Y방어 기술§!: §Y3§!\\n§G계획 기술§!: §Y2§!\\n§C보급 기술§!: §Y2§!\\n\\n",
        "stage": 1,
        "context": null
    },
    {
        "key": "emma_goldgriff_stats_tp:0",
        "original": "§RAttack Skill§!: §Y1§!\\n§YDefense Skill§!: §Y1§!\\n§GPlanning Skill§!: §Y1§!\\n§CLogistics Skill§!: §Y3§!\\n\\n",
        "translation": "§R공격 기술§!: §Y1§!\\n§Y방어 기술§!: §Y1§!\\n§G계획 기술§!: §Y1§!\\n§C보급 기술§!: §Y3§!\\n\\n",
        "stage": 1,
        "context": null
    },
    {
        "key": "erik_schroener_stats_tp:0",
        "original": "§RAttack Skill§!: §Y1§!\\n§YDefense Skill§!: §Y2§!\\n§GPlanning Skill§!: §Y1§!\\n§CLogistics Skill§!: §Y2§!\\n\\n",
        "translation": "§R공격 기술§!: §Y1§!\\n§Y방어 기술§!: §Y2§!\\n§G계획 기술§!: §Y1§!\\n§C보급 기술§!: §Y2§!\\n\\n",
        "stage": 1,
        "context": null
    },
    {
        "key": "fireflight_stats_tp:0",
        "original": "§RAttack Skill§!: §Y3§!\\n§YDefense Skill§!: §Y1§!\\n§GPlanning Skill§!: §Y2§!\\n§CLogistics Skill§!: §Y2§!\\n\\n",
        "translation": "§R공격 기술§!: §Y3§!\\n§Y방어 기술§!: §Y1§!\\n§G계획 기술§!: §Y2§!\\n§C보급 기술§!: §Y2§!\\n\\n",
        "stage": 1,
        "context": null
    },
    {
        "key": "fizzlepop_berrytwist_stats_tp:0",
        "original": "§RAttack Skill§!: §Y4§!\\n§YDefense Skill§!: §Y2§!\\n§GPlanning Skill§!: §Y2§!\\n§CLogistics Skill§!: §Y1§!\\n\\n",
        "translation": "§R공격 기술§!: §Y4§!\\n§Y방어 기술§!: §Y2§!\\n§G계획 기술§!: §Y2§!\\n§C보급 기술§!: §Y1§!\\n\\n",
        "stage": 1,
        "context": null
    },
    {
        "key": "flawless_glow_stats_tp:0",
        "original": "§RAttack Skill§!: §Y1§!\\n§YDefense Skill§!: §Y1§!\\n§GPlanning Skill§!: §Y1§!\\n§CLogistics Skill§!: §Y1§!\\n\\n",
        "translation": "§R공격 기술§!: §Y1§!\\n§Y방어 기술§!: §Y1§!\\n§G계획 기술§!: §Y1§!\\n§C보급 기술§!: §Y1§!\\n\\n",
        "stage": 1,
        "context": null
    },
    {
        "key": "frenulum_stats_tp:0",
        "original": "§RAttack Skill§!: §Y2§!\\n§YDefense Skill§!: §Y1§!\\n§GPlanning Skill§!: §Y2§!\\n§CLogistics Skill§!: §Y3§!\\n\\n",
        "translation": "§R공격 기술§!: §Y2§!\\n§Y방어 기술§!: §Y1§!\\n§G계획 기술§!: §Y2§!\\n§C보급 기술§!: §Y3§!\\n\\n",
        "stage": 1,
        "context": null
    },
    {
        "key": "garran_of_leamhan_stats_tp:0",
        "original": "§RAttack Skill§!: §Y2§!\\n§YDefense Skill§!: §Y2§!\\n§GPlanning Skill§!: §Y1§!\\n§CLogistics Skill§!: §Y1§!\\n\\n",
        "translation": "§R공격 기술§!: §Y2§!\\n§Y방어 기술§!: §Y2§!\\n§G계획 기술§!: §Y1§!\\n§C보급 기술§!: §Y1§!\\n\\n",
        "stage": 1,
        "context": null
    },
    {
        "key": "gasienica_stats_tp:0",
        "original": "§RAttack Skill§!: §Y4§!\\n§YDefense Skill§!: §Y3§!\\n§GPlanning Skill§!: §Y2§!\\n§CLogistics Skill§!: §Y2§!\\n\\n",
        "translation": "§R공격 기술§!: §Y4§!\\n§Y방어 기술§!: §Y3§!\\n§G계획 기술§!: §Y2§!\\n§C보급 기술§!: §Y2§!\\n\\n",
        "stage": 1,
        "context": null
    },
    {
        "key": "gaston_briancheux_stats_tp:0",
        "original": "§RAttack Skill§!: §Y2§!\\n§YDefense Skill§!: §Y1§!\\n§GPlanning Skill§!: §Y1§!\\n§CLogistics Skill§!: §Y2§!\\n\\n",
        "translation": "§R공격 기술§!: §Y2§!\\n§Y방어 기술§!: §Y1§!\\n§G계획 기술§!: §Y1§!\\n§C보급 기술§!: §Y2§!\\n\\n",
        "stage": 1,
        "context": null
    },
    {
        "key": "gebleod_stats_tp:0",
        "original": "§RAttack Skill§!: §Y4§!\\n§YDefense Skill§!: §Y2§!\\n§GPlanning Skill§!: §Y2§!\\n§CLogistics Skill§!: §Y2§!\\n\\n",
        "translation": "§R공격 기술§!: §Y4§!\\n§Y방어 기술§!: §Y2§!\\n§G계획 기술§!: §Y2§!\\n§C보급 기술§!: §Y2§!\\n\\n",
        "stage": 1,
        "context": null
    },
    {
        "key": "genevieve_de_indigo_stats_tp:0",
        "original": "§RAttack Skill§!: §Y2§!\\n§YDefense Skill§!: §Y1§!\\n§GPlanning Skill§!: §Y3§!\\n§CLogistics Skill§!: §Y2§!\\n\\n",
        "translation": "§R공격 기술§!: §Y2§!\\n§Y방어 기술§!: §Y1§!\\n§G계획 기술§!: §Y3§!\\n§C보급 기술§!: §Y2§!\\n\\n",
        "stage": 1,
        "context": null
    },
    {
        "key": "gerhard_bluhm_stats_tp:0",
        "original": "§RAttack Skill§!: §Y3§!\\n§YDefense Skill§!: §Y3§!\\n§GPlanning Skill§!: §Y3§!\\n§CLogistics Skill§!: §Y3§!\\n\\n",
        "translation": "§R공격 기술§!: §Y3§!\\n§Y방어 기술§!: §Y3§!\\n§G계획 기술§!: §Y3§!\\n§C보급 기술§!: §Y3§!\\n\\n",
        "stage": 1,
        "context": null
    },
    {
        "key": "grand_inquisitor_sunrise_sparkle_stats_tp:0",
        "original": "§RAttack Skill§!: §Y3§!\\n§YDefense Skill§!: §Y3§!\\n§GPlanning Skill§!: §Y6§!\\n§CLogistics Skill§!: §Y5§!\\n\\n",
        "translation": "§R공격 기술§!: §Y3§!\\n§Y방어 기술§!: §Y3§!\\n§G계획 기술§!: §Y6§!\\n§C보급 기술§!: §Y5§!\\n\\n",
        "stage": 1,
        "context": null
    },
    {
        "key": "gris_dargent_stats_tp:0",
        "original": "§RAttack Skill§!: §Y3§!\\n§YDefense Skill§!: §Y1§!\\n§GPlanning Skill§!: §Y2§!\\n§CLogistics Skill§!: §Y1§!\\n\\n",
        "translation": "§R공격 기술§!: §Y3§!\\n§Y방어 기술§!: §Y1§!\\n§G계획 기술§!: §Y2§!\\n§C보급 기술§!: §Y1§!\\n\\n",
        "stage": 1,
        "context": null
    },
    {
        "key": "gris_de_argent_stats_tp:0",
        "original": "§RAttack Skill§!: §Y3§!\\n§YDefense Skill§!: §Y1§!\\n§GPlanning Skill§!: §Y2§!\\n§CLogistics Skill§!: §Y1§!\\n\\n",
        "translation": "§R공격 기술§!: §Y3§!\\n§Y방어 기술§!: §Y1§!\\n§G계획 기술§!: §Y2§!\\n§C보급 기술§!: §Y1§!\\n\\n",
        "stage": 1,
        "context": null
    },
    {
        "key": "grover_ii_stats_tp:0",
        "original": "§RAttack Skill§!: §Y1§!\\n§YDefense Skill§!: §Y1§!\\n§GPlanning Skill§!: §Y1§!\\n§CLogistics Skill§!: §Y1§!\\n\\n",
        "translation": "§R공격 기술§!: §Y1§!\\n§Y방어 기술§!: §Y1§!\\n§G계획 기술§!: §Y1§!\\n§C보급 기술§!: §Y1§!\\n\\n",
        "stage": 1,
        "context": null
    },
    {
        "key": "hasek_stats_tp:0",
        "original": "§RAttack Skill§!: §Y1§!\\n§YDefense Skill§!: §Y1§!\\n§GPlanning Skill§!: §Y1§!\\n§CLogistics Skill§!: §Y1§!\\n\\n",
        "translation": "§R공격 기술§!: §Y1§!\\n§Y방어 기술§!: §Y1§!\\n§G계획 기술§!: §Y1§!\\n§C보급 기술§!: §Y1§!\\n\\n",
        "stage": 1,
        "context": null
    },
    {
        "key": "heinrich_duskfeather_stats_tp:0",
        "original": "§RAttack Skill§!: §Y3§!\\n§YDefense Skill§!: §Y3§!\\n§GPlanning Skill§!: §Y3§!\\n§CLogistics Skill§!: §Y3§!\\n\\n",
        "translation": "§R공격 기술§!: §Y3§!\\n§Y방어 기술§!: §Y3§!\\n§G계획 기술§!: §Y3§!\\n§C보급 기술§!: §Y3§!\\n\\n",
        "stage": 1,
        "context": null
    },
    {
        "key": "hell_van_moltke_stats_tp:0",
        "original": "§RAttack Skill§!: §Y2§!\\n§YDefense Skill§!: §Y3§!\\n§GPlanning Skill§!: §Y2§!\\n§CLogistics Skill§!: §Y1§!\\n\\n",
        "translation": "§R공격 기술§!: §Y2§!\\n§Y방어 기술§!: §Y3§!\\n§G계획 기술§!: §Y2§!\\n§C보급 기술§!: §Y1§!\\n\\n",
        "stage": 1,
        "context": null
    },
    {
        "key": "iron_hooves_stats_tp:0",
        "original": "§RAttack Skill§!: §Y2§!\\n§YDefense Skill§!: §Y1§!\\n§GPlanning Skill§!: §Y3§!\\n§CLogistics Skill§!: §Y2§!\\n\\n",
        "translation": "§R공격 기술§!: §Y2§!\\n§Y방어 기술§!: §Y1§!\\n§G계획 기술§!: §Y3§!\\n§C보급 기술§!: §Y2§!\\n\\n",
        "stage": 1,
        "context": null
    },
    {
        "key": "iron_reed_stats_tp:0",
        "original": "§RAttack Skill§!: §Y1§!\\n§YDefense Skill§!: §Y2§!\\n§GPlanning Skill§!: §Y2§!\\n§CLogistics Skill§!: §Y2§!\\n\\n",
        "translation": "§R공격 기술§!: §Y1§!\\n§Y방어 기술§!: §Y2§!\\n§G계획 기술§!: §Y2§!\\n§C보급 기술§!: §Y2§!\\n\\n",
        "stage": 1,
        "context": null
    },
    {
        "key": "iron_will_stats_tp:0",
        "original": "§RAttack Skill§!: §Y2§!\\n§YDefense Skill§!: §Y1§!\\n§GPlanning Skill§!: §Y2§!\\n§CLogistics Skill§!: §Y2§!\\n\\n",
        "translation": "§R공격 기술§!: §Y2§!\\n§Y방어 기술§!: §Y1§!\\n§G계획 기술§!: §Y2§!\\n§C보급 기술§!: §Y2§!\\n\\n",
        "stage": 1,
        "context": null
    },
    {
        "key": "ironside_vandergallop_stats_tp:0",
        "original": "§RAttack Skill§!: §Y4§!\\n§YDefense Skill§!: §Y2§!\\n§GPlanning Skill§!: §Y2§!\\n§CLogistics Skill§!: §Y2§!\\n\\n",
        "translation": "§R공격 기술§!: §Y4§!\\n§Y방어 기술§!: §Y2§!\\n§G계획 기술§!: §Y2§!\\n§C보급 기술§!: §Y2§!\\n\\n",
        "stage": 1,
        "context": null
    },
    {
        "key": "jan_brazowy_stats_tp:0",
        "original": "§RAttack Skill§!: §Y3§!\\n§YDefense Skill§!: §Y2§!\\n§GPlanning Skill§!: §Y1§!\\n§CLogistics Skill§!: §Y1§!\\n\\n",
        "translation": "§R공격 기술§!: §Y3§!\\n§Y방어 기술§!: §Y2§!\\n§G계획 기술§!: §Y1§!\\n§C보급 기술§!: §Y1§!\\n\\n",
        "stage": 1,
        "context": null
    },
    {
        "key": "jaspis_bialoryb_stats_tp:0",
        "original": "§RAttack Skill§!: §Y3§!\\n§YDefense Skill§!: §Y4§!\\n§GPlanning Skill§!: §Y3§!\\n§CLogistics Skill§!: §Y3§!\\n\\n",
        "translation": "§R공격 기술§!: §Y3§!\\n§Y방어 기술§!: §Y4§!\\n§G계획 기술§!: §Y3§!\\n§C보급 기술§!: §Y3§!\\n\\n",
        "stage": 1,
        "context": null
    },
    {
        "key": "jaune_dor_stats_tp:0",
        "original": "§RAttack Skill§!: §Y1§!\\n§YDefense Skill§!: §Y3§!\\n§GPlanning Skill§!: §Y1§!\\n§CLogistics Skill§!: §Y2§!\\n\\n",
        "translation": "§R공격 기술§!: §Y1§!\\n§Y방어 기술§!: §Y3§!\\n§G계획 기술§!: §Y1§!\\n§C보급 기술§!: §Y2§!\\n\\n",
        "stage": 1,
        "context": null
    },
    {
        "key": "jerzy_janosik_stats_tp:0",
        "original": "§RAttack Skill§!: §Y3§!\\n§YDefense Skill§!: §Y4§!\\n§GPlanning Skill§!: §Y4§!\\n§CLogistics Skill§!: §Y4§!\\n\\n",
        "translation": "§R공격 기술§!: §Y3§!\\n§Y방어 기술§!: §Y4§!\\n§G계획 기술§!: §Y4§!\\n§C보급 기술§!: §Y4§!\\n\\n",
        "stage": 1,
        "context": null
    },
    {
        "key": "joachim_the_shark_stats_tp:0",
        "original": "§RAttack Skill§!: §Y3§!\\n§YDefense Skill§!: §Y1§!\\n§GPlanning Skill§!: §Y2§!\\n§CLogistics Skill§!: §Y1§!\\n\\n",
        "translation": "§R공격 기술§!: §Y3§!\\n§Y방어 기술§!: §Y1§!\\n§G계획 기술§!: §Y2§!\\n§C보급 기술§!: §Y1§!\\n\\n",
        "stage": 1,
        "context": null
    },
    {
        "key": "jorge_orellana_stats_tp:0",
        "original": "§RAttack Skill§!: §Y1§!\\n§YDefense Skill§!: §Y2§!\\n§GPlanning Skill§!: §Y1§!\\n§CLogistics Skill§!: §Y3§!\\n\\n",
        "translation": "§R공격 기술§!: §Y1§!\\n§Y방어 기술§!: §Y2§!\\n§G계획 기술§!: §Y1§!\\n§C보급 기술§!: §Y3§!\\n\\n",
        "stage": 1,
        "context": null
    },
    {
        "key": "jose_pico_stats_tp:0",
        "original": "§RAttack Skill§!: §Y2§!\\n§YDefense Skill§!: §Y2§!\\n§GPlanning Skill§!: §Y1§!\\n§CLogistics Skill§!: §Y1§!\\n\\n",
        "translation": "§R공격 기술§!: §Y2§!\\n§Y방어 기술§!: §Y2§!\\n§G계획 기술§!: §Y1§!\\n§C보급 기술§!: §Y1§!\\n\\n",
        "stage": 1,
        "context": null
    },
    {
        "key": "karl_spaniel_stats_tp:0",
        "original": "§RAttack Skill§!: §Y2§!\\n§YDefense Skill§!: §Y3§!\\n§GManeuvering Skill§!: §Y2§!\\n§CCoordination Skill§!: §Y3§!\\n\\n",
        "translation": "§R공격 기술§!: §Y2§!\\n§Y방어 기술§!: §Y3§!\\n§G이동 기술§!: §Y2§!\\n§C성협조 기술§!: §Y3§!\\n\\n",
        "stage": 1,
        "context": null
    },
    {
        "key": "khan_koletiv_stats_tp:0",
        "original": "§RAttack Skill§!: §Y2§!\\n§YDefense Skill§!: §Y4§!\\n§GPlanning Skill§!: §Y1§!\\n§CLogistics Skill§!: §Y2§!\\n\\n",
        "translation": "§R공격 기술§!: §Y2§!\\n§Y방어 기술§!: §Y4§!\\n§G계획 기술§!: §Y1§!\\n§C보급 기술§!: §Y2§!\\n\\n",
        "stage": 1,
        "context": null
    },
    {
        "key": "ksen_autumn_stats_tp:0",
        "original": "§RAttack Skill§!: §Y2§!\\n§YDefense Skill§!: §Y3§!\\n§GPlanning Skill§!: §Y2§!\\n§CLogistics Skill§!: §Y2§!\\n\\n",
        "translation": "§R공격 기술§!: §Y2§!\\n§Y방어 기술§!: §Y3§!\\n§G계획 기술§!: §Y2§!\\n§C보급 기술§!: §Y2§!\\n\\n",
        "stage": 1,
        "context": null
    },
    {
        "key": "lady_katrina_avian_stats_tp:0",
        "original": "§RAttack Skill§!: §Y1§!\\n§YDefense Skill§!: §Y1§!\\n§GPlanning Skill§!: §Y3§!\\n§CLogistics Skill§!: §Y2§!\\n\\n",
        "translation": "§R공격 기술§!: §Y1§!\\n§Y방어 기술§!: §Y1§!\\n§G계획 기술§!: §Y3§!\\n§C보급 기술§!: §Y2§!\\n\\n",
        "stage": 1,
        "context": null
    },
    {
        "key": "lassie_goldcoat_stats_tp:0",
        "original": "§RAttack Skill§!: §Y3§!\\n§YDefense Skill§!: §Y2§!\\n§GPlanning Skill§!: §Y1§!\\n§CLogistics Skill§!: §Y1§!\\n\\n",
        "translation": "§R공격 기술§!: §Y3§!\\n§Y방어 기술§!: §Y2§!\\n§G계획 기술§!: §Y1§!\\n§C보급 기술§!: §Y1§!\\n\\n",
        "stage": 1,
        "context": null
    },
    {
        "key": "laurent_the_old_stats_tp:0",
        "original": "§RAttack Skill§!: §Y1§!\\n§YDefense Skill§!: §Y1§!\\n§GPlanning Skill§!: §Y1§!\\n§CLogistics Skill§!: §Y1§!\\n\\n",
        "translation": "§R공격 기술§!: §Y1§!\\n§Y방어 기술§!: §Y1§!\\n§G계획 기술§!: §Y1§!\\n§C보급 기술§!: §Y1§!\\n\\n",
        "stage": 1,
        "context": null
    },
    {
        "key": "leila_ordona_stats_tp:0",
        "original": "§RAttack Skill§!: §Y2§!\\n§YDefense Skill§!: §Y2§!\\n§GPlanning Skill§!: §Y1§!\\n§CLogistics Skill§!: §Y1§!\\n\\n",
        "translation": "§R공격 기술§!: §Y2§!\\n§Y방어 기술§!: §Y2§!\\n§G계획 기술§!: §Y1§!\\n§C보급 기술§!: §Y1§!\\n\\n",
        "stage": 1,
        "context": null
    },
    {
        "key": "leopold_schmeller_stats_tp:0",
        "original": "§RAttack Skill§!: §Y1§!\\n§YDefense Skill§!: §Y1§!\\n§GPlanning Skill§!: §Y1§!\\n§CLogistics Skill§!: §Y1§!\\n\\n",
        "translation": "§R공격 기술§!: §Y1§!\\n§Y방어 기술§!: §Y1§!\\n§G계획 기술§!: §Y1§!\\n§C보급 기술§!: §Y1§!\\n\\n",
        "stage": 1,
        "context": null
    },
    {
        "key": "leopold_schmeller_stats_tp_1:0",
        "original": "§RAttack Skill§!: §Y2§!\\n§YDefense Skill§!: §Y2§!\\n§GPlanning Skill§!: §Y1§!\\n§CLogistics Skill§!: §Y1§!\\n\\n",
        "translation": "§R공격 기술§!: §Y2§!\\n§Y방어 기술§!: §Y2§!\\n§G계획 기술§!: §Y1§!\\n§C보급 기술§!: §Y1§!\\n\\n",
        "stage": 1,
        "context": null
    },
    {
        "key": "leopold_schmeller_stats_tp_2:0",
        "original": "§RAttack Skill§!: §Y3§!\\n§YDefense Skill§!: §Y2§!\\n§GPlanning Skill§!: §Y2§!\\n§CLogistics Skill§!: §Y2§!\\n\\n",
        "translation": "§R공격 기술§!: §Y3§!\\n§Y방어 기술§!: §Y2§!\\n§G계획 기술§!: §Y2§!\\n§C보급 기술§!: §Y2§!\\n\\n",
        "stage": 1,
        "context": null
    },
    {
        "key": "leopold_schmeller_stats_tp_3:0",
        "original": "§RAttack Skill§!: §Y3§!\\n§YDefense Skill§!: §Y3§!\\n§GPlanning Skill§!: §Y3§!\\n§CLogistics Skill§!: §Y3§!\\n\\n",
        "translation": "§R공격 기술§!: §Y3§!\\n§Y방어 기술§!: §Y3§!\\n§G계획 기술§!: §Y3§!\\n§C보급 기술§!: §Y3§!\\n\\n",
        "stage": 1,
        "context": null
    },
    {
        "key": "leopold_schmeller_stats_tp_4:0",
        "original": "§RAttack Skill§!: §Y4§!\\n§YDefense Skill§!: §Y3§!\\n§GPlanning Skill§!: §Y4§!\\n§CLogistics Skill§!: §Y3§!\\n\\n",
        "translation": "§R공격 기술§!: §Y4§!\\n§Y방어 기술§!: §Y3§!\\n§G계획 기술§!: §Y4§!\\n§C보급 기술§!: §Y3§!\\n\\n",
        "stage": 1,
        "context": null
    },
    {
        "key": "lorenz_hassler_stats_tp:0",
        "original": "§RAttack Skill§!: §Y2§!\\n§YDefense Skill§!: §Y2§!\\n§GPlanning Skill§!: §Y4§!\\n§CLogistics Skill§!: §Y2§!\\n\\n",
        "translation": "§R공격 기술§!: §Y2§!\\n§Y방어 기술§!: §Y2§!\\n§G계획 기술§!: §Y4§!\\n§C보급 기술§!: §Y2§!\\n\\n",
        "stage": 1,
        "context": null
    },
    {
        "key": "marius_hurricane_stats_tp:0",
        "original": "§RAttack Skill§!: §Y2§!\\n§YDefense Skill§!: §Y2§!\\n§GPlanning Skill§!: §Y2§!\\n§CLogistics Skill§!: §Y1§!\\n\\n",
        "translation": "§R공격 기술§!: §Y2§!\\n§Y방어 기술§!: §Y2§!\\n§G계획 기술§!: §Y2§!\\n§C보급 기술§!: §Y1§!\\n\\n",
        "stage": 1,
        "context": null
    },
    {
        "key": "maud_pie_stats_tp:0",
        "original": "§RAttack Skill§!: §Y1§!\\n§YDefense Skill§!: §Y4§!\\n§GPlanning Skill§!: §Y1§!\\n§CLogistics Skill§!: §Y3§!\\n\\n",
        "translation": "§R공격 기술§!: §Y1§!\\n§Y방어 기술§!: §Y4§!\\n§G계획 기술§!: §Y1§!\\n§C보급 기술§!: §Y3§!\\n\\n",
        "stage": 1,
        "context": null
    },
    {
        "key": "massimo_nachahmen_stats_tp:0",
        "original": "§RAttack Skill§!: §Y2§!\\n§YDefense Skill§!: §Y1§!\\n§GPlanning Skill§!: §Y1§!\\n§CLogistics Skill§!: §Y1§!\\n\\n",
        "translation": "§R공격 기술§!: §Y2§!\\n§Y방어 기술§!: §Y1§!\\n§G계획 기술§!: §Y1§!\\n§C보급 기술§!: §Y1§!\\n\\n",
        "stage": 1,
        "context": null
    },
    {
        "key": "melinda_rotkreuz_stats_tp:0",
        "original": "§RAttack Skill§!: §Y3§!\\n§YDefense Skill§!: §Y1§!\\n§GPlanning Skill§!: §Y2§!\\n§CLogistics Skill§!: §Y1§!\\n\\n",
        "translation": "§R공격 기술§!: §Y3§!\\n§Y방어 기술§!: §Y1§!\\n§G계획 기술§!: §Y2§!\\n§C보급 기술§!: §Y1§!\\n\\n",
        "stage": 1,
        "context": null
    },
    {
        "key": "midnight_oil_stats_tp:0",
        "original": "§RAttack Skill§!: §Y3§!\\n§YDefense Skill§!: §Y2§!\\n§GPlanning Skill§!: §Y1§!\\n§CLogistics Skill§!: §Y2§!\\n\\n",
        "translation": "§R공격 기술§!: §Y3§!\\n§Y방어 기술§!: §Y2§!\\n§G계획 기술§!: §Y1§!\\n§C보급 기술§!: §Y2§!\\n\\n",
        "stage": 1,
        "context": null
    },
    {
        "key": "midnight_oil_stats_tp_1:0",
        "original": "§RAttack Skill§!: §Y3§!\\n§YDefense Skill§!: §Y3§!\\n§GPlanning Skill§!: §Y1§!\\n§CLogistics Skill§!: §Y2§!\\n\\n",
        "translation": "§R공격 기술§!: §Y3§!\\n§Y방어 기술§!: §Y3§!\\n§G계획 기술§!: §Y1§!\\n§C보급 기술§!: §Y2§!\\n\\n",
        "stage": 1,
        "context": null
    },
    {
        "key": "midwinter_halo_stats_tp:0",
        "original": "§RAttack Skill§!: §Y3§!\\n§YDefense Skill§!: §Y2§!\\n§GPlanning Skill§!: §Y4§!\\n§CLogistics Skill§!: §Y3§!\\n\\n",
        "translation": "§R공격 기술§!: §Y3§!\\n§Y방어 기술§!: §Y2§!\\n§G계획 기술§!: §Y4§!\\n§C보급 기술§!: §Y3§!\\n\\n",
        "stage": 1,
        "context": null
    },
    {
        "key": "mikhail_beakunin_stats_tp:0",
        "original": "§RAttack Skill§!: §Y2§!\\n§YDefense Skill§!: §Y3§!\\n§GPlanning Skill§!: §Y2§!\\n§CLogistics Skill§!: §Y2§!\\n\\n",
        "translation": "§R공격 기술§!: §Y2§!\\n§Y방어 기술§!: §Y3§!\\n§G계획 기술§!: §Y2§!\\n§C보급 기술§!: §Y2§!\\n\\n",
        "stage": 1,
        "context": null
    },
    {
        "key": "mister_doodets_stats_tp:0",
        "original": "§RAttack Skill§!: §Y1§!\\n§YDefense Skill§!: §Y2§!\\n§GPlanning Skill§!: §Y1§!\\n§CLogistics Skill§!: §Y3§!\\n\\n",
        "translation": "§R공격 기술§!: §Y1§!\\n§Y방어 기술§!: §Y2§!\\n§G계획 기술§!: §Y1§!\\n§C보급 기술§!: §Y3§!\\n\\n",
        "stage": 1,
        "context": null
    },
    {
        "key": "mysteria_stats_tp:0",
        "original": "§RAttack Skill§!: §Y2§!\\n§YDefense Skill§!: §Y1§!\\n§GPlanning Skill§!: §Y1§!\\n§CLogistics Skill§!: §Y3§!\\n\\n",
        "translation": "§R공격 기술§!: §Y2§!\\n§Y방어 기술§!: §Y1§!\\n§G계획 기술§!: §Y1§!\\n§C보급 기술§!: §Y3§!\\n\\n",
        "stage": 1,
        "context": null
    },
    {
        "key": "nova_whirl_stats_tp:0",
        "original": "§RAttack Skill§!: §Y1§!\\n§YDefense Skill§!: §Y1§!\\n§GPlanning Skill§!: §Y3§!\\n§CLogistics Skill§!: §Y2§!\\n\\n",
        "translation": "§R공격 기술§!: §Y1§!\\n§Y방어 기술§!: §Y1§!\\n§G계획 기술§!: §Y3§!\\n§C보급 기술§!: §Y2§!\\n\\n",
        "stage": 1,
        "context": null
    },
    {
        "key": "oleander_stats_tp:0",
        "original": "§RAttack Skill§!: §Y3§!\\n§YDefense Skill§!: §Y3§!\\n§GPlanning Skill§!: §Y2§!\\n§CLogistics Skill§!: §Y2§!\\n\\n",
        "translation": "§R공격 기술§!: §Y3§!\\n§Y방어 기술§!: §Y3§!\\n§G계획 기술§!: §Y2§!\\n§C보급 기술§!: §Y2§!\\n\\n",
        "stage": 1,
        "context": null
    },
    {
        "key": "oli_equites_stats_tp:0",
        "original": "§RAttack Skill§!: §Y1§!\\n§YDefense Skill§!: §Y2§!\\n§GPlanning Skill§!: §Y3§!\\n§CLogistics Skill§!: §Y2§!\\n\\n",
        "translation": "§R공격 기술§!: §Y1§!\\n§Y방어 기술§!: §Y2§!\\n§G계획 기술§!: §Y3§!\\n§C보급 기술§!: §Y2§!\\n\\n",
        "stage": 1,
        "context": null
    },
    {
        "key": "orion_star_stats_tp:0",
        "original": "§RAttack Skill§!: §Y2§!\\n§YDefense Skill§!: §Y2§!\\n§GPlanning Skill§!: §Y1§!\\n§CLogistics Skill§!: §Y1§!\\n\\n",
        "translation": "§R공격 기술§!: §Y2§!\\n§Y방어 기술§!: §Y2§!\\n§G계획 기술§!: §Y1§!\\n§C보급 기술§!: §Y1§!\\n\\n",
        "stage": 1,
        "context": null
    },
    {
        "key": "otto_von_bridlemark_stats_tp:0",
        "original": "§RAttack Skill§!: §Y2§!\\n§YDefense Skill§!: §Y1§!\\n§GPlanning Skill§!: §Y2§!\\n§CLogistics Skill§!: §Y2§!\\n\\n",
        "translation": "§R공격 기술§!: §Y2§!\\n§Y방어 기술§!: §Y1§!\\n§G계획 기술§!: §Y2§!\\n§C보급 기술§!: §Y2§!\\n\\n",
        "stage": 1,
        "context": null
    },
    {
        "key": "petr_pulitorov_stats_tp:0",
        "original": "§RAttack Skill§!: §Y2§!\\n§YDefense Skill§!: §Y1§!\\n§GPlanning Skill§!: §Y2§!\\n§CLogistics Skill§!: §Y3§!\\n\\n",
        "translation": "§R공격 기술§!: §Y2§!\\n§Y방어 기술§!: §Y1§!\\n§G계획 기술§!: §Y2§!\\n§C보급 기술§!: §Y3§!\\n\\n",
        "stage": 1,
        "context": null
    },
    {
        "key": "phalax_stats_tp:0",
        "original": "§RAttack Skill§!: §Y2§!\\n§YDefense Skill§!: §Y4§!\\n§GPlanning Skill§!: §Y1§!\\n§CLogistics Skill§!: §Y2§!\\n\\n",
        "translation": "§R공격 기술§!: §Y2§!\\n§Y방어 기술§!: §Y4§!\\n§G계획 기술§!: §Y1§!\\n§C보급 기술§!: §Y2§!\\n\\n",
        "stage": 1,
        "context": null
    },
    {
        "key": "pierre_ponehon_stats_tp:0",
        "original": "§RAttack Skill§!: §Y3§!\\n§YDefense Skill§!: §Y2§!\\n§GPlanning Skill§!: §Y2§!\\n§CLogistics Skill§!: §Y1§!\\n\\n",
        "translation": "§R공격 기술§!: §Y3§!\\n§Y방어 기술§!: §Y2§!\\n§G계획 기술§!: §Y2§!\\n§C보급 기술§!: §Y1§!\\n\\n",
        "stage": 1,
        "context": null
    },
    {
        "key": "pinkamena_diana_pie_stats_tp:0",
        "original": "§RAttack Skill§!: §Y3§!\\n§YDefense Skill§!: §Y4§!\\n§GPlanning Skill§!: §Y3§!\\n§CLogistics Skill§!: §Y3§!\\n\\n",
        "translation": "§R공격 기술§!: §Y3§!\\n§Y방어 기술§!: §Y4§!\\n§G계획 기술§!: §Y3§!\\n§C보급 기술§!: §Y3§!\\n\\n",
        "stage": 1,
        "context": null
    },
    {
        "key": "pinkamena_diana_pie_stats_tp_1:0",
        "original": "§RAttack Skill§!: §Y3§!\\n§YDefense Skill§!: §Y4§!\\n§GPlanning Skill§!: §Y2§!\\n§CLogistics Skill§!: §Y3§!\\n\\n",
        "translation": "§R공격 기술§!: §Y3§!\\n§Y방어 기술§!: §Y4§!\\n§G계획 기술§!: §Y2§!\\n§C보급 기술§!: §Y3§!\\n\\n",
        "stage": 1,
        "context": null
    },
    {
        "key": "prince_bradford_stats_tp:0",
        "original": "§RAttack Skill§!: §Y3§!\\n§YDefense Skill§!: §Y2§!\\n§GPlanning Skill§!: §Y2§!\\n§CLogistics Skill§!: §Y1§!\\n\\n",
        "translation": "§R공격 기술§!: §Y3§!\\n§Y방어 기술§!: §Y2§!\\n§G계획 기술§!: §Y2§!\\n§C보급 기술§!: §Y1§!\\n\\n",
        "stage": 1,
        "context": null
    },
    {
        "key": "prince_fallen_stats_tp:0",
        "original": "§RAttack Skill§!: §Y1§!\\n§YDefense Skill§!: §Y3§!\\n§GPlanning Skill§!: §Y1§!\\n§CLogistics Skill§!: §Y2§!\\n\\n",
        "translation": "§R공격 기술§!: §Y1§!\\n§Y방어 기술§!: §Y3§!\\n§G계획 기술§!: §Y1§!\\n§C보급 기술§!: §Y2§!\\n\\n",
        "stage": 1,
        "context": null
    },
    {
        "key": "princess_luna_stats_tp:0",
        "original": "§RAttack Skill§!: §Y3§!\\n§YDefense Skill§!: §Y3§!\\n§GPlanning Skill§!: §Y2§!\\n§CLogistics Skill§!: §Y1§!\\n\\n",
        "translation": "§R공격 기술§!: §Y3§!\\n§Y방어 기술§!: §Y3§!\\n§G계획 기술§!: §Y2§!\\n§C보급 기술§!: §Y1§!\\n\\n",
        "stage": 1,
        "context": null
    },
    {
        "key": "princess_skoldsvard_the_corrupted_stats_tp:0",
        "original": "§RAttack Skill§!: §Y1§!\\n§YDefense Skill§!: §Y1§!\\n§GPlanning Skill§!: §Y1§!\\n§CLogistics Skill§!: §Y1§!\\n\\n",
        "translation": "§R공격 기술§!: §Y1§!\\n§Y방어 기술§!: §Y1§!\\n§G계획 기술§!: §Y1§!\\n§C보급 기술§!: §Y1§!\\n\\n",
        "stage": 1,
        "context": null
    },
    {
        "key": "princess_skoldsvard_the_pragmatist_stats_tp:0",
        "original": "§RAttack Skill§!: §Y1§!\\n§YDefense Skill§!: §Y1§!\\n§GPlanning Skill§!: §Y1§!\\n§CLogistics Skill§!: §Y1§!\\n\\n",
        "translation": "§R공격 기술§!: §Y1§!\\n§Y방어 기술§!: §Y1§!\\n§G계획 기술§!: §Y1§!\\n§C보급 기술§!: §Y1§!\\n\\n",
        "stage": 1,
        "context": null
    },
    {
        "key": "princess_skoldsvard_the_righteous_stats_tp:0",
        "original": "§RAttack Skill§!: §Y1§!\\n§YDefense Skill§!: §Y1§!\\n§GPlanning Skill§!: §Y1§!\\n§CLogistics Skill§!: §Y1§!\\n\\n",
        "translation": "§R공격 기술§!: §Y1§!\\n§Y방어 기술§!: §Y1§!\\n§G계획 기술§!: §Y1§!\\n§C보급 기술§!: §Y1§!\\n\\n",
        "stage": 1,
        "context": null
    },
    {
        "key": "reinhard_monchel_stats_tp:0",
        "original": "§RAttack Skill§!: §Y1§!\\n§YDefense Skill§!: §Y2§!\\n§GPlanning Skill§!: §Y2§!\\n§CLogistics Skill§!: §Y2§!\\n\\n",
        "translation": "§R공격 기술§!: §Y1§!\\n§Y방어 기술§!: §Y2§!\\n§G계획 기술§!: §Y2§!\\n§C보급 기술§!: §Y2§!\\n\\n",
        "stage": 1,
        "context": null
    },
    {
        "key": "rosa_maledicta_stats_tp:0",
        "original": "§RAttack Skill§!: §Y5§!\\n§YDefense Skill§!: §Y2§!\\n§GPlanning Skill§!: §Y3§!\\n§CLogistics Skill§!: §Y2§!\\n\\n",
        "translation": "§R공격 기술§!: §Y5§!\\n§Y방어 기술§!: §Y2§!\\n§G계획 기술§!: §Y3§!\\n§C보급 기술§!: §Y2§!\\n\\n",
        "stage": 1,
        "context": null
    },
    {
        "key": "rudiger_von_alonza_stats_tp:0",
        "original": "§RAttack Skill§!: §Y2§!\\n§YDefense Skill§!: §Y2§!\\n§GPlanning Skill§!: §Y2§!\\n§CLogistics Skill§!: §Y1§!\\n\\n",
        "translation": "§R공격 기술§!: §Y2§!\\n§Y방어 기술§!: §Y2§!\\n§G계획 기술§!: §Y2§!\\n§C보급 기술§!: §Y1§!\\n\\n",
        "stage": 1,
        "context": null
    },
    {
        "key": "sclerite_stats_tp:0",
        "original": "§RAttack Skill§!: §Y1§!\\n§YDefense Skill§!: §Y2§!\\n§GPlanning Skill§!: §Y2§!\\n§CLogistics Skill§!: §Y3§!\\n\\n",
        "translation": "§R공격 기술§!: §Y1§!\\n§Y방어 기술§!: §Y2§!\\n§G계획 기술§!: §Y2§!\\n§C보급 기술§!: §Y3§!\\n\\n",
        "stage": 1,
        "context": null
    },
    {
        "key": "selenite_stats_tp:0",
        "original": "§RAttack Skill§!: §Y2§!\\n§YDefense Skill§!: §Y3§!\\n§GPlanning Skill§!: §Y1§!\\n§CLogistics Skill§!: §Y1§!\\n\\n",
        "translation": "§R공격 기술§!: §Y2§!\\n§Y방어 기술§!: §Y3§!\\n§G계획 기술§!: §Y1§!\\n§C보급 기술§!: §Y1§!\\n\\n",
        "stage": 1,
        "context": null
    },
    {
        "key": "sergeant_reckless_stats_tp:0",
        "original": "§RAttack Skill§!: §Y2§!\\n§YDefense Skill§!: §Y3§!\\n§GPlanning Skill§!: §Y2§!\\n§CLogistics Skill§!: §Y2§!\\n\\n",
        "translation": "§R공격 기술§!: §Y2§!\\n§Y방어 기술§!: §Y3§!\\n§G계획 기술§!: §Y2§!\\n§C보급 기술§!: §Y2§!\\n\\n",
        "stage": 1,
        "context": null
    },
    {
        "key": "shrieking_banshee_stats_tp:0",
        "original": "§RAttack Skill§!: §Y2§!\\n§YDefense Skill§!: §Y1§!\\n§GPlanning Skill§!: §Y1§!\\n§CLogistics Skill§!: §Y3§!\\n\\n",
        "translation": "§R공격 기술§!: §Y2§!\\n§Y방어 기술§!: §Y1§!\\n§G계획 기술§!: §Y1§!\\n§C보급 기술§!: §Y3§!\\n\\n",
        "stage": 1,
        "context": null
    },
    {
        "key": "snow_puff_stats_tp:0",
        "original": "§RAttack Skill§!: §Y3§!\\n§YDefense Skill§!: §Y1§!\\n§GPlanning Skill§!: §Y1§!\\n§CLogistics Skill§!: §Y3§!\\n\\n",
        "translation": "§R공격 기술§!: §Y3§!\\n§Y방어 기술§!: §Y1§!\\n§G계획 기술§!: §Y1§!\\n§C보급 기술§!: §Y3§!\\n\\n",
        "stage": 1,
        "context": null
    },
    {
        "key": "spirit_fire_stats_tp:0",
        "original": "§RAttack Skill§!: §Y1§!\\n§YDefense Skill§!: §Y3§!\\n§GPlanning Skill§!: §Y2§!\\n§CLogistics Skill§!: §Y2§!\\n\\n",
        "translation": "§R공격 기술§!: §Y1§!\\n§Y방어 기술§!: §Y3§!\\n§G계획 기술§!: §Y2§!\\n§C보급 기술§!: §Y2§!\\n\\n",
        "stage": 1,
        "context": null
    },
    {
        "key": "sqeeky_hooves_stats_tp:0",
        "original": "§RAttack Skill§!: §Y4§!\\n§YDefense Skill§!: §Y2§!\\n§GPlanning Skill§!: §Y3§!\\n§CLogistics Skill§!: §Y3§!\\n\\n",
        "translation": "§R공격 기술§!: §Y4§!\\n§Y방어 기술§!: §Y2§!\\n§G계획 기술§!: §Y3§!\\n§C보급 기술§!: §Y3§!\\n\\n",
        "stage": 1,
        "context": null
    },
    {
        "key": "stormchaser_stats_tp:0",
        "original": "§RAttack Skill§!: §Y2§!\\n§YDefense Skill§!: §Y4§!\\n§GPlanning Skill§!: §Y3§!\\n§CLogistics Skill§!: §Y1§!\\n\\n",
        "translation": "§R공격 기술§!: §Y2§!\\n§Y방어 기술§!: §Y4§!\\n§G계획 기술§!: §Y3§!\\n§C보급 기술§!: §Y1§!\\n\\n",
        "stage": 1,
        "context": null
    },
    {
        "key": "storno_toco_stats_tp:0",
        "original": "§RAttack Skill§!: §Y1§!\\n§YDefense Skill§!: §Y1§!\\n§GManeuvering Skill§!: §Y1§!\\n§CCoordination Skill§!: §Y1§!\\n\\n",
        "translation": "§R공격 기술§!: §Y1§!\\n§Y방어 기술§!: §Y1§!\\n§G이동 기술§!: §Y1§!\\n§C성협조 기술§!: §Y1§!\\n\\n",
        "stage": 1,
        "context": null
    },
    {
        "key": "sun_marble_stats_tp:0",
        "original": "§RAttack Skill§!: §Y2§!\\n§YDefense Skill§!: §Y2§!\\n§GPlanning Skill§!: §Y2§!\\n§CLogistics Skill§!: §Y3§!\\n\\n",
        "translation": "§R공격 기술§!: §Y2§!\\n§Y방어 기술§!: §Y2§!\\n§G계획 기술§!: §Y2§!\\n§C보급 기술§!: §Y3§!\\n\\n",
        "stage": 1,
        "context": null
    },
    {
        "key": "sunrise_moonshadow_stats_tp:0",
        "original": "§RAttack Skill§!: §Y2§!\\n§YDefense Skill§!: §Y2§!\\n§GPlanning Skill§!: §Y2§!\\n§CLogistics Skill§!: §Y3§!\\n\\n",
        "translation": "§R공격 기술§!: §Y2§!\\n§Y방어 기술§!: §Y2§!\\n§G계획 기술§!: §Y2§!\\n§C보급 기술§!: §Y3§!\\n\\n",
        "stage": 1,
        "context": null
    },
    {
        "key": "sunset_shimmer_stats_tp:0",
        "original": "§RAttack Skill§!: §Y4§!\\n§YDefense Skill§!: §Y3§!\\n§GPlanning Skill§!: §Y4§!\\n§CLogistics Skill§!: §Y3§!\\n\\n",
        "translation": "§R공격 기술§!: §Y4§!\\n§Y방어 기술§!: §Y3§!\\n§G계획 기술§!: §Y4§!\\n§C보급 기술§!: §Y3§!\\n\\n",
        "stage": 1,
        "context": null
    },
    {
        "key": "shining_star_pak_stats_tp:0",
        "original": "§RAttack Skill§!: §Y3§!\\n§YDefense Skill§!: §Y3§!\\n§GPlanning Skill§!: §Y1§!\\n§CLogistics Skill§!: §Y1§!\\n\\n",
        "translation": "§R공격 기술§!: §Y3§!\\n§Y방어 기술§!: §Y3§!\\n§G계획 기술§!: §Y1§!\\n§C보급 기술§!: §Y1§!\\n\\n",
        "stage": 1,
        "context": null
    },
    {
        "key": "aurora_shinespark_stats_tp:0",
        "original": "§RAttack Skill§!: §Y4§!\\n§YDefense Skill§!: §Y1§!\\n§GPlanning Skill§!: §Y2§!\\n§CLogistics Skill§!: §Y2§!\\n\\n",
        "translation": "§R공격 기술§!: §Y4§!\\n§Y방어 기술§!: §Y1§!\\n§G계획 기술§!: §Y2§!\\n§C보급 기술§!: §Y2§!\\n\\n",
        "stage": 1,
        "context": null
    },
    {
        "key": "scroup_whitemares_stats_tp:0",
        "original": "§RAttack Skill§!: §Y1§!\\n§YDefense Skill§!: §Y3§!\\n§GPlanning Skill§!: §Y2§!\\n§CLogistics Skill§!: §Y3§!\\n\\n",
        "translation": "§R공격 기술§!: §Y1§!\\n§Y방어 기술§!: §Y3§!\\n§G계획 기술§!: §Y2§!\\n§C보급 기술§!: §Y3§!\\n\\n",
        "stage": 1,
        "context": null
    },
    {
        "key": "suzanne_carminclaire_stats_tp:0",
        "original": "§RAttack Skill§!: §Y2§!\\n§YDefense Skill§!: §Y2§!\\n§GPlanning Skill§!: §Y2§!\\n§CLogistics Skill§!: §Y1§!\\n\\n",
        "translation": "§R공격 기술§!: §Y2§!\\n§Y방어 기술§!: §Y2§!\\n§G계획 기술§!: §Y2§!\\n§C보급 기술§!: §Y1§!\\n\\n",
        "stage": 1,
        "context": null
    },
    {
        "key": "swift_wing_stats_tp:0",
        "original": "§RAttack Skill§!: §Y3§!\\n§YDefense Skill§!: §Y1§!\\n§GPlanning Skill§!: §Y1§!\\n§CLogistics Skill§!: §Y2§!\\n\\n",
        "translation": "§R공격 기술§!: §Y3§!\\n§Y방어 기술§!: §Y1§!\\n§G계획 기술§!: §Y1§!\\n§C보급 기술§!: §Y2§!\\n\\n",
        "stage": 1,
        "context": null
    },
    {
        "key": "tempest_wind_stats_tp:0",
        "original": "§RAttack Skill§!: §Y3§!\\n§YDefense Skill§!: §Y2§!\\n§GPlanning Skill§!: §Y3§!\\n§CLogistics Skill§!: §Y3§!\\n\\n",
        "translation": "§R공격 기술§!: §Y3§!\\n§Y방어 기술§!: §Y2§!\\n§G계획 기술§!: §Y3§!\\n§C보급 기술§!: §Y3§!\\n\\n",
        "stage": 1,
        "context": null
    },
    {
        "key": "teodorico_aponte_stats_tp:0",
        "original": "§RAttack Skill§!: §Y1§!\\n§YDefense Skill§!: §Y1§!\\n§GPlanning Skill§!: §Y3§!\\n§CLogistics Skill§!: §Y3§!\\n\\n",
        "translation": "§R공격 기술§!: §Y1§!\\n§Y방어 기술§!: §Y1§!\\n§G계획 기술§!: §Y3§!\\n§C보급 기술§!: §Y3§!\\n\\n",
        "stage": 1,
        "context": null
    },
    {
        "key": "theodore_verany_stats_tp:0",
        "original": "§RAttack Skill§!: §Y3§!\\n§YDefense Skill§!: §Y3§!\\n§GPlanning Skill§!: §Y1§!\\n§CLogistics Skill§!: §Y2§!\\n\\n",
        "translation": "§R공격 기술§!: §Y3§!\\n§Y방어 기술§!: §Y3§!\\n§G계획 기술§!: §Y1§!\\n§C보급 기술§!: §Y2§!\\n\\n",
        "stage": 1,
        "context": null
    },
    {
        "key": "thunderbolt_sentinel_stats_tp:0",
        "original": "§RAttack Skill§!: §Y2§!\\n§YDefense Skill§!: §Y3§!\\n§GPlanning Skill§!: §Y2§!\\n§CLogistics Skill§!: §Y2§!\\n\\n",
        "translation": "§R공격 기술§!: §Y2§!\\n§Y방어 기술§!: §Y3§!\\n§G계획 기술§!: §Y2§!\\n§C보급 기술§!: §Y2§!\\n\\n",
        "stage": 1,
        "context": null
    },
    {
        "key": "tsezguerra_stats_tp:0",
        "original": "§RAttack Skill§!: §Y1§!\\n§YDefense Skill§!: §Y4§!\\n§GPlanning Skill§!: §Y1§!\\n§CLogistics Skill§!: §Y2§!\\n\\n",
        "translation": "§R공격 기술§!: §Y1§!\\n§Y방어 기술§!: §Y4§!\\n§G계획 기술§!: §Y1§!\\n§C보급 기술§!: §Y2§!\\n\\n",
        "stage": 1,
        "context": null
    },
    {
        "key": "turbine_whirl_stats_tp:0",
        "original": "§RAttack Skill§!: §Y2§!\\n§YDefense Skill§!: §Y2§!\\n§GPlanning Skill§!: §Y4§!\\n§CLogistics Skill§!: §Y4§!\\n\\n",
        "translation": "§R공격 기술§!: §Y2§!\\n§Y방어 기술§!: §Y2§!\\n§G계획 기술§!: §Y4§!\\n§C보급 기술§!: §Y4§!\\n\\n",
        "stage": 1,
        "context": null
    },
    {
        "key": "tymbal_stats_tp:0",
        "original": "§RAttack Skill§!: §Y2§!\\n§YDefense Skill§!: §Y2§!\\n§GPlanning Skill§!: §Y3§!\\n§CLogistics Skill§!: §Y1§!\\n\\n",
        "translation": "§R공격 기술§!: §Y2§!\\n§Y방어 기술§!: §Y2§!\\n§G계획 기술§!: §Y3§!\\n§C보급 기술§!: §Y1§!\\n\\n",
        "stage": 1,
        "context": null
    },
    {
        "key": "viira_lehtola_stats_tp:0",
        "original": "§RAttack Skill§!: §Y1§!\\n§YDefense Skill§!: §Y1§!\\n§GPlanning Skill§!: §Y1§!\\n§CLogistics Skill§!: §Y1§!\\n\\n",
        "translation": "§R공격 기술§!: §Y1§!\\n§Y방어 기술§!: §Y1§!\\n§G계획 기술§!: §Y1§!\\n§C보급 기술§!: §Y1§!\\n\\n",
        "stage": 1,
        "context": null
    },
    {
        "key": "viira_lehtola_stats_tp_1:0",
        "original": "§RAttack Skill§!: §Y2§!\\n§YDefense Skill§!: §Y2§!\\n§GPlanning Skill§!: §Y1§!\\n§CLogistics Skill§!: §Y1§!\\n\\n",
        "translation": "§R공격 기술§!: §Y2§!\\n§Y방어 기술§!: §Y2§!\\n§G계획 기술§!: §Y1§!\\n§C보급 기술§!: §Y1§!\\n\\n",
        "stage": 1,
        "context": null
    },
    {
        "key": "viira_lehtola_stats_tp_2:0",
        "original": "§RAttack Skill§!: §Y3§!\\n§YDefense Skill§!: §Y2§!\\n§GPlanning Skill§!: §Y2§!\\n§CLogistics Skill§!: §Y2§!\\n\\n",
        "translation": "§R공격 기술§!: §Y3§!\\n§Y방어 기술§!: §Y2§!\\n§G계획 기술§!: §Y2§!\\n§C보급 기술§!: §Y2§!\\n\\n",
        "stage": 1,
        "context": null
    },
    {
        "key": "viira_lehtola_stats_tp_3:0",
        "original": "§RAttack Skill§!: §Y3§!\\n§YDefense Skill§!: §Y3§!\\n§GPlanning Skill§!: §Y3§!\\n§CLogistics Skill§!: §Y3§!\\n\\n",
        "translation": "§R공격 기술§!: §Y3§!\\n§Y방어 기술§!: §Y3§!\\n§G계획 기술§!: §Y3§!\\n§C보급 기술§!: §Y3§!\\n\\n",
        "stage": 1,
        "context": null
    },
    {
        "key": "viira_lehtola_stats_tp_4:0",
        "original": "§RAttack Skill§!: §Y4§!\\n§YDefense Skill§!: §Y3§!\\n§GPlanning Skill§!: §Y4§!\\n§CLogistics Skill§!: §Y3§!\\n\\n",
        "translation": "§R공격 기술§!: §Y4§!\\n§Y방어 기술§!: §Y3§!\\n§G계획 기술§!: §Y4§!\\n§C보급 기술§!: §Y3§!\\n\\n",
        "stage": 1,
        "context": null
    },
    {
        "key": "vikar_stats_tp:0",
        "original": "§RAttack Skill§!: §Y2§!\\n§YDefense Skill§!: §Y1§!\\n§GPlanning Skill§!: §Y2§!\\n§CLogistics Skill§!: §Y2§!\\n\\n",
        "translation": "§R공격 기술§!: §Y2§!\\n§Y방어 기술§!: §Y1§!\\n§G계획 기술§!: §Y2§!\\n§C보급 기술§!: §Y2§!\\n\\n",
        "stage": 1,
        "context": null
    },
    {
        "key": "viridula_stats_tp:0",
        "original": "§RAttack Skill§!: §Y2§!\\n§YDefense Skill§!: §Y1§!\\n§GPlanning Skill§!: §Y2§!\\n§CLogistics Skill§!: §Y2§!\\n\\n",
        "translation": "§R공격 기술§!: §Y2§!\\n§Y방어 기술§!: §Y1§!\\n§G계획 기술§!: §Y2§!\\n§C보급 기술§!: §Y2§!\\n\\n",
        "stage": 1,
        "context": null
    },
    {
        "key": "wigberht_stats_tp:0",
        "original": "§RAttack Skill§!: §Y2§!\\n§YDefense Skill§!: §Y2§!\\n§GPlanning Skill§!: §Y2§!\\n§CLogistics Skill§!: §Y3§!\\n\\n",
        "translation": "§R공격 기술§!: §Y2§!\\n§Y방어 기술§!: §Y2§!\\n§G계획 기술§!: §Y2§!\\n§C보급 기술§!: §Y3§!\\n\\n",
        "stage": 1,
        "context": null
    },
    {
        "key": "wild_strikes_stats_tp:0",
        "original": "§RAttack Skill§!: §Y1§!\\n§YDefense Skill§!: §Y3§!\\n§GPlanning Skill§!: §Y3§!\\n§CLogistics Skill§!: §Y1§!\\n\\n",
        "translation": "§R공격 기술§!: §Y1§!\\n§Y방어 기술§!: §Y3§!\\n§G계획 기술§!: §Y3§!\\n§C보급 기술§!: §Y1§!\\n\\n",
        "stage": 1,
        "context": null
    },
    {
        "key": "wilfried_pasvogel_stats_tp:0",
        "original": "§RAttack Skill§!: §Y2§!\\n§YDefense Skill§!: §Y3§!\\n§GPlanning Skill§!: §Y1§!\\n§CLogistics Skill§!: §Y2§!\\n\\n",
        "translation": "§R공격 기술§!: §Y2§!\\n§Y방어 기술§!: §Y3§!\\n§G계획 기술§!: §Y1§!\\n§C보급 기술§!: §Y2§!\\n\\n",
        "stage": 1,
        "context": null
    },
    {
        "key": "willem_holveder_stats_tp:0",
        "original": "§RAttack Skill§!: §Y2§!\\n§YDefense Skill§!: §Y3§!\\n§GPlanning Skill§!: §Y1§!\\n§CLogistics Skill§!: §Y2§!\\n\\n",
        "translation": "§R공격 기술§!: §Y2§!\\n§Y방어 기술§!: §Y3§!\\n§G계획 기술§!: §Y1§!\\n§C보급 기술§!: §Y2§!\\n\\n",
        "stage": 1,
        "context": null
    },
    {
        "key": "willie_scherler_stats_tp:0",
        "original": "§RAttack Skill§!: §Y2§!\\n§YDefense Skill§!: §Y3§!\\n§GPlanning Skill§!: §Y3§!\\n§CLogistics Skill§!: §Y1§!\\n\\n",
        "translation": "§R공격 기술§!: §Y2§!\\n§Y방어 기술§!: §Y3§!\\n§G계획 기술§!: §Y3§!\\n§C보급 기술§!: §Y1§!\\n\\n",
        "stage": 1,
        "context": null
    },
    {
        "key": "wuffles_saltspire_stats_tp:0",
        "original": "§RAttack Skill§!: §Y3§!\\n§YDefense Skill§!: §Y2§!\\n§GManeuvering Skill§!: §Y3§!\\n§CCoordination Skill§!: §Y2§!\\n\\n",
        "translation": "§R공격 기술§!: §Y3§!\\n§Y방어 기술§!: §Y2§!\\n§G이동 기술§!: §Y3§!\\n§C성협조 기술§!: §Y2§!\\n\\n",
        "stage": 1,
        "context": null
    },
    {
        "key": "yuria_lovett_stats_tp:0",
        "original": "§RAttack Skill§!: §Y4§!\\n§YDefense Skill§!: §Y1§!\\n§GPlanning Skill§!: §Y1§!\\n§CLogistics Skill§!: §Y2§!\\n\\n",
        "translation": "§R공격 기술§!: §Y4§!\\n§Y방어 기술§!: §Y1§!\\n§G계획 기술§!: §Y1§!\\n§C보급 기술§!: §Y2§!\\n\\n",
        "stage": 1,
        "context": null
    }
]